"Antimicrobial";"Bacterium";"M0.002";"M0.004";"M0.008";"M0.016";"M0.032";"M0.064";"M0.125";"M0.25";"M0.5";"M1";"M2";"M4";"M8";"M16";"M32";"M64";"M128";"M256";"M512";"ECOFF";"Distributions";"Observations"
"Amikacin";"Acinetobacter anitratus";0;0;0;0;0;0;0;0;4;31;61;44;17;13;16;0;0;0;0;8;2;186
"Amikacin";"Acinetobacter baumannii";0;0;0;0;0;0;0;3;49;306;754;556;233;149;165;40;33;86;0;8;27;2374
"Amikacin";"Acinetobacter calcoaceticus";0;0;0;0;0;0;0;0;5;26;55;41;18;16;10;0;0;0;0;8;1;171
"Amikacin";"Acinetobacter lwoffii";0;0;0;0;0;0;0;0;74;87;45;25;13;6;9;0;0;0;0;8;1;259
"Amikacin";"Citrobacter freundii";0;0;0;0;0;0;0;1;27;347;573;132;34;22;19;2;0;0;0;8;4;1157
"Amikacin";"Citrobacter koseri";0;0;0;0;0;0;0;0;66;234;158;25;5;0;2;0;0;0;0;8;2;490
"Amikacin";"Enterobacter amnigenus";0;0;0;0;0;0;0;0;1;10;7;3;0;0;0;0;0;0;0;;1;21
"Amikacin";"Enterobacter asburiae";0;0;0;0;0;0;0;0;0;6;10;5;0;3;0;0;0;0;0;;1;24
"Amikacin";"Enterobacter cancerogenus";0;0;0;0;0;0;0;0;0;5;2;0;0;0;0;0;0;0;0;;1;7
"Amikacin";"Enterobacter cloacae";0;0;0;0;0;0;0;1;81;1807;2919;426;146;182;85;10;0;0;0;8;4;5657
"Amikacin";"Enterobacter gergoviae";0;0;0;0;0;0;0;0;2;8;8;0;0;3;0;0;0;0;0;;1;21
"Amikacin";"Enterobacter hormaechei";0;0;0;0;0;0;0;0;0;1;5;0;0;1;0;0;0;0;0;;1;7
"Amikacin";"Enterobacter intermedium";0;0;0;0;0;0;0;0;1;4;3;1;0;0;0;0;0;0;0;;1;9
"Amikacin";"Enterobacter sakazakii";0;0;0;0;0;0;0;0;0;19;27;2;2;2;0;0;0;0;0;;1;52
"Amikacin";"Escherichia coli";0;0;0;2;1;1;8;46;329;4726;15724;6350;1138;196;60;37;4;5;45;8;22;28672
"Amikacin";"Haemophilus influenzae";0;0;0;0;0;0;0;0;5;7;184;670;830;98;5;0;0;0;0;16;2;1799
"Amikacin";"Klebsiella aerogenes";0;0;0;0;0;0;0;0;23;391;943;270;112;58;35;4;0;1;0;8;4;1837
"Amikacin";"Klebsiella oxytoca";0;0;0;0;0;0;0;0;53;1003;1063;283;51;29;6;4;0;0;0;8;4;2492
"Amikacin";"Klebsiella pneumoniae";0;0;0;0;0;0;0;8;328;5067;4077;450;352;576;75;17;5;13;77;8;5;11045
"Amikacin";"Klebsiella spp";0;0;0;0;0;0;9;15;25;159;90;4;0;1;0;0;0;0;0;;3;303
"Amikacin";"Lactobacillus reuteri";0;0;0;0;0;0;0;0;0;0;0;1;8;24;14;2;0;0;0;;1;49
"Amikacin";"Lactobacillus spp";0;0;0;0;0;0;0;0;0;0;0;1;8;24;14;2;0;0;0;;1;49
"Amikacin";"Morganella morganii";0;0;0;0;0;0;0;6;26;111;107;41;17;3;0;3;0;0;0;8;4;314
"Amikacin";"Mycobacterium abscessus";0;0;0;0;0;0;0;0;0;1;2;20;84;56;22;10;9;0;0;;4;204
"Amikacin";"Mycobacterium avium";0;0;0;0;0;0;0;0;0;4;3;50;227;429;131;23;3;0;0;;4;870
"Amikacin";"Mycobacterium intracellulare";0;0;0;0;0;0;0;0;0;11;17;48;83;95;45;9;1;0;0;;4;309
"Amikacin";"Mycobacterium tuberculosis 7H9";0;0;0;0;0;0;189;416;1485;1641;269;135;29;38;412;0;0;0;0;;3;4614
"Amikacin";"Proteus mirabilis";0;0;0;0;0;0;0;8;51;380;1335;1522;557;123;22;5;1;3;0;8;7;4007
"Amikacin";"Proteus spp";0;0;0;0;0;0;1;8;27;29;6;1;0;0;0;0;0;0;0;8;2;72
"Amikacin";"Proteus vulgaris";0;0;0;0;0;0;0;7;28;82;84;38;11;0;0;1;0;0;0;8;3;251
"Amikacin";"Providencia stuartii";0;0;0;0;0;0;0;0;1;2;6;1;0;0;0;0;0;0;0;;2;10
"Amikacin";"Pseudomonas aeruginosa";0;0;0;0;0;0;0;93;369;963;5440;6280;2974;997;104;152;19;5;0;16;13;17396
"Amikacin";"Salmonella spp";0;0;0;0;0;0;0;1;3;8;20;4;1;0;0;0;0;0;0;;1;37
"Amikacin";"Serratia liquefaciens";0;0;0;0;0;0;0;0;0;3;7;5;3;0;0;0;0;0;0;;1;18
"Amikacin";"Serratia marcescens";0;0;0;0;0;0;0;3;5;82;328;150;64;34;21;7;1;2;22;8;7;719
"Amikacin";"Serratia spp";0;0;0;0;0;0;0;0;1;7;11;2;0;2;1;0;0;0;0;;1;24
"Amikacin";"Staphylococcus aureus";0;0;2;0;1;0;0;37;101;349;1873;2666;943;322;83;64;3;2;0;8;18;6446
"Amikacin";"Staphylococcus capitis";0;0;0;0;0;0;0;39;59;35;6;5;6;0;1;2;0;0;0;;2;153
"Amikacin";"Staphylococcus coagulase negative";0;0;0;0;0;0;0;8;102;57;26;29;51;20;7;46;0;0;0;;1;346
"Amikacin";"Staphylococcus epidermidis";0;0;0;0;0;0;0;40;320;508;294;185;192;132;77;279;1;1;0;;5;2029
"Amikacin";"Staphylococcus haemolyticus";0;0;0;0;0;0;0;17;23;25;67;62;111;37;14;30;1;0;1;;3;388
"Amikacin";"Staphylococcus hominis";0;0;0;0;0;0;0;10;63;47;101;59;30;8;5;12;0;0;0;;1;335
"Amikacin";"Staphylococcus warneri";0;0;0;0;0;0;0;5;16;28;10;6;3;0;0;1;1;0;0;;2;70
"Amikacin";"Stenotrophomonas maltophilia";0;0;0;0;0;0;0;0;1;2;2;10;13;17;19;55;15;168;39;;5;341
"Amoxicillin";"Actinomyces israelii";0;0;0;0;1;11;35;41;9;1;0;0;0;0;0;0;0;0;0;;1;98
"Amoxicillin";"Actinomyces spp";0;0;2;3;9;37;101;104;43;5;1;0;0;0;0;0;0;0;0;;1;305
"Amoxicillin";"Anaerobic cocci Gram positive";0;0;0;0;40;320;130;111;34;11;9;2;8;5;1;1;2;0;0;;1;674
"Amoxicillin";"Bacteroides fragilis";0;0;0;0;1;0;0;1;5;10;7;5;30;177;176;88;144;0;0;;1;644
"Amoxicillin";"Bacteroides fragilis group";0;0;0;0;0;8;11;53;63;44;29;17;98;352;380;102;411;0;0;;1;1568
"Amoxicillin";"Bacteroides thetaiotaomicron";0;0;0;0;0;2;6;12;7;2;0;5;12;49;78;17;42;0;0;;1;232
"Amoxicillin";"Campylobacter coli";0;0;0;0;0;0;0;7;37;120;204;170;153;7;10;92;0;0;0;8;6;800
"Amoxicillin";"Campylobacter jejuni";0;0;0;0;0;0;0;1;1;17;27;89;135;19;40;72;0;0;0;16;5;401
"Amoxicillin";"Citrobacter spp";0;0;0;0;0;0;0;0;0;1;2;3;5;23;13;48;63;28;34;;7;220
"Amoxicillin";"Clostridium difficile";0;0;0;0;11;14;37;53;148;328;69;12;0;1;1;1;0;0;0;;3;675
"Amoxicillin";"Clostridium perfringens";0;0;0;0;25;70;11;2;4;1;1;1;0;0;0;0;0;0;0;;1;115
"Amoxicillin";"Enterobacter agglomerans";0;0;0;0;0;0;0;0;0;1;3;38;23;12;9;14;16;8;0;;1;124
"Amoxicillin";"Enterobacter cloacae";0;0;0;0;0;0;0;0;0;1;3;12;13;27;62;99;147;95;365;;6;824
"Amoxicillin";"Enterobacter dissolvens";0;0;0;0;0;0;0;0;0;0;0;0;0;0;0;0;3;34;0;;1;37
"Amoxicillin";"Enterobacter spp";0;0;0;0;0;0;0;0;0;4;3;17;30;1;5;3;11;31;0;;1;105
"Amoxicillin";"Escherichia coli";0;0;0;0;0;0;0;0;9;97;740;1694;675;43;11;692;615;58;693;8;21;5327
"Amoxicillin";"Fusobacterium spp";0;0;0;0;25;123;9;10;4;4;4;4;3;2;5;1;1;0;0;;1;195
"Amoxicillin";"Haemophilus influenzae";0;0;0;0;4;12;143;1800;5490;1561;719;282;284;439;544;195;46;8;1;2;16;11528
"Amoxicillin";"Haemophilus parainfluenzae";0;0;0;0;0;0;63;148;133;21;8;3;5;7;28;0;0;0;0;1;1;416
"Amoxicillin";"Helicobacter pylori";4;0;5;7064;1824;1065;368;80;35;11;5;0;0;0;0;0;0;0;0;0.125;8;10461
"Amoxicillin";"Kingella kingae";0;0;1;2;26;69;65;12;11;8;7;1;0;0;0;0;0;0;0;;1;202
"Amoxicillin";"Klebsiella aerogenes";0;0;0;0;0;0;0;0;0;0;1;0;2;3;6;16;26;15;41;;5;110
"Amoxicillin";"Klebsiella oxytoca";0;0;0;0;0;0;0;0;0;1;0;1;0;6;16;63;102;42;60;;6;291
"Amoxicillin";"Klebsiella pneumoniae";0;0;0;0;0;0;0;1;0;1;4;4;2;5;58;204;329;142;248;;7;998
"Amoxicillin";"Klebsiella spp";0;0;0;0;0;0;0;0;1;0;0;2;18;35;71;63;13;18;0;;1;221
"Amoxicillin";"Legionella pneumophila";0;0;0;0;0;0;1;3;18;20;25;16;12;2;3;0;0;0;0;;1;100
"Amoxicillin";"Mannheimia haemolytica";0;0;0;3;1;3;17;26;3;0;0;0;1;6;17;12;0;0;0;;2;89
"Amoxicillin";"Moraxella catarrhalis";2;0;21;80;13;17;32;10;65;35;99;143;236;319;267;159;41;16;1;0.125;6;1556
"Amoxicillin";"Morganella morganii";0;0;0;0;0;0;0;0;2;1;3;1;2;8;14;26;33;29;11;8;5;130
"Amoxicillin";"Neisseria meningitidis";0;0;0;0;9;105;431;85;129;59;0;0;0;0;0;0;0;0;0;;1;818
"Amoxicillin";"Pasteurella multocida";0;0;0;0;0;11;36;104;90;2;1;2;1;1;0;3;0;0;0;1;6;251
"Amoxicillin";"Porphyromonas spp";0;0;0;0;1;47;5;3;1;2;0;0;0;1;0;0;0;0;0;;1;60
"Amoxicillin";"Prevotella spp";0;0;0;0;8;112;20;12;8;9;12;9;20;40;26;8;50;0;0;;1;334
"Amoxicillin";"Propionibacterium acnes";0;0;0;0;7;93;9;19;12;1;4;2;1;0;0;0;0;0;0;;1;148
"Amoxicillin";"Proteus mirabilis";0;0;0;0;0;0;0;13;236;80;11;50;2;4;18;17;10;13;107;2;4;561
"Amoxicillin";"Salmonella spp";0;0;0;0;0;0;0;6;2418;5791;207;6;4;2;14;1148;553;0;0;4;6;10149
"Amoxicillin";"Serratia liquefaciens";0;0;0;0;0;0;0;0;0;0;1;2;6;6;4;2;2;0;0;;1;23
"Amoxicillin";"Serratia spp";0;0;0;0;0;0;0;0;0;0;1;5;8;9;7;45;24;13;49;;3;161
"Amoxicillin";"Streptococcus agalactiae";0;0;0;9;56;254;19;0;0;0;0;0;0;0;0;0;0;0;0;0.25;5;338
"Amoxicillin";"Streptococcus anginosus";0;0;0;2;4;25;27;8;0;1;0;0;0;0;0;0;0;0;0;0.25;3;67
"Amoxicillin";"Streptococcus group G";0;0;33;138;10;5;1;1;0;0;0;0;0;0;0;0;0;0;0;0.064;4;188
"Amoxicillin";"Streptococcus oralis";0;0;4;41;62;26;23;12;9;6;5;5;0;3;0;0;0;0;0;0.125;4;196
"Amoxicillin";"Streptococcus pneumoniae";2;150;1474;2555;282;127;125;59;124;305;60;16;9;0;0;0;0;0;0;0.064;11;5288
"Amoxicillin";"Streptococcus pyogenes";0;3;142;244;7;6;1;0;0;0;0;0;0;0;0;0;0;0;0;0.064;5;403
"Amoxicillin";"Streptococcus, viridans group";0;0;4;26;54;81;81;38;21;17;10;2;0;1;0;0;0;0;0;;2;335
"Amoxicillin-clavulanic acid (fixed)";"Acinetobacter baumannii";0;0;0;0;0;0;0;0;0;19;8;27;99;153;87;14;5;26;0;;1;438
"Amoxicillin-clavulanic acid (fixed)";"Citrobacter spp";0;0;0;0;0;0;0;0;0;53;83;48;13;19;28;32;46;122;37;;1;481
"Amoxicillin-clavulanic acid (fixed)";"Escherichia coli";0;0;0;0;0;0;0;0;0;419;2121;3307;1787;997;497;309;246;395;81;;4;10159
"Amoxicillin-clavulanic acid (fixed)";"Klebsiella pneumoniae";0;0;0;0;0;0;0;0;0;544;706;334;175;79;47;35;65;105;86;;3;2176
"Amoxicillin-clavulanic acid (fixed)";"Proteus mirabilis";0;0;0;0;0;0;0;0;5;36;8;4;1;0;3;0;1;0;0;;2;58
"Amphotericin B";"Candida albicans Etest";0;8;72;137;87;74;295;462;175;10;0;0;0;0;0;0;0;0;0;;6;1320
"Amphotericin B";"Candida albicans EUCAST";0;0;0;1;332;623;638;579;920;353;3;0;0;0;0;0;0;0;0;1;14;3449
"Amphotericin B";"Candida dubliniensis DIN";0;0;0;0;0;0;3;7;0;0;0;0;0;0;0;0;0;0;0;;1;10
"Amphotericin B";"Candida dubliniensis Etest";0;0;0;1;1;5;3;3;3;0;0;0;0;0;0;0;0;0;0;;1;16
"Amphotericin B";"Candida dubliniensis EUCAST";0;0;0;0;2;0;0;0;0;0;0;0;0;0;0;0;0;0;0;;4;2
"Amphotericin B";"Candida dubliniensis EUCAST";0;0;0;14;17;7;2;2;1;0;0;0;0;0;0;0;0;0;0;;4;43
"Amphotericin B";"Candida famata EUCAST";0;0;0;0;7;4;3;16;36;29;6;4;0;0;0;0;0;0;0;;10;105
"Amphotericin B";"Candida glabrata Etest";0;0;2;12;39;37;35;87;268;40;5;2;0;0;0;0;0;0;0;;6;527
"Amphotericin B";"Candida glabrata EUCAST";0;0;0;0;14;39;127;93;103;72;10;0;0;1;0;0;0;0;0;1;10;459
"Amphotericin B";"Candida guilliermondii Etest";0;0;0;0;1;4;3;1;0;1;0;0;0;0;0;0;0;0;0;;1;10
"Amphotericin B";"Candida guilliermondii EUCAST";0;0;0;0;10;18;25;17;12;10;0;0;0;0;0;0;0;0;0;;9;92
"Amphotericin B";"Candida kefyr EUCAST";0;0;0;0;0;1;6;5;3;5;0;0;0;0;0;0;0;0;0;;7;20
"Amphotericin B";"Candida krusei Etest";0;0;0;5;4;4;13;0;14;17;8;1;0;0;0;0;0;0;0;;5;66
"Amphotericin B";"Candida krusei EUCAST";0;0;0;0;1;2;13;63;54;61;15;0;0;0;0;0;0;0;0;1;10;209
"Amphotericin B";"Candida lusitaniae Etest";0;0;0;1;0;0;9;12;4;0;0;0;0;0;0;0;0;0;0;;4;26
"Amphotericin B";"Candida lusitaniae EUCAST";0;0;0;0;11;9;10;8;6;6;0;0;0;0;0;0;0;0;0;;10;50
"Amphotericin B";"Candida norvegensis Etest";0;0;0;0;0;0;1;1;8;0;0;0;0;0;0;0;0;0;0;;1;10
"Amphotericin B";"Candida parapsilosis Etest";0;0;2;6;6;6;16;14;50;26;0;0;0;0;0;0;0;0;0;;6;126
"Amphotericin B";"Candida parapsilosis EUCAST";0;0;1;0;32;108;166;139;159;121;22;0;0;0;0;0;0;0;0;1;10;748
"Amphotericin B";"Candida tropicalis Etest";2;2;12;16;4;1;17;20;41;14;4;1;0;0;0;0;0;0;0;;6;134
"Amphotericin B";"Candida tropicalis EUCAST";0;0;0;0;10;85;108;65;97;48;5;0;0;1;0;0;0;0;0;1;10;419
"Amphotericin B";"Cryptococcus neoformans Etest";0;0;0;0;0;1;5;2;0;0;0;0;0;0;0;0;0;0;0;;1;8
"Amphotericin B";"Saccharomyces cerevisiae Etest";0;0;0;0;0;0;0;2;7;5;0;0;0;0;0;0;0;0;0;;2;14
"Amphotericin B";"Saccharomyces cerevisiae EUCAST";0;0;0;0;2;1;7;4;6;2;0;0;0;0;0;0;0;0;0;;5;22
"Ampicillin";"Acinetobacter baumannii";0;0;0;0;1;0;0;1;2;14;18;62;244;673;2720;111;3;35;1;;4;3885
"Ampicillin";"Acinetobacter lwoffii";0;0;0;0;0;0;4;6;13;32;62;44;42;32;118;0;0;0;0;;1;353
"Ampicillin";"Acinetobacter spp";0;0;0;0;0;0;7;7;25;48;96;112;188;515;3224;1;1;0;0;;2;4224
"Ampicillin";"Aerococcus sanguinicola";0;0;0;4;16;20;3;5;0;0;0;0;0;0;0;0;0;0;0;;2;48
"Ampicillin";"Aerococcus spp";0;0;0;0;5;20;19;16;0;0;0;0;0;0;0;0;0;0;0;;1;60
"Ampicillin";"Aerococcus urinae";0;0;0;0;1;2;16;11;0;0;0;0;0;0;0;0;0;0;0;;1;30
"Ampicillin";"Bacteroides fragilis";0;0;0;0;0;0;0;0;0;4;8;11;50;123;185;37;34;70;120;;2;642
"Ampicillin";"Bacteroides fragilis group";0;0;0;0;0;0;0;0;0;17;28;37;91;333;437;76;52;121;97;;3;1289
"Ampicillin";"Bacteroides ovatus";0;0;0;0;0;0;0;0;0;0;0;0;7;5;15;6;3;4;13;;2;53
"Ampicillin";"Bacteroides thetaiotaomicron";0;0;0;0;0;0;0;0;0;0;1;0;3;9;24;16;4;12;16;;2;85
"Ampicillin";"Bacteroides vulgatus";0;0;0;0;0;0;0;0;0;0;0;1;5;9;7;3;2;10;10;;2;47
"Ampicillin";"Bifidobacterium longum";0;0;0;0;1;2;13;26;12;6;1;0;0;0;0;0;0;0;0;;1;61
"Ampicillin";"Bifidobacterium spp";0;0;20;7;23;29;152;66;27;8;1;0;0;0;0;0;0;0;0;;2;333
"Ampicillin";"Campylobacter coli";0;0;0;0;0;0;0;10;30;91;211;368;266;42;69;111;10;0;0;8;10;1208
"Ampicillin";"Campylobacter jejuni";0;0;0;0;0;0;3;6;29;143;223;172;83;78;55;12;1;3;0;8;8;808
"Ampicillin";"Citrobacter freundii";0;0;0;0;0;0;0;0;0;1;17;44;30;8;3;84;17;0;0;8;2;204
"Ampicillin";"Citrobacter spp";0;0;0;0;0;0;0;0;0;0;11;22;26;26;39;23;11;9;18;;2;185
"Ampicillin";"Corynebacterium striatum";0;0;0;0;0;0;0;1;2;1;2;6;0;0;4;0;0;0;0;;1;16
"Ampicillin";"Enterobacter agglomerans";0;0;0;0;0;0;0;0;0;5;8;52;66;16;13;14;7;0;1;;1;182
"Ampicillin";"Enterobacter cloacae";0;0;0;0;0;0;0;0;0;0;3;5;12;20;19;18;14;8;11;;1;110
"Ampicillin";"Enterobacter dissolvens";0;0;0;0;0;0;0;0;0;0;0;0;2;4;5;26;22;16;6;;1;81
"Ampicillin";"Enterococcus avium";0;0;0;0;0;0;1;0;4;33;21;2;1;11;31;0;0;0;0;4;1;104
"Ampicillin";"Enterococcus casseliflavus";0;0;0;0;0;0;0;0;12;22;19;0;1;0;5;0;0;0;0;4;1;59
"Ampicillin";"Enterococcus faecalis";0;0;0;2;2;7;31;263;1101;5916;5713;620;110;34;49;7;2;1;0;4;27;13858
"Ampicillin";"Enterococcus faecium";0;0;0;3;1;3;12;138;255;588;664;416;160;123;3275;307;208;188;0;4;28;6341
"Ampicillin";"Enterococcus gallinarum";0;0;0;0;0;0;0;0;0;42;34;4;1;1;29;0;0;0;0;4;1;111
"Ampicillin";"Enterococcus hirae";0;0;0;0;0;0;0;224;99;89;120;32;3;1;0;0;0;0;0;;8;568
"Ampicillin";"Escherichia coli";0;0;0;0;0;0;1;13;84;4684;24124;20853;3012;511;677;11012;1549;6683;187;8;52;73390
"Ampicillin";"Haemophilus influenzae";0;0;0;2;19;153;2338;6689;1978;1239;269;275;280;350;455;434;19;17;270;1;22;14787
"Ampicillin";"Haemophilus parainfluenzae";0;0;0;0;0;0;10;10;54;18;23;1;14;1;8;0;0;0;0;;1;139
"Ampicillin";"Hafnia alvei";0;0;0;0;0;0;0;0;0;0;3;12;4;11;23;2;1;0;0;;1;56
"Ampicillin";"Kingella kingae";0;0;7;23;80;53;9;11;11;7;1;0;0;0;0;0;0;0;0;;1;202
"Ampicillin";"Klebsiella oxytoca";0;0;0;0;0;0;0;0;0;11;17;63;223;689;2455;317;84;225;84;8;8;4168
"Ampicillin";"Klebsiella pneumoniae";0;0;0;0;0;0;0;1;3;15;34;107;289;930;872;609;126;863;99;8;8;3948
"Ampicillin";"Klebsiella spp";0;0;0;0;0;0;0;0;1;9;17;32;84;138;167;69;24;112;0;8;3;653
"Ampicillin";"Kluyvera spp";0;0;0;0;0;0;0;0;0;1;3;8;9;9;5;1;0;1;5;;1;42
"Ampicillin";"Lactobacillus acidophilus";0;0;0;0;0;0;1;2;7;1;0;0;0;0;0;0;0;0;0;;1;11
"Ampicillin";"Lactobacillus amylovorus";0;0;0;0;0;0;3;15;11;0;1;0;0;0;0;0;0;0;1;;1;31
"Ampicillin";"Lactobacillus crispatus";0;0;0;0;0;0;0;0;5;2;0;0;0;0;0;0;0;0;0;;1;7
"Ampicillin";"Lactobacillus gallinarum";0;0;0;0;0;0;1;0;5;1;1;0;0;0;0;0;0;0;0;;1;8
"Ampicillin";"Lactobacillus gasseri";0;0;0;0;0;0;4;14;18;0;0;0;0;0;0;0;0;0;0;;1;36
"Ampicillin";"Lactobacillus johnsonii";0;0;0;0;0;0;2;10;13;1;0;0;0;0;0;0;0;0;0;;1;26
"Ampicillin";"Lactobacillus paracasei";0;0;0;0;0;0;1;3;6;32;76;13;1;0;0;0;0;0;0;;2;132
"Ampicillin";"Lactobacillus plantarum";0;0;0;0;0;0;22;38;46;10;4;0;0;0;0;0;0;0;0;;2;120
"Ampicillin";"Lactobacillus reuteri";0;0;0;0;0;0;1;9;25;31;11;2;3;25;5;0;0;0;0;;2;112
"Ampicillin";"Lactobacillus rhamnosus";0;0;0;0;0;0;2;1;6;111;94;7;4;0;0;0;0;0;0;;3;225
"Ampicillin";"Lactobacillus sakei";0;0;0;0;0;0;0;0;0;6;39;35;3;0;0;0;0;0;0;;1;83
"Ampicillin";"Lactococcus lactis";0;0;0;0;0;1;3;5;2;1;0;0;0;0;0;0;0;0;0;;1;12
"Ampicillin";"Legionella pneumophila";0;0;0;0;0;0;2;11;14;24;23;15;10;1;0;0;0;0;0;;1;100
"Ampicillin";"Listeria monocytogenes";0;0;0;0;1;3;11;240;258;30;0;0;0;0;0;0;0;0;0;1;6;543
"Ampicillin";"Moraxella catarrhalis";2;13;141;96;39;78;142;120;99;214;310;198;394;375;407;153;29;1;1;0.125;8;2812
"Ampicillin";"Neisseria gonorrhoeae";0;0;2;11;38;56;290;267;344;271;111;75;18;3;19;0;0;0;0;;12;1505
"Ampicillin";"Neisseria meningitidis";0;0;0;0;6;108;85;12;61;28;0;0;0;0;0;0;0;0;0;;2;300
"Ampicillin";"Pasteurella multocida";0;0;0;0;0;4;40;120;55;2;1;0;2;1;0;0;0;0;1;1;6;226
"Ampicillin";"Proteus mirabilis";0;0;0;0;0;0;0;11;189;1565;1298;122;26;27;1075;148;14;69;0;8;8;4544
"Ampicillin";"Proteus spp";0;0;0;0;0;0;0;0;2;3;4;2;2;5;9;8;5;10;0;;1;50
"Ampicillin";"Proteus vulgaris";0;0;0;0;0;0;0;0;1;15;7;2;2;3;312;0;10;0;0;;3;352
"Ampicillin";"Providencia rettgeri";0;0;0;0;0;0;0;0;3;7;4;5;7;15;36;0;0;0;0;;1;77
"Ampicillin";"Providencia stuartii";0;0;0;0;0;0;1;0;0;2;2;5;10;27;138;0;0;0;0;;1;185
"Ampicillin";"Raoultella spp";0;0;0;0;0;0;0;0;0;0;2;1;8;17;11;4;5;1;0;;1;49
"Ampicillin";"Salmonella enteritidis";0;0;0;0;0;0;0;0;0;41;422;17;7;4;64;0;0;0;0;8;1;555
"Ampicillin";"Salmonella paratyphi";0;0;0;0;0;0;0;0;0;12;42;11;0;0;4;0;0;0;0;8;1;69
"Ampicillin";"Salmonella spp";0;0;0;0;0;0;0;12;172;3887;1813;161;17;11;361;687;28;0;0;8;11;7149
"Ampicillin";"Salmonella typhi";0;0;0;0;0;0;0;7;86;91;88;2;2;1;46;0;0;0;0;8;1;323
"Ampicillin";"Salmonella typhimurium";0;0;0;0;0;0;0;3;0;16;50;3;2;1;114;0;0;0;0;8;1;189
"Ampicillin";"Serratia liquefaciens";0;0;0;0;0;0;0;0;1;1;6;34;70;62;66;24;23;20;135;;3;442
"Ampicillin";"Serratia marcescens";0;0;0;0;0;0;0;1;2;1;9;55;146;353;2943;146;133;233;151;;6;4173
"Ampicillin";"Serratia spp";0;0;0;0;0;0;0;0;0;1;7;18;33;39;60;69;32;54;169;;2;482
"Ampicillin";"Shigella flexneri";0;0;0;0;0;0;0;0;0;5;34;6;1;3;272;0;0;0;0;8;1;321
"Ampicillin";"Shigella sonnei";0;0;0;0;0;0;0;0;0;1;91;103;1;1;229;0;0;0;0;8;1;426
"Ampicillin";"Staphylococcus aureus";0;0;0;1;4;11;298;248;305;407;182;155;130;87;80;0;2;1;0;;6;1911
"Ampicillin";"Staphylococcus capitis";0;0;0;0;0;0;14;7;7;52;53;7;15;26;33;0;0;0;0;;1;214
"Ampicillin";"Staphylococcus coagulase negative";0;0;0;0;1;6;78;31;133;114;62;78;146;83;33;0;2;0;0;;3;767
"Ampicillin";"Staphylococcus epidermidis";0;0;0;0;0;0;155;109;137;508;864;800;1025;891;628;0;0;0;0;;1;5117
"Ampicillin";"Staphylococcus haemolyticus";0;0;0;0;0;0;20;4;8;44;39;28;43;72;396;0;0;0;0;;1;654
"Ampicillin";"Staphylococcus hominis";0;0;0;0;0;0;13;15;22;64;94;52;84;98;67;0;0;0;0;;1;509
"Ampicillin";"Staphylococcus lugdunensis";0;0;0;0;0;0;1;9;6;18;31;9;4;2;6;0;0;0;0;;1;86
"Ampicillin";"Staphylococcus saprophyticus";0;0;0;0;0;4;11;92;26;0;0;3;2;3;1;0;0;0;0;;2;142
"Ampicillin";"Staphylococcus simulans";0;0;0;0;0;0;12;1;3;14;16;9;16;14;23;0;0;0;0;;1;108
"Ampicillin";"Staphylococcus warneri";0;0;0;0;0;0;8;1;5;39;32;18;11;23;25;0;0;0;0;;1;162
"Ampicillin";"Staphylococcus xylosis";0;0;0;0;0;0;2;1;1;7;9;7;9;7;5;0;0;0;0;;1;48
"Ampicillin";"Stenotrophomonas maltophilia";0;0;0;0;0;0;0;0;0;4;13;14;20;45;2097;50;0;0;0;;3;2243
"Ampicillin";"Streptococcus acidominimus";0;0;0;0;0;0;0;6;0;2;0;0;0;0;0;0;0;0;0;;1;8
"Ampicillin";"Streptococcus agalactiae";0;0;0;1;8;559;190;11;0;1;2;0;0;0;0;0;0;0;0;0.25;5;772
"Ampicillin";"Streptococcus mitis";0;0;0;0;0;0;54;136;24;100;125;12;15;20;8;0;0;0;0;;2;494
"Ampicillin";"Streptococcus pneumoniae";0;16;169;391;91;34;17;12;17;8;27;8;3;1;0;0;0;0;0;0.064;4;794
"Ampicillin";"Streptococcus pyogenes";0;0;2;67;77;0;1;0;0;0;0;0;0;0;0;0;0;0;0;;3;147
"Ampicillin";"Streptococcus salivarius";0;0;0;0;0;0;51;9;7;27;48;1;0;2;0;0;0;0;0;;2;145
"Ampicillin";"Streptococcus sanguinis";0;0;0;0;0;0;21;3;14;30;56;11;4;4;1;0;0;0;0;;1;144
"Ampicillin";"Streptococcus, viridans group";0;0;0;5;4;5;6;4;0;0;1;0;0;0;0;0;0;0;0;;1;25
"Ampicillin";"Yersinia spp";0;0;0;0;0;0;0;0;0;0;5;3;2;6;6;26;2;0;3;;1;53
"Ampicillin-sulbactam (fixed)";"Escherichia coli";0;0;0;0;0;0;0;0;2;20;12;1;0;2;3;3;7;0;0;8;1;50
"Ampicillin-sulbactam (fixed)";"Klebsiella pneumoniae";0;0;0;0;0;0;0;0;2;10;24;4;5;3;0;0;2;0;0;;1;50
"Ampicillin-sulbactam (fixed)";"Proteus mirabilis";0;0;0;0;0;0;0;0;28;13;3;2;1;0;0;1;1;0;0;4;1;49
"Ampicillin-sulbactam (ratio)";"Acinetobacter lwoffii";0;0;0;0;0;0;0;13;10;10;14;8;3;7;3;11;0;0;0;;1;79
"Ampicillin-sulbactam (ratio)";"Acinetobacter spp";0;0;0;0;0;0;0;17;13;31;127;122;73;83;80;113;0;0;0;;1;659
"Ampicillin-sulbactam (ratio)";"Citrobacter freundii";0;0;0;0;0;0;0;16;18;159;139;154;97;53;70;145;7;116;28;;4;1002
"Ampicillin-sulbactam (ratio)";"Citrobacter koseri";0;0;0;0;0;0;0;0;0;3;82;28;9;4;0;4;0;0;0;;1;130
"Ampicillin-sulbactam (ratio)";"Citrobacter spp";0;0;0;0;0;0;0;0;0;82;95;56;27;19;11;10;8;59;39;;1;406
"Ampicillin-sulbactam (ratio)";"Enterobacter cloacae";0;0;0;0;0;0;0;16;5;99;184;395;514;534;544;874;78;384;55;;4;3682
"Ampicillin-sulbactam (ratio)";"Enterobacter sakazakii";0;0;0;0;0;0;0;0;0;1;1;1;2;2;2;2;0;0;0;;1;11
"Ampicillin-sulbactam (ratio)";"Enterobacter spp";0;0;0;0;0;0;0;0;0;37;53;90;82;82;70;67;40;171;71;;1;763
"Ampicillin-sulbactam (ratio)";"Enterococcus faecalis";0;0;0;0;0;0;1;39;290;2173;1165;138;11;10;13;16;0;0;179;4;4;4035
"Ampicillin-sulbactam (ratio)";"Enterococcus faecium";0;0;0;0;0;0;0;3;10;11;13;10;9;39;92;36;0;0;0;4;1;223
"Ampicillin-sulbactam (ratio)";"Escherichia coli";0;0;0;0;0;0;6;11;71;393;2935;1949;744;1998;1605;1085;0;0;0;8;2;10797
"Ampicillin-sulbactam (ratio)";"Haemophilus influenzae";0;0;0;0;0;0;11;189;31;68;54;30;12;1;0;0;0;0;0;1;3;396
"Ampicillin-sulbactam (ratio)";"Haemophilus parainfluenzae";0;0;0;0;0;0;0;8;2;1;2;0;0;0;0;0;0;0;0;;1;13
"Ampicillin-sulbactam (ratio)";"Klebsiella aerogenes";0;0;0;0;0;0;0;0;1;23;24;67;109;133;98;139;26;73;46;;2;739
"Ampicillin-sulbactam (ratio)";"Klebsiella oxytoca";0;0;0;0;0;0;11;4;14;22;56;187;247;82;39;110;0;0;0;;2;772
"Ampicillin-sulbactam (ratio)";"Klebsiella pneumoniae";0;0;0;0;0;0;6;4;24;836;653;1659;727;273;299;655;22;167;88;;3;5413
"Ampicillin-sulbactam (ratio)";"Morganella morganii";0;0;0;0;0;0;0;0;0;9;16;40;108;221;181;60;15;15;96;;2;761
"Ampicillin-sulbactam (ratio)";"Proteus mirabilis";0;0;0;0;0;0;0;13;219;945;407;134;89;102;86;50;0;0;0;4;3;2045
"Ampicillin-sulbactam (ratio)";"Proteus vulgaris";0;0;0;0;0;0;0;1;0;92;206;316;162;58;17;6;4;0;128;16;5;990
"Ampicillin-sulbactam (ratio)";"Providencia rettgeri";0;0;0;0;0;0;0;1;1;2;2;1;1;6;5;1;0;0;0;;1;20
"Ampicillin-sulbactam (ratio)";"Providencia stuartii";0;0;0;0;0;0;0;0;0;0;1;6;3;15;17;2;0;0;0;;1;44
"Ampicillin-sulbactam (ratio)";"Pseudomonas aeruginosa";0;0;0;0;0;0;0;1;21;3;5;7;16;24;80;3468;0;0;0;;1;3625
"Ampicillin-sulbactam (ratio)";"Pseudomonas fluorescens group";0;0;0;0;0;0;0;0;0;0;0;0;2;0;0;21;0;0;0;;1;23
"Ampicillin-sulbactam (ratio)";"Pseudomonas putida group";0;0;0;0;0;0;0;0;0;0;0;1;0;0;1;23;0;0;0;;1;25
"Ampicillin-sulbactam (ratio)";"Salmonella enteritidis";0;0;0;0;0;0;0;0;3;68;201;12;8;14;5;1;0;0;0;;1;312
"Ampicillin-sulbactam (ratio)";"Salmonella group B";0;0;0;0;0;0;0;1;1;22;18;6;0;1;15;4;0;0;0;;1;68
"Ampicillin-sulbactam (ratio)";"Salmonella group C";0;0;0;0;0;0;0;0;1;8;4;0;0;2;1;1;0;0;0;;1;17
"Ampicillin-sulbactam (ratio)";"Salmonella group D";0;0;0;0;0;0;0;0;4;33;75;6;1;10;10;1;0;0;0;;1;140
"Ampicillin-sulbactam (ratio)";"Salmonella paratyphi";0;0;0;0;0;0;0;0;1;12;19;4;0;0;0;0;0;0;0;;1;36
"Ampicillin-sulbactam (ratio)";"Salmonella typhi";0;0;0;0;0;0;0;16;63;10;10;1;2;3;15;4;0;0;0;;1;124
"Ampicillin-sulbactam (ratio)";"Salmonella typhimurium";0;0;0;0;0;0;0;2;2;7;21;1;1;8;38;15;0;0;0;;1;95
"Ampicillin-sulbactam (ratio)";"Serratia liquefaciens";0;0;0;0;0;0;0;0;0;2;7;15;19;27;20;18;5;6;136;;2;255
"Ampicillin-sulbactam (ratio)";"Serratia marcescens";0;0;0;0;0;0;0;0;1;0;5;32;80;221;512;401;35;31;152;;3;1470
"Ampicillin-sulbactam (ratio)";"Serratia spp";0;0;0;0;0;0;0;0;0;3;4;11;19;32;49;47;17;11;164;;1;357
"Ampicillin-sulbactam (ratio)";"Shigella flexneri";0;0;0;0;0;0;0;1;0;6;10;1;3;73;90;2;0;0;0;;1;186
"Ampicillin-sulbactam (ratio)";"Shigella sonnei";0;0;0;0;0;0;0;0;0;3;39;27;3;59;12;5;0;0;0;;1;148
"Ampicillin-sulbactam (ratio)";"Stenotrophomonas maltophilia";0;0;0;0;0;0;0;0;2;0;14;19;21;29;75;440;0;0;0;;2;600
"Anidulafungin";"Candida albicans";0;216;106;117;64;4;21;2;1;3;0;0;0;3;0;0;0;0;0;;1;537
"Anidulafungin";"Candida albicans Etest";211;236;208;73;11;4;4;0;1;0;0;0;0;0;0;1;0;0;0;;1;749
"Anidulafungin";"Candida albicans EUCAST";73;124;0;237;628;6;0;2;1;1;0;0;0;0;0;0;0;0;0;0.032;4;1072
"Anidulafungin";"Candida glabrata";0;5;4;28;133;53;5;2;1;0;2;1;0;0;0;0;0;0;0;;1;234
"Anidulafungin";"Candida glabrata Etest";55;20;46;149;62;8;5;7;2;2;0;0;2;0;0;0;0;0;0;;1;358
"Anidulafungin";"Candida glabrata EUCAST";0;18;14;0;246;50;18;2;2;1;1;0;0;0;0;0;0;0;0;0.064;4;352
"Anidulafungin";"Candida guilliermondii";0;0;0;0;0;0;0;0;0;5;3;0;0;0;0;0;0;0;0;;1;8
"Anidulafungin";"Candida guilliermondii Etest";0;0;0;0;0;0;0;0;2;0;1;1;0;0;0;0;0;0;0;;1;4
"Anidulafungin";"Candida guilliermondii EUCAST";0;0;0;0;0;1;0;2;3;12;2;0;0;0;1;0;0;0;0;;2;21
"Anidulafungin";"Candida krusei";0;0;1;5;18;15;6;1;0;0;0;0;0;0;0;0;0;0;0;;1;46
"Anidulafungin";"Candida krusei Etest";2;1;3;3;7;10;1;2;0;0;0;0;0;0;0;0;0;0;0;;1;29
"Anidulafungin";"Candida krusei EUCAST";0;0;9;18;58;9;1;1;0;0;0;0;0;0;0;0;0;0;0;0.064;3;96
"Anidulafungin";"Candida parapsilosis";0;2;0;0;1;0;0;9;9;27;14;2;0;0;0;0;0;0;0;;1;64
"Anidulafungin";"Candida parapsilosis Etest";0;0;1;0;0;2;0;4;7;9;12;5;7;0;0;2;0;0;0;;1;49
"Anidulafungin";"Candida parapsilosis EUCAST";0;1;0;0;3;4;2;23;62;135;70;6;0;0;0;0;0;0;0;4;4;306
"Anidulafungin";"Candida tropicalis";0;15;5;9;11;7;3;5;3;1;0;0;0;2;0;0;0;0;0;;1;61
"Anidulafungin";"Candida tropicalis Etest";10;7;12;30;22;4;2;1;0;0;0;0;0;0;0;0;0;0;0;;1;88
"Anidulafungin";"Candida tropicalis EUCAST";8;12;0;8;142;13;2;0;0;0;0;0;0;0;0;0;0;0;0;0.064;4;185
"Avilamycin";"Enterococcus faecalis";0;0;0;0;0;0;0;0;2;94;840;209;28;4;5;1;0;0;0;8;15;1183
"Avilamycin";"Enterococcus faecium";0;0;0;0;0;0;0;0;14;166;1052;1545;467;51;16;79;453;0;0;16;26;3843
"Avilamycin";"Enterococcus hirae";0;0;0;0;0;0;0;0;6;62;151;271;67;11;0;0;0;0;0;16;8;568
"Avilamycin";"Staphylococcus aureus";0;0;0;0;0;0;0;0;0;0;2;11;1;0;0;0;0;0;0;;1;14
"Avilamycin";"Staphylococcus hyicus";0;0;0;0;0;0;0;0;0;0;89;40;1;1;0;0;0;0;0;;2;131
"Avilamycin";"Staphylococcus intermedius";0;0;0;0;0;0;0;0;0;46;52;37;2;2;1;0;0;0;0;;2;140
"Azithromycin";"Campylobacter coli";0;0;0;111;1838;6939;4035;781;61;26;8;2;2;2;0;21;1515;0;0;0.5;22;15341
"Azithromycin";"Campylobacter jejuni";0;0;0;1867;8586;7590;1835;288;19;25;9;3;6;1;2;4;199;0;0;0.25;19;20434
"Azithromycin";"Escherichia coli";0;0;0;0;0;0;0;1;15;125;1473;2995;304;11;20;0;0;0;0;;2;4944
"Azithromycin";"Haemophilus influenzae";0;0;0;0;0;64;299;887;5442;15658;8888;1181;118;35;37;8;6;9;9;4;8;32641
"Azithromycin";"Haemophilus parainfluenzae";0;0;0;0;0;6;35;83;139;113;37;3;0;0;0;0;0;0;0;2;1;416
"Azithromycin";"Legionella pneumophila";0;0;0;0;3;112;129;23;12;3;0;0;1;0;0;0;0;0;0;;2;283
"Azithromycin";"Neisseria gonorrhoeae";0;0;4;239;401;650;967;878;403;110;34;10;17;9;3;0;0;2;0;;10;3727
"Azithromycin";"Neisseria meningitidis";0;0;0;0;1;8;15;25;128;92;30;1;0;0;0;0;0;0;0;;2;300
"Azithromycin";"Salmonella spp";0;0;0;0;0;0;2;1;6;75;2810;7969;1630;136;22;2;0;0;0;;7;12653
"Azithromycin";"Salmonella typhi";0;0;0;0;0;0;0;0;0;0;9;29;89;35;3;1;0;0;0;;5;166
"Azithromycin";"Shigella boydii";0;0;0;0;0;0;0;0;0;0;1;1;0;0;0;0;0;0;0;;1;2
"Azithromycin";"Shigella dysenteriae";0;0;0;0;0;0;0;0;0;0;1;3;0;0;0;0;0;0;0;;1;4
"Azithromycin";"Shigella flexneri";0;0;0;0;0;0;0;0;0;1;18;10;0;0;2;0;0;0;1;;1;32
"Azithromycin";"Shigella sonnei";0;0;0;0;0;0;0;0;0;0;4;31;367;19;0;1;1;2;1;;2;426
"Azithromycin";"Shigella spp";0;0;0;0;0;0;0;0;0;3;25;29;17;1;2;1;0;0;2;;1;80
"Azithromycin";"Staphylococcus aureus";0;0;0;0;2;5;7;345;1872;1826;175;31;29;37;30;1218;1646;0;0;2;2;7223
"Azithromycin";"Streptococcus pneumoniae";0;0;0;5;1248;17028;27426;1725;183;245;640;2651;3040;2596;1608;539;5541;4094;0;0.25;6;68569
"Azithromycin";"Streptococcus pyogenes";0;0;0;4;295;2875;15606;3360;108;44;29;117;683;456;151;50;379;186;0;0.25;5;24343
"Aztreonam";"Acinetobacter baumannii";0;0;0;0;1;0;1;1;0;0;1;0;10;29;39;49;3;0;0;;2;134
"Aztreonam";"Acinetobacter spp";0;0;0;0;0;0;2;0;1;4;8;8;15;18;18;6;3;2;0;;3;85
"Aztreonam";"Burkholderia cepacia";0;0;0;0;0;0;0;1;2;6;2;1;5;0;2;1;0;2;0;;3;22
"Aztreonam";"Citrobacter freundii";0;0;0;0;13;20;9;5;1;2;1;2;0;2;8;3;0;0;0;;2;66
"Aztreonam";"Enterobacter cloacae";0;0;0;0;11;42;52;20;11;5;10;1;11;12;25;44;1;0;0;;3;245
"Aztreonam";"Enterobacter spp";0;0;0;0;17;20;32;5;2;1;0;0;2;1;1;1;0;0;0;;2;82
"Aztreonam";"Escherichia coli";0;0;0;4;1103;1085;613;132;36;17;22;37;25;21;36;58;0;3;0;0.25;7;3192
"Aztreonam";"Klebsiella aerogenes";0;0;0;0;1;10;6;3;3;4;0;1;5;15;23;6;2;0;0;;2;79
"Aztreonam";"Klebsiella oxytoca";0;0;0;0;15;33;26;14;25;19;3;1;1;2;6;15;0;0;0;;4;160
"Aztreonam";"Klebsiella pneumoniae";0;0;0;0;0;0;0;0;1;1;1;0;0;0;4;0;0;0;0;;1;7
"Aztreonam";"Klebsiella spp";0;0;0;1;166;43;23;5;2;0;1;1;3;3;1;1;0;0;0;;2;250
"Aztreonam";"Moraxella catarrhalis";0;0;0;0;0;0;1;11;93;70;102;9;1;0;0;0;0;0;0;;1;287
"Aztreonam";"Pseudomonas aeruginosa";0;0;0;0;1;2;6;8;62;90;524;1295;537;434;230;62;41;1;0;16;11;3293
"Aztreonam";"Salmonella spp";0;0;0;0;12;37;18;3;1;0;0;0;0;0;0;0;0;0;0;;2;71
"Aztreonam";"Serratia marcescens";0;0;0;0;7;37;34;23;9;2;5;2;3;2;1;2;0;0;0;;3;127
"Aztreonam";"Stenotrophomonas maltophilia";0;0;0;0;1;1;1;0;0;0;4;3;3;2;10;41;5;0;0;;2;71
"Bacitracin";"Enterococcus faecalis";0;0;0;0;0;0;0;0;0;0;3;12;123;33;14;20;58;10;42;32;3;315
"Bacitracin";"Enterococcus faecium";0;0;0;0;0;0;0;0;0;0;17;129;256;135;80;147;211;1658;156;32;16;2789
"Bedaquiline";"Mycobacterium tuberculosis 7H10";1;2;42;156;477;648;254;93;17;3;1;3;0;0;0;0;0;0;0;;3;1697
"Bedaquiline";"Mycobacterium tuberculosis 7H11";0;0;102;301;623;857;394;32;13;18;2;1;0;0;0;0;0;0;0;;6;2343
"Bedaquiline";"Mycobacterium tuberculosis 7H9";0;0;384;639;1798;1148;451;39;21;2;1;0;2;0;0;0;0;0;0;;3;4485
"Bedaquiline";"Mycobacterium tuberculosis MGIT 960";0;0;0;0;3;1;70;136;212;69;8;37;2;0;0;0;0;0;0;;3;538
"Benzylpenicillin";"Actinomyces israelii";0;0;0;1;51;41;2;3;0;0;0;0;0;0;0;0;0;0;0;;1;98
"Benzylpenicillin";"Actinomyces spp";0;0;0;9;103;93;59;20;17;4;0;0;0;0;0;0;0;0;0;;1;305
"Benzylpenicillin";"Aerococcus sanguinicola";0;0;0;2;38;49;10;0;0;0;0;0;0;0;0;0;0;0;0;;2;99
"Benzylpenicillin";"Aerococcus spp";0;0;10;55;99;66;11;0;0;0;0;0;0;0;0;0;0;0;0;;2;241
"Benzylpenicillin";"Aerococcus urinae";0;0;10;53;61;17;1;0;0;0;0;0;0;0;0;0;0;0;0;;2;142
"Benzylpenicillin";"Bacteroides fragilis";0;0;0;0;0;0;0;0;0;0;1;19;42;7;0;1;3;2;0;;1;75
"Benzylpenicillin";"Bacteroides fragilis group";0;0;0;0;0;0;0;1;1;11;10;51;91;168;79;105;21;34;19;;4;591
"Benzylpenicillin";"Bacteroides thetaiotaomicron";0;0;0;0;0;0;0;0;0;0;0;0;1;14;1;1;1;7;0;;1;25
"Benzylpenicillin";"Clostridium butyricum";0;0;0;0;0;0;0;0;1;0;0;0;0;0;0;0;0;0;0;;1;1
"Benzylpenicillin";"Clostridium difficile";0;0;0;1;1;2;2;56;426;1054;368;264;43;16;5;0;0;0;0;;2;2238
"Benzylpenicillin";"Clostridium perfringens";0;0;0;12;22;23;11;6;2;0;1;0;0;0;0;0;0;0;0;0.125;3;77
"Benzylpenicillin";"Clostridium ramosum";0;0;0;0;0;0;0;1;0;0;0;0;0;0;0;0;0;0;0;;1;1
"Benzylpenicillin";"Clostridium septicum";0;0;0;0;1;0;0;0;0;0;0;0;0;0;0;0;0;0;0;;1;1
"Benzylpenicillin";"Clostridium sporogenes";0;0;0;0;1;0;0;3;1;0;0;0;0;0;0;0;0;0;0;;1;5
"Benzylpenicillin";"Clostridium spp";0;0;0;1;0;1;0;0;0;0;0;0;0;0;0;0;0;0;0;;1;2
"Benzylpenicillin";"Corynebacterium amycolatum";0;0;0;0;0;0;1;0;0;0;0;0;1;0;10;0;0;0;0;;1;12
"Benzylpenicillin";"Corynebacterium jeikeium";0;0;0;1;0;1;0;1;1;0;1;4;9;1;11;48;0;0;0;;2;78
"Benzylpenicillin";"Corynebacterium pseudodiphtheriticum";0;0;10;0;0;0;1;0;0;0;0;0;0;0;0;0;0;0;0;;1;11
"Benzylpenicillin";"Corynebacterium spp";0;0;10;0;0;0;2;2;3;5;1;1;1;4;30;0;0;0;0;;5;59
"Benzylpenicillin";"Corynebacterium striatum";0;0;0;0;0;0;0;4;5;6;1;6;1;0;5;0;0;0;0;;2;28
"Benzylpenicillin";"Corynebacterium urealyticum";0;0;0;0;0;0;0;0;0;0;0;0;0;3;9;0;0;0;0;;1;12
"Benzylpenicillin";"Enterococcus avium";0;0;0;0;0;0;0;1;1;15;28;10;3;2;14;29;0;0;0;;1;103
"Benzylpenicillin";"Enterococcus casseliflavus";0;0;0;1;0;0;0;0;26;15;8;2;1;1;0;5;0;0;0;;1;59
"Benzylpenicillin";"Enterococcus faecalis";0;0;0;7;3;3;8;38;81;605;7278;11939;859;237;54;45;0;1;0;16;18;21158
"Benzylpenicillin";"Enterococcus faecium";0;0;0;2;5;7;9;316;115;189;546;1624;700;382;460;3026;88;127;42;16;11;7638
"Benzylpenicillin";"Enterococcus gallinarum";0;0;0;0;0;1;0;0;9;32;29;5;3;4;2;26;0;0;0;8;1;111
"Benzylpenicillin";"Haemophilus influenzae";0;0;0;1;66;117;1320;7470;4237;1668;1418;419;3678;23;96;240;0;13;0;1;4;20766
"Benzylpenicillin";"Haemophilus parainfluenzae";0;0;0;0;7;6;8;5;20;25;21;12;25;0;0;0;0;0;0;;1;129
"Benzylpenicillin";"Kingella kingae";0;0;77;71;15;2;15;11;5;5;1;0;0;0;0;0;0;0;0;;1;202
"Benzylpenicillin";"Listeria monocytogenes";0;0;0;7;1;5;105;227;156;28;1;0;0;0;0;0;0;0;0;1;5;530
"Benzylpenicillin";"Neisseria gonorrhoeae";0;1;100;692;450;1396;2669;2140;1414;1568;540;184;102;467;48;25;13;17;0;;21;11826
"Benzylpenicillin";"Neisseria meningitidis";0;4;11;154;770;1677;683;367;116;23;1;0;0;0;0;0;0;0;0;0.25;16;3806
"Benzylpenicillin";"Pasteurella multocida";0;0;0;0;14;60;124;79;1;2;7;1;1;4;0;0;0;0;0;0.5;6;293
"Benzylpenicillin";"Peptostreptococcus spp";0;1;0;3;2;2;5;3;0;0;0;0;0;0;0;0;0;0;0;;2;16
"Benzylpenicillin";"Peptostreptococcus spp";0;0;0;0;2;5;8;4;3;3;0;0;0;0;1;0;0;0;0;;2;26
"Benzylpenicillin";"Prevotella spp";0;0;0;8;10;8;9;3;3;7;3;16;3;7;8;3;0;2;0;;1;90
"Benzylpenicillin";"Propionibacterium acnes";0;0;1;118;92;62;30;0;0;0;0;0;0;0;0;0;0;0;0;0.125;1;303
"Benzylpenicillin";"Staphylococcus aureus";0;0;85;553;547;223;202;312;893;947;802;720;2968;123;554;309;246;1;0;0.125;8;9485
"Benzylpenicillin";"Staphylococcus aureus MRSA";0;0;0;0;0;0;0;0;0;0;1;2;1;1;3;19;172;0;0;0.125;2;199
"Benzylpenicillin";"Staphylococcus aureus MSSA";0;0;0;0;14;26;3;1;2;2;3;4;10;13;37;30;143;0;0;0.125;2;288
"Benzylpenicillin";"Staphylococcus auricularis";0;0;0;7;9;2;7;1;2;7;3;6;5;2;5;9;0;0;0;;1;65
"Benzylpenicillin";"Staphylococcus capitis";0;0;0;31;19;5;12;20;13;8;11;12;14;24;28;17;0;0;0;;1;214
"Benzylpenicillin";"Staphylococcus coagulase negative";0;0;0;6;54;20;32;52;60;44;54;84;186;184;176;110;188;0;0;;2;1250
"Benzylpenicillin";"Staphylococcus epidermidis";0;0;3;227;143;81;140;205;351;500;669;842;1028;756;514;275;53;0;0;;5;5787
"Benzylpenicillin";"Staphylococcus epidermidis MSSE";0;0;0;3;13;4;2;3;0;2;4;5;10;9;14;8;7;0;0;;2;84
"Benzylpenicillin";"Staphylococcus haemolyticus";0;0;0;14;21;7;9;16;11;13;19;20;37;65;87;343;32;0;0;;3;694
"Benzylpenicillin";"Staphylococcus hominis";0;0;0;38;9;5;13;27;28;32;39;42;88;83;78;26;0;0;0;;1;508
"Benzylpenicillin";"Staphylococcus lugdunensis";0;0;1;7;6;24;63;14;5;14;16;17;8;3;5;3;0;0;0;0.125;3;186
"Benzylpenicillin";"Staphylococcus saprophyticus";0;0;0;7;8;15;28;54;4;3;10;3;13;18;20;8;0;0;0;;2;191
"Benzylpenicillin";"Staphylococcus simulans";0;0;0;8;6;3;4;3;2;13;4;12;13;13;15;12;0;0;0;;1;108
"Benzylpenicillin";"Staphylococcus warneri";0;0;0;8;9;9;5;6;13;16;11;20;14;21;17;13;0;0;0;;1;162
"Benzylpenicillin";"Staphylococcus xylosis";0;0;0;4;1;1;4;0;3;3;6;6;8;9;1;2;0;0;0;;1;48
"Benzylpenicillin";"Streptococcus acidominimus";0;0;0;0;8;3;2;0;2;1;0;1;1;0;0;0;0;0;0;;1;18
"Benzylpenicillin";"Streptococcus agalactiae";0;0;8;188;1629;1346;85;4;0;1;0;0;0;0;0;0;0;0;0;0.125;9;3261
"Benzylpenicillin";"Streptococcus anginosus";0;0;1;37;161;104;23;11;6;4;2;0;0;0;0;0;0;0;0;0.25;5;349
"Benzylpenicillin";"Streptococcus bovis";0;0;0;0;36;31;12;3;0;0;0;0;0;0;0;0;0;0;0;0.25;2;82
"Benzylpenicillin";"Streptococcus constellatus";0;0;0;39;263;97;38;3;1;1;1;1;2;0;2;1;0;0;0;0.25;3;449
"Benzylpenicillin";"Streptococcus dysgalactiae";0;0;0;0;183;12;2;0;1;0;0;0;1;0;0;0;0;0;0;;1;199
"Benzylpenicillin";"Streptococcus equinus";0;0;0;0;19;7;1;0;0;0;0;0;0;0;0;0;0;0;0;;1;27
"Benzylpenicillin";"Streptococcus gordonii";0;0;0;0;9;1;1;0;0;0;1;0;0;0;0;0;0;0;0;;1;12
"Benzylpenicillin";"Streptococcus group C";0;0;0;159;38;17;1;0;0;0;0;0;0;0;0;0;0;0;0;0.064;1;215
"Benzylpenicillin";"Streptococcus group F";0;0;0;6;19;24;6;1;0;0;0;0;0;0;0;0;0;0;0;;1;56
"Benzylpenicillin";"Streptococcus group G";1;59;102;24;4;3;0;0;0;0;0;0;0;0;0;0;0;0;0;0.064;5;193
"Benzylpenicillin";"Streptococcus intermedius";0;0;0;11;31;18;7;5;5;5;2;1;2;0;0;0;0;0;0;0.25;2;87
"Benzylpenicillin";"Streptococcus milleri";0;0;0;28;55;27;16;0;2;1;0;0;0;0;1;0;0;0;0;0.125;1;130
"Benzylpenicillin";"Streptococcus mitis";0;0;0;94;190;92;106;69;35;38;25;23;19;3;1;4;0;0;0;0.25;3;699
"Benzylpenicillin";"Streptococcus mutans";0;0;0;13;21;2;3;3;1;0;1;1;0;0;0;0;0;0;0;0.25;2;45
"Benzylpenicillin";"Streptococcus oralis";0;0;6;85;218;94;80;29;24;20;19;14;16;2;0;0;0;0;0;0.25;6;607
"Benzylpenicillin";"Streptococcus parasanguis";0;0;0;0;19;7;13;13;4;3;5;1;0;0;0;0;0;0;0;0.25;2;65
"Benzylpenicillin";"Streptococcus pneumoniae";108;899;5428;14412;5983;1942;1058;1174;992;996;2568;2010;172;0;0;0;0;0;0;0.064;33;37742
"Benzylpenicillin";"Streptococcus pyogenes";9;180;1493;1894;60;8;2;2;0;0;0;0;0;0;0;0;0;0;0;0.032;12;3648
"Benzylpenicillin";"Streptococcus salivarius";0;0;0;10;50;47;45;15;17;7;3;2;2;0;0;0;0;0;0;0.25;3;198
"Benzylpenicillin";"Streptococcus sanguinis";0;0;0;30;38;35;40;25;27;9;14;5;4;1;0;0;0;0;0;0.25;3;228
"Benzylpenicillin";"Streptococcus vestibularis";0;0;0;0;2;5;2;1;3;1;0;0;0;0;0;0;0;0;0;0.25;1;14
"Benzylpenicillin";"Streptococcus, viridans group";0;0;13;57;146;171;76;43;28;16;18;9;8;0;0;3;1;0;0;0.25;5;589
"Cefaclor";"Escherichia coli";0;0;0;0;0;0;0;2;31;60;25;22;3;0;4;2;0;1;0;4;1;150
"Cefaclor";"Haemophilus influenzae";0;0;0;0;0;0;2;145;843;3648;9436;8396;3867;1481;497;138;18;1;0;8;15;28472
"Cefaclor";"Haemophilus parainfluenzae";0;0;0;0;0;0;0;10;87;92;148;81;29;13;2;0;0;0;0;;2;462
"Cefaclor";"Klebsiella spp";0;0;0;0;0;1;34;149;100;41;11;14;13;0;1;4;0;0;0;;2;368
"Cefaclor";"Moraxella catarrhalis";0;0;0;0;1;1;19;265;1484;2222;1549;1032;590;253;108;11;1;0;0;;6;7536
"Cefaclor";"Neisseria gonorrhoeae";0;0;0;0;13;10;9;8;12;0;0;0;0;0;0;0;0;0;0;;1;52
"Cefaclor";"Neisseria meningitidis";0;0;0;0;4;15;17;1;0;0;0;0;0;0;0;0;0;0;0;;1;37
"Cefaclor";"Proteus mirabilis";0;0;0;0;0;0;0;0;0;55;35;8;0;0;0;0;0;0;0;;1;98
"Cefaclor";"Staphylococcus aureus";0;0;0;0;0;0;0;0;143;424;1824;1395;280;117;104;166;753;0;0;8;1;5206
"Cefaclor";"Streptococcus agalactiae";0;0;0;0;0;0;1;18;26;10;1;0;0;0;0;0;0;0;0;;2;56
"Cefaclor";"Streptococcus pneumoniae";0;0;0;2;11;258;770;939;271;133;45;6;22;46;40;27;11;0;0;0.5;6;2581
"Cefaclor";"Streptococcus pyogenes";0;0;0;0;0;68;55;42;9;1;1;0;0;0;0;0;0;0;0;;4;176
"Cefadroxil";"Enterobacter spp";0;0;0;0;0;0;0;0;0;0;0;1;7;6;7;4;5;7;0;16;1;37
"Cefadroxil";"Escherichia coli";0;0;0;0;0;0;0;0;0;0;0;8;27;7;2;1;3;2;0;16;1;50
"Cefadroxil";"Haemophilus influenzae";0;0;0;0;0;0;0;0;0;0;0;0;2;12;17;6;1;3;0;;1;41
"Cefadroxil";"Klebsiella spp";0;0;0;0;0;0;0;0;0;0;0;3;19;2;1;2;0;1;0;16;1;28
"Cefadroxil";"Proteus mirabilis";0;0;0;0;0;0;0;0;0;0;1;2;13;9;0;0;0;0;0;16;1;25
"Cefadroxil";"Proteus spp";0;0;0;0;0;0;0;0;0;2;1;0;0;2;10;6;1;22;0;16;1;44
"Cefadroxil";"Staphylococcus aureus";0;0;0;0;0;0;0;0;0;0;20;3;4;0;0;0;5;8;0;;1;40
"Cefadroxil";"Staphylococcus coagulase negative";0;0;0;0;0;0;0;1;2;10;5;15;2;3;0;1;0;1;0;;1;40
"Cefadroxil";"Staphylococcus saprophyticus";0;0;0;0;0;0;0;0;0;0;9;9;0;0;0;0;0;0;0;;1;18
"Cefadroxil";"Streptococcus pneumoniae";0;0;0;0;0;0;0;0;0;19;2;5;0;0;0;5;4;0;0;;1;35
"Cefadroxil";"Streptococcus pyogenes";0;0;0;0;0;0;27;1;0;0;0;0;0;0;0;0;0;0;0;;1;28
"Cefadroxil";"Streptococcus, viridans group";0;0;0;0;0;0;0;0;1;3;9;5;5;0;0;0;1;0;0;;1;24
"Cefalexin";"Enterobacter spp";0;0;0;0;0;0;0;0;0;0;0;5;15;4;10;4;3;21;0;16;1;62
"Cefalexin";"Escherichia coli";0;0;0;0;0;0;0;0;1;0;7;77;18;2;0;1;3;5;0;16;1;114
"Cefalexin";"Haemophilus influenzae";0;0;0;0;0;0;0;0;0;1;0;2;33;38;16;5;1;2;0;64;1;98
"Cefalexin";"Klebsiella spp";0;0;0;0;0;0;0;0;0;0;25;58;13;2;4;2;2;0;0;16;1;106
"Cefalexin";"Morganella morganii";0;0;0;0;0;0;0;0;2;0;3;2;2;2;2;11;7;23;0;16;1;54
"Cefalexin";"Neisseria gonorrhoeae";0;0;0;0;2;1;1;10;33;18;27;8;3;1;0;0;0;0;0;;1;104
"Cefalexin";"Neisseria meningitidis";0;0;0;0;0;0;0;10;3;11;1;0;0;0;0;0;0;0;0;;1;25
"Cefalexin";"Proteus mirabilis";0;0;0;0;0;0;0;0;0;0;0;39;83;27;5;0;0;5;0;16;2;159
"Cefalexin";"Proteus vulgaris";0;0;0;0;0;0;0;0;0;0;0;0;3;3;13;9;16;15;0;16;1;59
"Cefalexin";"Staphylococcus aureus";0;0;0;0;0;0;0;0;1;16;34;13;10;5;5;7;5;6;0;8;1;102
"Cefalexin";"Staphylococcus coagulase negative";0;0;0;0;0;0;0;0;3;6;16;6;4;3;0;0;0;1;0;;1;39
"Cefalexin";"Staphylococcus saprophyticus";0;0;0;0;0;0;0;0;2;1;11;15;7;1;0;0;0;0;0;;1;37
"Cefalexin";"Streptococcus pneumoniae";0;0;0;0;0;0;0;1;3;29;7;3;3;0;0;0;1;0;0;;1;47
"Cefaloridine";"Proteus mirabilis";0;0;0;0;0;0;0;0;1;7;15;7;0;0;3;0;0;0;0;;1;33
"Cefalothin";"Acinetobacter spp";0;0;0;0;0;0;0;0;0;0;0;1;2;7;6;5;1;28;0;;1;50
"Cefalothin";"Citrobacter freundii";0;0;0;0;0;0;0;0;0;2;1;2;4;3;0;0;0;0;5;;1;17
"Cefalothin";"Citrobacter spp";0;0;0;0;0;0;0;0;1;4;15;12;20;31;43;22;18;0;6;;2;172
"Cefalothin";"Enterobacter agglomerans";0;0;0;0;0;0;0;0;0;2;11;55;73;24;7;0;10;0;0;;1;182
"Cefalothin";"Enterobacter cloacae";0;0;0;0;0;0;0;0;0;0;7;4;4;5;23;21;75;4;45;;2;188
"Cefalothin";"Enterobacter dissolvens";0;0;0;0;0;0;0;0;0;0;0;0;2;1;0;9;68;0;0;;1;80
"Cefalothin";"Enterobacter spp";0;0;0;0;0;0;0;0;0;1;8;17;12;20;41;47;91;41;37;;3;315
"Cefalothin";"Enterococcus faecalis";0;0;0;0;0;0;0;0;0;0;0;1;2;12;16;5;2;5;0;;1;43
"Cefalothin";"Escherichia coli";0;0;0;0;0;0;0;0;1;4;110;598;1800;1060;181;38;51;10;8;32;14;3861
"Cefalothin";"Hafnia alvei";0;0;0;0;0;0;0;0;0;0;0;0;0;0;3;2;51;0;0;;1;56
"Cefalothin";"Klebsiella aerogenes";0;0;0;0;0;0;0;0;0;0;0;0;2;2;2;2;0;0;3;;1;11
"Cefalothin";"Klebsiella oxytoca";0;0;0;0;0;0;0;0;0;10;39;21;16;2;0;0;2;1;2;;2;93
"Cefalothin";"Klebsiella pneumoniae";0;0;0;0;0;0;0;0;4;20;85;89;23;18;9;2;3;1;4;;2;258
"Cefalothin";"Klebsiella spp";0;0;0;0;0;0;0;0;2;11;38;56;20;9;7;4;0;5;2;;2;154
"Cefalothin";"Kluyvera spp";0;0;0;0;0;0;0;0;0;0;1;5;13;12;7;64;1;0;0;;1;103
"Cefalothin";"Morganella morganii";0;0;0;0;0;0;0;0;0;0;2;1;0;0;0;0;0;8;22;;1;33
"Cefalothin";"Prevotella spp beta lactamase pos";0;0;0;0;0;0;0;0;2;4;10;4;8;8;6;5;11;0;0;;1;58
"Cefalothin";"Proteus mirabilis";0;0;0;0;0;0;0;0;1;9;119;173;32;8;7;5;1;2;6;;3;363
"Cefalothin";"Proteus spp";0;0;0;0;0;0;0;0;0;3;4;0;1;2;1;3;3;33;0;;1;50
"Cefalothin";"Raoultella spp";0;0;0;0;0;0;0;0;3;3;19;17;5;0;1;0;1;0;0;;1;49
"Cefalothin";"Salmonella spp";0;0;0;0;0;0;0;0;3;4;1954;2554;603;162;57;13;10;0;0;16;4;5360
"Cefalothin";"Serratia liquefaciens";0;0;0;0;0;0;0;0;1;0;0;1;1;1;0;7;57;0;0;;1;68
"Cefalothin";"Serratia spp";0;0;0;0;0;0;0;0;0;0;0;4;4;4;7;6;44;0;0;;1;69
"Cefalothin";"Staphylococcus aureus";0;0;0;0;1;12;136;390;122;30;14;6;1;0;3;2;0;0;0;1;5;717
"Cefalothin";"Staphylococcus coagulase negative";0;0;0;0;0;2;18;50;21;6;1;0;0;0;0;0;0;0;0;;3;98
"Cefalothin";"Staphylococcus coagulase negative";0;0;0;0;4;7;108;119;95;28;12;5;3;1;7;11;20;1;0;;3;421
"Cefalothin";"Staphylococcus saprophyticus";0;0;0;0;0;0;1;5;11;1;0;0;0;0;0;0;0;0;0;;1;18
"Cefalothin";"Streptococcus pneumoniae";0;0;0;1;2;13;78;27;8;6;9;1;1;0;0;0;0;0;0;;2;146
"Cefalothin";"Streptococcus pyogenes";0;0;0;0;1;18;47;1;0;0;0;0;0;0;0;0;0;0;0;;2;67
"Cefalothin";"Streptococcus, viridans group";0;0;0;0;0;1;11;8;4;0;0;0;1;0;0;0;0;0;0;;1;25
"Cefalothin";"Yersinia spp";0;0;0;0;0;0;0;0;0;0;1;3;3;2;4;7;33;0;0;;1;53
"Cefazolin";"Acinetobacter baumannii";0;0;0;0;0;0;0;0;0;0;13;3;4;8;3025;0;0;0;0;;1;3053
"Cefazolin";"Acinetobacter spp";0;0;0;0;0;0;0;0;0;0;40;7;16;47;4059;0;0;0;0;;1;4169
"Cefazolin";"Citrobacter freundii";0;0;0;0;0;0;0;0;0;1;9;2;11;8;9;8;23;0;8;;3;79
"Cefazolin";"Citrobacter spp";0;0;0;0;0;0;0;0;1;0;15;14;1;1;0;7;2;10;5;;2;56
"Cefazolin";"Corynebacterium striatum";0;0;0;0;0;0;0;1;2;0;2;7;0;0;4;0;0;0;0;;1;16
"Cefazolin";"Enterobacter cloacae";0;0;0;0;0;0;0;0;0;0;6;1;1;7;7;2;52;6;18;;3;100
"Cefazolin";"Enterobacter spp";0;0;0;0;0;0;0;0;0;1;6;5;6;3;2;6;9;5;43;;2;86
"Cefazolin";"Escherichia coli";0;0;0;0;0;0;0;0;37;131;67;27;12;5;4;1;1;0;0;;4;285
"Cefazolin";"Klebsiella aerogenes";0;0;0;0;0;0;0;0;0;0;0;0;0;0;2;0;7;0;0;;1;9
"Cefazolin";"Klebsiella oxytoca";0;0;0;0;0;0;0;0;1;11;41;16;17;11;4;3;12;1;4;;4;121
"Cefazolin";"Klebsiella pneumoniae";0;0;0;0;0;0;0;0;5;71;82;17;8;6;12;1;5;1;0;;5;208
"Cefazolin";"Morganella morganii";0;0;0;0;0;0;0;0;0;0;0;0;2;0;0;0;28;17;28;;2;75
"Cefazolin";"Neisseria gonorrhoeae";0;0;0;0;0;0;0;32;24;9;19;12;0;0;0;0;0;0;0;;1;96
"Cefazolin";"Proteus mirabilis";0;0;0;0;0;0;0;0;0;0;60;156;43;16;4;1;5;1;1;;6;287
"Cefazolin";"Salmonella spp";0;0;0;0;0;0;0;0;3;88;25;4;1;0;0;0;0;0;0;;3;121
"Cefazolin";"Serratia marcescens";0;0;0;0;0;0;0;0;0;1;0;0;0;0;2;0;78;0;0;;3;81
"Cefazolin";"Shigella flexneri";0;0;0;0;0;0;0;0;0;8;4;0;0;0;0;0;0;0;0;;1;12
"Cefazolin";"Staphylococcus aureus";0;0;0;0;0;18;359;3277;7870;4718;878;250;181;157;1343;0;0;0;201;2;5;19252
"Cefazolin";"Staphylococcus capitis";0;0;0;0;0;0;70;73;18;4;8;5;3;6;20;0;0;0;209;;1;416
"Cefazolin";"Staphylococcus epidermidis";0;0;0;0;0;0;122;208;88;176;295;212;111;84;201;1;0;0;0;;2;1498
"Cefazolin";"Staphylococcus haemolyticus";0;0;0;0;0;0;3;15;34;5;8;13;10;4;159;0;0;0;0;;1;251
"Cefazolin";"Staphylococcus warneri";0;0;0;0;0;0;12;33;24;8;8;9;9;3;9;0;0;0;246;;1;361
"Cefazolin";"Streptococcus pneumoniae";0;0;0;0;14;147;30;6;5;3;2;2;0;0;0;0;0;0;0;;1;209
"Cefdinir";"Haemophilus influenzae";0;0;0;0;0;353;3345;8958;3562;900;301;63;9;3;0;0;0;0;0;1;2;17494
"Cefdinir";"Haemophilus parainfluenzae";0;0;0;0;0;133;162;74;28;16;2;1;0;0;0;0;0;0;0;;1;416
"Cefdinir";"Legionella pneumophila";0;0;0;0;0;0;0;0;8;15;29;35;11;2;0;0;0;0;0;;1;100
"Cefdinir";"Moraxella catarrhalis";0;0;0;0;0;247;2248;1405;158;25;1;0;0;0;0;0;0;0;0;;1;4084
"Cefdinir";"Streptococcus pneumoniae";0;0;0;2;80;1908;429;106;46;24;18;87;262;23;1;0;0;0;0;;1;2986
"Cefepime";"Acinetobacter baumannii";0;0;0;0;3;5;27;36;87;296;569;544;458;617;1267;138;54;123;0;;66;4224
"Cefepime";"Acinetobacter calcoaceticus";0;0;0;0;0;0;1;0;0;1;2;1;0;1;1;1;0;0;0;;1;8
"Cefepime";"Acinetobacter lwoffii";0;0;0;1;0;1;27;58;84;54;34;37;25;36;33;4;1;2;0;;2;397
"Cefepime";"Acinetobacter spp";0;0;0;0;1;1;74;93;185;405;786;675;1661;2531;2044;170;130;50;0;;3;8806
"Cefepime";"Alcaligenes xylosoxidans";0;0;0;0;0;1;0;0;0;0;2;1;1;5;9;2;1;1;0;;1;23
"Cefepime";"Citrobacter freundii";0;0;0;2;17;68;1;9;7;20;7;1;6;1;2;0;0;0;0;0.125;1;141
"Cefepime";"Citrobacter koseri";0;0;1;3;14;40;1;5;0;2;0;0;0;0;0;0;0;0;0;0.125;1;66
"Cefepime";"Corynebacterium jeikeium";0;0;0;0;0;0;2;1;2;0;5;4;0;6;46;0;0;0;0;;1;66
"Cefepime";"Enterobacter cloacae";8;22;175;215;172;214;3776;422;347;346;441;387;239;111;179;14;2;4;0;0.125;20;7074
"Cefepime";"Enterobacter sakazakii";0;0;0;0;0;0;38;5;1;2;0;2;0;1;0;0;0;0;0;;1;49
"Cefepime";"Enterococcus faecalis";0;0;0;0;0;0;5;10;2;3;9;40;96;830;7441;62;26;0;0;;2;8524
"Cefepime";"Enterococcus faecium";0;0;0;0;0;0;6;10;2;5;14;23;14;15;3377;0;0;0;0;;1;3466
"Cefepime";"Escherichia coli";0;0;113;245;1061;1442;432;155;109;63;41;72;58;53;67;56;34;43;0;0.125;48;4044
"Cefepime";"Haemophilus influenzae";0;0;0;1;55;190;98;21;27;15;18;1;0;0;0;0;0;0;0;0.25;5;426
"Cefepime";"Haemophilus parainfluenzae";0;0;0;0;0;91;80;10;7;3;6;4;0;0;0;0;0;0;0;;1;201
"Cefepime";"Klebsiella aerogenes";0;0;0;0;23;61;1247;191;118;119;77;53;38;18;25;2;2;2;0;0.125;3;1976
"Cefepime";"Klebsiella oxytoca";0;0;2;26;62;66;6;4;1;8;11;12;5;4;4;3;1;0;0;0.125;1;215
"Cefepime";"Klebsiella pneumoniae";0;0;9;32;134;364;38;38;35;53;54;62;65;105;87;60;49;50;0;0.125;2;1235
"Cefepime";"Klebsiella spp";0;0;2;4;209;13;7;5;5;3;0;0;0;0;0;0;0;0;0;;2;248
"Cefepime";"Moraxella catarrhalis";0;0;0;0;0;131;952;1535;2172;1474;617;132;2;0;0;0;0;0;0;;1;7015
"Cefepime";"Morganella morganii";0;0;0;19;40;45;3;2;3;2;2;0;2;0;0;0;0;0;0;0.125;1;118
"Cefepime";"Neisseria meningitidis";0;0;0;0;0;49;132;2;1;0;0;0;0;0;0;0;0;0;0;;1;184
"Cefepime";"Proteus mirabilis";0;0;8;7;46;303;29;25;10;9;9;17;10;8;13;7;10;3;0;0.125;3;514
"Cefepime";"Proteus vulgaris";0;0;0;1;15;28;9;2;0;1;2;1;5;2;1;0;0;0;0;0.125;2;67
"Cefepime";"Pseudomonas aeruginosa";0;0;0;1;1;1;99;152;793;3787;10519;7295;6110;4438;3779;113;38;12;0;8;12;37138
"Cefepime";"Pseudomonas fluorescens group";0;0;0;1;0;0;2;1;12;30;51;34;15;17;8;0;0;0;0;;3;171
"Cefepime";"Serratia marcescens";0;0;2;7;17;152;34;53;41;29;32;5;3;2;2;3;9;33;0;0.125;2;424
"Cefepime";"Staphylococcus aureus";0;0;1;12;10;4;8;34;180;548;2043;854;98;33;13;64;8;12;0;8;38;3922
"Cefepime";"Staphylococcus capitis";0;0;0;0;0;0;9;43;72;44;26;12;20;27;15;1;0;0;0;;3;269
"Cefepime";"Staphylococcus epidermidis";0;0;0;0;1;4;12;163;672;518;862;1354;892;570;618;20;0;0;0;;3;5686
"Cefepime";"Staphylococcus haemolyticus";0;0;0;0;0;0;0;3;5;38;84;60;47;41;377;0;0;0;0;;1;655
"Cefepime";"Staphylococcus hominis";0;0;0;0;0;0;1;15;39;99;94;149;124;30;60;2;0;0;0;;3;613
"Cefepime";"Staphylococcus lugdunensis";0;0;0;0;0;0;1;2;2;19;47;9;4;1;5;0;0;0;0;;2;90
"Cefepime";"Staphylococcus saprophyticus";0;0;0;0;0;0;0;2;6;28;62;19;18;11;27;0;0;0;0;;1;173
"Cefepime";"Staphylococcus simulans";0;0;0;0;0;0;0;3;10;23;18;13;12;9;20;0;0;0;0;;1;108
"Cefepime";"Staphylococcus warneri";0;0;0;0;0;0;0;3;24;52;20;11;20;16;16;0;0;0;0;;1;162
"Cefepime";"Staphylococcus xylosis";0;0;0;0;0;0;0;1;6;4;9;9;8;7;4;0;0;0;0;;1;48
"Cefepime";"Stenotrophomonas maltophilia";0;0;0;0;0;0;7;9;30;62;150;249;618;1233;1892;45;5;0;0;;4;4300
"Cefepime";"Streptococcus agalactiae";0;0;0;1;4;262;2544;42;10;6;0;1;0;1;0;0;0;2;0;0.125;4;2873
"Cefepime";"Streptococcus anginosus";0;0;0;0;0;0;38;54;36;1;0;1;0;0;0;0;0;0;0;;1;130
"Cefepime";"Streptococcus constellatus";0;0;0;0;0;2;27;34;61;11;1;0;2;3;3;0;0;0;0;;1;144
"Cefepime";"Streptococcus group C";0;0;0;0;0;13;153;26;23;0;0;0;0;0;0;0;0;0;0;;1;215
"Cefepime";"Streptococcus group F";0;0;0;0;0;1;7;12;36;0;0;0;0;0;0;0;0;0;0;;1;56
"Cefepime";"Streptococcus group G";0;0;0;0;0;82;681;11;4;0;0;0;0;0;0;0;0;0;0;;2;778
"Cefepime";"Streptococcus intermedius";0;0;0;0;0;4;19;26;11;3;4;2;0;1;0;0;0;0;0;;1;70
"Cefepime";"Streptococcus milleri";0;0;0;0;0;4;29;50;39;8;0;0;0;0;0;0;0;0;0;;1;130
"Cefepime";"Streptococcus mitis";0;0;0;0;0;26;215;56;46;32;34;13;6;3;6;0;0;0;0;;1;437
"Cefepime";"Streptococcus mutans";0;0;0;0;0;8;23;6;0;1;1;0;0;0;0;0;0;0;0;;1;39
"Cefepime";"Streptococcus oralis";0;0;0;0;0;12;89;22;17;7;16;9;5;2;0;0;0;0;0;;1;179
"Cefepime";"Streptococcus salivarius";0;0;0;0;0;12;77;13;9;6;2;1;0;1;0;0;0;0;0;;1;121
"Cefepime";"Streptococcus sanguinis";0;0;0;0;0;5;84;22;33;5;9;3;3;0;0;0;0;0;0;;1;164
"Cefepime";"Yersinia enterocolitica";0;0;0;1;0;12;93;14;0;0;0;0;0;0;0;0;0;0;0;0.5;1;120
"Cefepime-clavulanate";"Acinetobacter baumannii";0;0;2;0;2;0;0;1;2;4;8;11;10;2;9;4;3;5;0;;7;63
"Cefixime";"Acinetobacter spp";0;0;0;0;0;0;0;0;1;2;5;5;10;8;0;1;0;0;0;;1;32
"Cefixime";"Enterobacter spp";0;0;0;0;3;6;2;9;7;6;1;0;0;0;0;2;0;0;0;;1;36
"Cefixime";"Escherichia coli";0;0;3;4;22;101;297;703;676;264;65;43;41;128;6;5;1;1;1;;5;2361
"Cefixime";"Haemophilus influenzae";0;0;98;1202;4408;1339;200;90;63;25;7;1;0;0;0;0;0;0;0;0.125;9;7433
"Cefixime";"Haemophilus parainfluenzae";0;0;163;139;70;24;10;6;3;1;0;0;0;0;0;0;0;0;0;;1;416
"Cefixime";"Klebsiella spp";0;19;29;67;69;37;7;14;15;4;2;0;0;1;1;0;0;1;0;;2;266
"Cefixime";"Moraxella catarrhalis";0;0;0;7;229;340;180;540;107;2;0;0;0;0;0;0;0;0;0;;5;1405
"Cefixime";"Neisseria gonorrhoeae";5;10;203;31;377;47;40;7;3;3;1;0;0;0;0;0;0;0;0;;7;727
"Cefixime";"Proteus mirabilis";0;5;15;0;0;0;0;0;0;0;0;0;0;0;0;0;0;0;0;;1;20
"Cefixime";"Proteus spp";0;3;22;5;0;3;14;2;0;0;0;0;0;0;0;0;0;0;0;;1;49
"Cefixime";"Salmonella spp";0;0;0;0;0;0;19;15;1;2;0;0;0;0;0;0;0;0;0;;1;37
"Cefixime";"Staphylococcus aureus";0;0;0;0;0;0;0;0;0;0;0;0;17;2;4;9;0;0;0;;1;32
"Cefixime";"Staphylococcus coagulase negative";0;0;0;0;0;0;0;0;0;6;13;8;3;11;9;0;0;0;0;;2;50
"Cefixime";"Staphylococcus saprophyticus";0;0;0;0;0;0;0;0;0;1;0;0;3;8;22;20;1;0;0;;2;55
"Cefixime";"Streptococcus agalactiae";0;0;0;0;0;0;3;65;5;0;0;0;0;0;0;0;0;0;0;;2;73
"Cefixime";"Streptococcus pneumoniae";0;0;0;0;0;6;282;2426;507;299;299;193;201;380;572;187;39;0;0;;5;5391
"Cefixime";"Streptococcus pyogenes";0;0;0;0;3;90;40;0;0;0;0;0;0;0;0;0;0;0;0;;2;133
"Cefixime";"Streptococcus, viridans group";0;0;0;0;0;4;3;5;3;5;3;1;1;0;0;0;0;0;0;;1;25
"Cefoperazone";"Enterobacter cloacae";0;0;0;0;0;1;5;14;17;8;6;1;4;7;7;5;11;34;0;;1;120
"Cefoperazone";"Escherichia coli";0;0;0;0;0;22;122;165;50;59;26;17;12;26;6;13;20;159;0;1;3;697
"Cefoperazone";"Haemophilus influenzae";0;0;0;45;106;18;6;4;4;2;2;0;0;0;0;0;0;0;0;0.125;1;187
"Cefoperazone";"Klebsiella aerogenes";0;0;0;0;0;0;0;4;3;3;1;0;0;1;3;0;5;16;0;;1;36
"Cefoperazone";"Klebsiella oxytoca";0;0;0;0;0;1;1;1;1;5;5;4;0;2;1;0;1;6;0;;1;28
"Cefoperazone";"Klebsiella pneumoniae";0;0;0;0;0;173;10;2;4;0;2;5;6;5;1;1;2;0;0;;1;211
"Cefoperazone";"Morganella morganii";0;0;0;0;0;0;0;0;1;4;4;1;1;2;1;1;4;7;0;;1;26
"Cefoperazone";"Proteus mirabilis";0;0;0;0;0;0;0;1;15;37;5;4;2;4;1;4;11;38;0;;1;122
"Cefoperazone";"Proteus vulgaris";0;0;0;0;0;0;0;0;0;10;4;0;1;1;2;2;2;3;0;;1;25
"Cefoperazone";"Salmonella enteritidis";0;0;0;0;0;0;0;2;52;8;0;3;1;0;0;1;0;0;0;;1;67
"Cefoperazone";"Salmonella paratyphi";0;0;0;0;0;0;0;0;3;4;0;0;0;0;0;0;0;0;0;;1;7
"Cefoperazone";"Salmonella spp";0;0;0;0;0;0;0;6;109;24;3;12;6;0;10;8;0;0;0;;1;178
"Cefoperazone";"Serratia marcescens";0;0;0;0;0;0;0;0;1;3;5;6;6;6;17;23;13;59;0;;1;139
"Cefoperazone";"Staphylococcus aureus";0;0;0;0;0;4;0;1;10;69;599;95;20;2;2;2;2;0;0;8;1;806
"Cefoperazone";"Stenotrophomonas maltophilia";0;0;0;0;0;0;0;0;5;11;22;36;45;86;97;151;12;10;0;;3;475
"Cefoperazone";"Streptococcus pneumoniae";0;0;0;0;79;96;14;5;6;5;3;1;1;0;0;0;0;0;0;;1;210
"Cefotaxime";"Acinetobacter baumannii";0;0;0;0;1;2;0;25;6;11;24;92;359;389;161;217;26;125;5;;40;1443
"Cefotaxime";"Acinetobacter calcoaceticus";0;0;0;0;0;0;0;0;0;1;0;0;3;1;0;1;0;0;0;;1;6
"Cefotaxime";"Acinetobacter lwoffii";0;0;0;0;0;0;0;31;23;45;64;38;65;35;9;7;0;0;15;;1;332
"Cefotaxime";"Acinetobacter spp";0;0;0;0;0;0;0;33;35;61;88;92;146;116;52;25;3;0;22;;3;673
"Cefotaxime";"Burkholderia cepacia";0;0;0;0;0;0;0;0;0;7;4;5;9;5;4;6;0;1;0;;3;41
"Cefotaxime";"Citrobacter freundii";0;0;0;0;1;3;42;5;5;2;3;4;3;18;18;5;1;0;0;0.5;3;110
"Cefotaxime";"Citrobacter spp";0;0;0;0;17;35;19;11;10;9;2;4;3;4;4;3;0;0;0;0.5;4;121
"Cefotaxime";"Enterobacter cloacae";0;0;1;6;19;64;213;189;129;44;26;19;35;53;90;59;56;58;12;0.5;8;1073
"Cefotaxime";"Enterobacter spp";0;0;0;1;19;47;79;45;29;22;7;10;4;20;11;4;0;5;0;0.5;3;303
"Cefotaxime";"Escherichia coli";0;5;40;263;1638;4916;2338;469;188;81;52;37;38;50;68;131;22;33;28;0.25;41;10397
"Cefotaxime";"Haemophilus influenzae";44;362;3540;6129;2539;833;153;45;20;17;1;2;0;0;0;0;0;0;0;0.064;23;13685
"Cefotaxime";"Kingella kingae";0;0;0;53;143;6;0;0;0;0;0;0;0;0;0;0;0;0;0;;1;202
"Cefotaxime";"Klebsiella aerogenes";0;0;0;0;7;28;33;9;3;3;4;2;8;15;8;9;6;11;0;0.5;5;146
"Cefotaxime";"Klebsiella oxytoca";0;1;7;55;155;80;19;22;9;12;13;14;9;4;11;11;0;1;0;0.125;7;423
"Cefotaxime";"Klebsiella pneumoniae";0;2;12;99;523;745;271;84;65;19;28;36;54;43;49;68;105;199;20;0.25;11;2422
"Cefotaxime";"Klebsiella spp";0;5;21;86;103;73;34;13;16;11;4;1;2;1;0;1;1;0;0;0.125;3;372
"Cefotaxime";"Legionella pneumophila";0;0;0;2;10;51;56;40;23;1;0;0;0;0;0;0;0;0;0;;1;183
"Cefotaxime";"Moraxella catarrhalis";0;0;0;27;108;483;430;275;907;517;9;1;0;0;0;0;0;0;0;;7;2757
"Cefotaxime";"Morganella morganii";0;8;27;35;24;18;12;8;6;2;7;10;4;2;2;0;0;1;0;;3;166
"Cefotaxime";"Neisseria gonorrhoeae";1022;1490;1466;1141;945;805;759;389;66;0;2;0;0;0;0;0;0;0;0;0.016;10;8085
"Cefotaxime";"Neisseria meningitidis";430;879;548;139;21;2;0;0;0;0;0;0;0;0;0;0;0;0;0;0.016;18;2019
"Cefotaxime";"Pasteurella multocida";1;15;103;35;3;0;0;0;0;0;0;0;0;0;0;0;0;0;0;0.032;4;157
"Cefotaxime";"Proteus mirabilis";0;1;107;212;71;11;2;3;3;13;1;1;2;1;2;4;1;1;0;0.064;4;436
"Cefotaxime";"Proteus vulgaris";0;0;14;22;27;23;20;11;3;0;0;0;4;2;1;0;0;4;0;0.125;3;131
"Cefotaxime";"Pseudomonas aeruginosa";0;0;0;0;2;3;2;2;10;13;21;93;412;419;274;155;79;14;0;32;6;1499
"Cefotaxime";"Salmonella spp";0;0;0;0;4;655;11028;1358;189;19;2;6;8;35;11;0;0;0;0;0.5;10;13315
"Cefotaxime";"Serratia marcescens";0;0;0;0;0;3;51;35;34;44;12;19;33;25;24;9;1;48;0;1;4;338
"Cefotaxime";"Serratia spp";0;0;0;0;1;7;42;43;43;26;13;5;20;35;7;6;1;1;0;1;3;250
"Cefotaxime";"Staphylococcus aureus";0;0;2;0;1;3;18;103;383;2174;2383;400;92;25;242;10;6;15;0;4;41;5857
"Cefotaxime";"Staphylococcus capitis";0;0;0;0;0;0;6;20;42;51;11;9;7;1;6;0;0;0;0;2;2;153
"Cefotaxime";"Staphylococcus coagulase negative";0;0;0;1;1;2;17;57;98;76;57;63;46;13;14;41;1;3;0;2;3;490
"Cefotaxime";"Staphylococcus epidermidis";0;0;0;0;0;5;28;114;204;113;137;408;363;51;59;1;0;0;0;2;2;1483
"Cefotaxime";"Staphylococcus hominis";0;0;0;0;0;0;3;8;16;60;55;115;58;14;16;0;0;0;0;;2;345
"Cefotaxime";"Staphylococcus saprophyticus";0;0;0;0;0;0;0;0;0;3;12;6;0;0;0;0;0;0;0;;2;21
"Cefotaxime";"Staphylococcus warneri";0;0;0;0;0;0;0;6;23;14;4;4;2;0;0;0;0;0;0;;1;53
"Cefotaxime";"Stenotrophomonas maltophilia";0;0;0;0;1;1;2;0;0;3;12;14;8;24;22;55;21;49;0;;3;212
"Cefotaxime";"Streptococcus agalactiae";0;0;0;17;571;412;59;8;0;0;0;0;0;0;0;2;0;0;0;0.125;11;1069
"Cefotaxime";"Streptococcus anginosus";0;0;0;0;4;10;26;4;0;0;0;0;0;0;0;0;0;0;0;;2;44
"Cefotaxime";"Streptococcus group G";0;1;9;151;10;21;0;1;0;0;0;0;0;0;0;0;0;0;0;0.125;5;193
"Cefotaxime";"Streptococcus oralis";0;1;8;17;46;59;30;19;7;2;3;2;2;0;0;0;0;0;0;;4;196
"Cefotaxime";"Streptococcus pneumoniae";157;551;3539;5814;1112;455;337;254;354;229;79;14;2;3;0;0;0;0;0;0.064;25;12900
"Cefotaxime";"Streptococcus pyogenes";1;21;416;236;27;22;1;1;0;0;0;0;0;0;0;0;0;0;0;0.064;7;725
"Cefotaxime";"Streptococcus, viridans group";1;3;16;39;113;111;155;129;58;24;15;6;9;6;1;1;0;1;1;;6;689
"Cefotaxime";"Yersinia enterocolitica";0;0;0;0;1;25;223;24;6;5;2;2;0;0;0;0;0;0;0;1;3;288
"Cefotaxime-clavulanate";"Escherichia coli";0;0;15;128;127;279;120;26;6;7;6;2;2;2;12;0;0;1;0;0.25;14;733
"Cefotaxime-clavulanate";"Staphylococcus aureus";0;0;1;0;0;1;0;0;2;1;48;12;0;0;0;0;0;0;0;;3;65
"Cefoxitin";"Acinetobacter baumannii";0;0;0;0;0;0;0;1;0;1;3;15;22;56;182;2892;36;8;0;;22;3216
"Cefoxitin";"Acinetobacter lwoffii";0;0;0;0;0;0;0;6;4;7;18;33;42;61;45;131;0;0;0;;1;347
"Cefoxitin";"Acinetobacter spp";0;0;0;0;0;0;0;17;13;23;75;150;196;309;470;7588;0;0;0;;2;8841
"Cefoxitin";"Bacteroides fragilis";0;0;0;0;0;0;0;15;1;4;41;523;653;330;166;69;23;44;29;;5;1898
"Cefoxitin";"Bacteroides fragilis group";0;0;0;1;0;0;0;19;1;12;25;197;322;257;178;80;27;33;14;;4;1166
"Cefoxitin";"Bacteroides ovatus";0;0;0;0;0;0;0;0;0;1;2;3;4;14;16;7;3;4;0;;3;54
"Cefoxitin";"Bacteroides thetaiotaomicron";0;0;0;0;0;0;0;5;0;2;3;13;25;73;77;20;6;9;4;;3;237
"Cefoxitin";"Bacteroides vulgatus";0;0;0;0;0;0;0;0;0;1;3;7;13;12;6;3;1;4;1;;3;51
"Cefoxitin";"Citrobacter freundii";0;0;0;0;0;0;0;0;2;8;24;25;23;30;86;782;29;0;0;;3;1009
"Cefoxitin";"Citrobacter koseri";0;0;0;0;0;0;0;0;1;63;318;85;31;24;8;7;0;0;0;;2;537
"Cefoxitin";"Citrobacter spp";0;0;0;0;0;0;0;0;6;99;382;157;78;71;115;917;29;39;0;;6;1893
"Cefoxitin";"Enterobacter cloacae";0;0;0;0;0;0;1;2;8;9;37;89;114;136;324;5479;229;816;0;;19;7244
"Cefoxitin";"Escherichia coli";0;0;0;0;0;0;3;76;1450;4920;28297;41022;12510;2984;2029;1881;22;19;0;8;30;95213
"Cefoxitin";"Haemophilus influenzae";0;0;0;0;0;0;0;31;41;168;1245;530;116;44;22;11;0;0;0;8;4;2208
"Cefoxitin";"Hafnia alvei";0;0;0;0;0;0;0;0;0;0;3;3;3;2;1;1;0;0;0;;2;13
"Cefoxitin";"Klebsiella aerogenes";0;0;0;0;0;0;0;2;2;5;30;33;27;42;44;1646;58;155;0;;20;2044
"Cefoxitin";"Klebsiella oxytoca";0;0;0;0;0;0;1;4;26;414;1375;705;212;121;36;58;0;5;0;8;23;2957
"Cefoxitin";"Klebsiella pneumoniae";0;0;0;0;0;0;1;7;77;1716;9839;7857;2895;1482;871;551;20;8;0;8;25;25324
"Cefoxitin";"Morganella morganii";0;0;0;0;0;0;0;0;1;2;12;73;551;396;42;82;4;0;0;;10;1163
"Cefoxitin";"Prevotella spp";0;0;0;0;0;1;0;44;13;26;13;35;24;12;7;0;0;0;0;;1;175
"Cefoxitin";"Proteus mirabilis";0;0;0;0;0;0;0;3;8;269;3818;3461;487;130;53;43;1;2;0;8;13;8275
"Cefoxitin";"Proteus vulgaris";0;0;0;0;0;0;0;1;3;1;83;153;89;11;3;8;0;0;0;;5;352
"Cefoxitin";"Providencia rettgeri";0;0;0;0;0;0;0;0;0;16;32;22;9;5;4;4;0;4;0;;3;96
"Cefoxitin";"Providencia stuartii";0;0;0;0;0;0;0;1;1;16;93;46;9;11;8;18;0;0;0;;3;203
"Cefoxitin";"Salmonella enteritidis";0;0;0;0;0;0;0;1;1;25;426;90;8;4;0;0;0;0;0;8;1;555
"Cefoxitin";"Salmonella spp";0;0;0;0;0;0;0;5;631;3512;17713;8554;973;350;1527;1273;0;0;0;8;8;34538
"Cefoxitin";"Salmonella typhi";0;0;0;0;0;0;0;0;0;94;180;30;17;1;0;1;0;0;0;8;1;323
"Cefoxitin";"Salmonella typhimurium";0;0;0;0;0;0;0;0;0;18;104;48;10;4;4;1;0;0;0;8;1;189
"Cefoxitin";"Serratia marcescens";0;0;0;0;0;0;0;1;4;2;13;63;787;2691;1770;581;46;14;0;;7;5972
"Cefoxitin";"Serratia spp";0;0;0;0;0;0;0;0;0;0;0;1;3;20;55;37;14;10;0;;2;140
"Cefoxitin";"Shigella flexneri";0;0;0;0;0;0;0;1;0;5;141;177;7;1;0;1;0;0;0;8;2;333
"Cefoxitin";"Shigella sonnei";0;0;0;0;0;0;0;0;0;51;267;103;5;0;0;0;0;0;0;8;1;426
"Cefoxitin";"Staphylococcus aureus";0;0;0;0;0;0;1;9;67;273;217;160;8;1;7;6;3;4;0;4;12;756
"Cefoxitin";"Staphylococcus aureus MRSA";0;0;0;0;0;0;0;0;0;0;0;1;5;18;69;55;12;9;0;4;3;169
"Cefoxitin";"Staphylococcus aureus MSSA";0;0;0;0;0;0;0;0;0;0;6;244;24;0;0;0;0;0;0;4;3;274
"Cefoxitin";"Staphylococcus lugdunensis";0;0;0;0;0;0;0;0;0;5;79;17;1;0;0;0;0;0;0;;2;102
"Cefoxitin";"Staphylococcus saprophyticus";0;0;0;0;0;0;0;0;0;1;12;97;5;0;5;1;0;0;3;;1;124
"Cefpirome";"Acinetobacter spp";0;0;0;0;0;0;0;0;7;19;16;33;4;11;1;12;0;0;0;;1;103
"Cefpirome";"Citrobacter spp";0;0;1;1;3;7;3;2;1;0;0;0;0;0;0;0;0;0;0;;1;18
"Cefpirome";"Enterobacter spp";0;0;0;0;5;4;14;4;5;5;1;1;0;0;0;0;0;0;0;;1;39
"Cefpirome";"Escherichia coli";0;0;1;234;1503;2359;1023;268;88;47;46;20;9;14;16;9;86;5;0;0.25;7;5728
"Cefpirome";"Haemophilus influenzae";0;0;0;28;127;75;2;8;2;1;0;0;0;0;0;0;0;0;0;0.125;2;243
"Cefpirome";"Klebsiella spp";0;0;5;66;324;251;69;32;22;17;4;2;1;0;0;0;1;0;0;0.25;4;794
"Cefpirome";"Morganella morganii";0;3;7;47;15;2;2;4;0;0;0;0;0;0;0;0;0;0;0;;1;80
"Cefpirome";"Neisseria gonorrhoeae";5;19;33;44;22;7;0;0;0;0;0;0;0;0;0;0;0;0;0;;1;130
"Cefpirome";"Neisseria meningitidis";4;2;15;7;0;0;0;0;0;0;0;0;0;0;0;0;0;0;0;;1;28
"Cefpirome";"Proteus mirabilis";0;1;3;24;73;69;12;8;3;0;0;0;0;0;0;0;0;0;0;0.25;2;193
"Cefpirome";"Proteus vulgaris";0;0;0;3;1;10;11;8;2;0;0;0;0;0;0;0;0;0;0;;1;35
"Cefpirome";"Providencia spp";0;0;0;5;8;50;19;7;10;0;0;2;0;0;0;0;0;0;0;;1;101
"Cefpirome";"Pseudomonas aeruginosa";0;0;0;0;0;0;0;1;9;135;262;154;77;38;16;6;6;0;0;;4;704
"Cefpirome";"Salmonella spp";0;0;0;0;1;11;16;6;0;0;0;2;0;1;0;0;0;0;0;;1;37
"Cefpirome";"Serratia spp";0;0;0;1;0;13;7;2;6;0;0;1;0;0;0;0;0;0;0;;1;30
"Cefpirome";"Streptococcus pneumoniae";0;0;2;155;62;216;259;15;24;2;4;7;9;6;2;0;4;0;0;;4;767
"Cefpodoxime";"Citrobacter freundii";0;0;0;0;0;0;1;28;31;203;251;67;11;4;3;205;8;0;30;;3;842
"Cefpodoxime";"Citrobacter koseri";0;0;0;0;0;0;1;9;1;3;0;0;0;1;0;0;1;0;0;;1;16
"Cefpodoxime";"Enterobacter cloacae";0;0;0;0;0;0;3;210;290;636;349;145;74;51;48;640;64;0;56;;3;2566
"Cefpodoxime";"Enterobacter spp";0;0;0;0;0;0;1;95;110;209;164;62;22;13;12;185;1;0;72;;2;946
"Cefpodoxime";"Escherichia coli";0;0;0;0;0;0;58;553;684;154;46;21;14;11;11;13;114;0;0;2;2;1679
"Cefpodoxime";"Haemophilus influenzae";0;0;20;662;5220;9636;3342;1274;234;211;212;30;1;0;0;0;0;0;0;0.25;7;20842
"Cefpodoxime";"Klebsiella aerogenes";0;0;0;0;0;0;1;22;34;17;8;4;3;3;4;27;19;0;0;;2;142
"Cefpodoxime";"Legionella pneumophila";0;0;0;0;0;0;4;4;14;44;34;0;0;0;0;0;0;0;0;;1;100
"Cefpodoxime";"Moraxella catarrhalis";0;0;0;1;35;219;1468;2598;3916;2392;145;11;3;0;0;0;0;0;0;;4;10788
"Cefpodoxime";"Pseudomonas aeruginosa";0;0;0;0;0;0;8;0;3;1;0;0;1;2;2;7;414;0;0;;1;438
"Cefpodoxime";"Serratia liquefaciens";0;0;0;0;0;0;1;17;37;48;15;12;6;3;6;11;3;0;138;;2;297
"Cefpodoxime";"Serratia marcescens";0;0;0;0;0;0;1;30;209;277;94;59;32;26;25;50;10;0;154;;3;967
"Cefpodoxime";"Serratia spp";0;0;0;0;0;1;0;8;67;96;48;15;14;9;5;14;2;4;167;;3;450
"Cefpodoxime";"Staphylococcus aureus";0;0;0;0;0;0;7;10;23;597;3340;193;96;72;900;0;1;2;0;4;2;5241
"Cefpodoxime";"Streptococcus agalactiae";0;0;0;0;98;248;18;4;1;0;0;0;0;0;0;0;0;0;0;;2;369
"Cefpodoxime";"Streptococcus oralis";0;0;0;0;6;4;5;2;2;3;3;1;5;0;0;0;0;0;0;;1;31
"Cefpodoxime";"Streptococcus pneumoniae";0;0;49;378;3413;530;220;177;101;176;433;313;19;14;2;0;0;0;0;0.125;5;5825
"Cefpodoxime-clavulanic acid";"Citrobacter freundii";0;0;0;0;0;0;0;22;17;76;114;50;18;6;3;115;0;0;29;;1;450
"Cefpodoxime-clavulanic acid";"Serratia liquefaciens";0;0;0;0;0;0;0;7;11;27;16;6;5;3;2;7;0;0;137;;1;221
"Cefpodoxime-clavulanic acid";"Serratia marcescens";0;0;0;0;0;0;0;1;26;90;127;63;35;20;15;21;0;0;153;;1;551
"Cefpodoxime-clavulanic acid";"Serratia spp";0;0;0;0;0;0;0;4;14;42;52;41;14;9;6;11;0;0;166;;1;359
"Ceftaroline";"Citrobacter spp";0;0;0;0;0;0;1;4;1;0;1;0;2;0;1;5;3;0;0;;1;18
"Ceftaroline";"Enterobacter cloacae";0;0;0;0;0;0;1;1;1;2;0;1;0;0;0;2;0;0;0;;1;8
"Ceftaroline";"Escherichia coli";0;0;1;0;102;272;167;87;52;28;18;11;13;4;62;1;11;0;0;0.5;3;829
"Ceftaroline";"Haemophilus influenzae";1;8;1420;423;185;68;26;15;5;0;0;0;0;0;0;0;0;0;0;0.032;5;2151
"Ceftaroline";"Klebsiella aerogenes";0;0;0;0;0;1;1;0;0;1;0;0;0;0;0;2;0;0;0;;1;5
"Ceftaroline";"Klebsiella oxytoca";0;0;0;0;19;55;72;75;32;7;2;3;4;2;22;1;3;0;0;0.5;3;297
"Ceftaroline";"Klebsiella pneumoniae";0;0;0;0;44;302;178;57;40;13;5;6;15;4;68;1;1;0;0;0.5;3;734
"Ceftaroline";"Morganella morganii";0;0;0;0;0;2;0;1;0;1;0;0;0;0;0;1;0;0;0;;1;5
"Ceftaroline";"Staphylococcus aureus";0;0;0;0;5;27;935;5637;3380;1542;474;3;6;0;0;0;0;0;0;0.5;5;12009
"Ceftaroline";"Staphylococcus aureus MRSA";0;0;0;0;5;18;689;4422;3101;1491;447;2;6;0;0;0;0;0;0;0.5;3;10181
"Ceftaroline";"Staphylococcus aureus MSSA";0;0;0;0;0;6;246;1169;61;11;1;0;0;0;0;0;0;0;0;0.5;3;1494
"Ceftaroline";"Streptococcus agalactiae";0;7;22;2;1;0;0;0;0;0;0;0;0;0;0;0;0;0;0;;1;32
"Ceftaroline";"Streptococcus pneumoniae";1;2;10;2216;195;229;528;174;68;1;2;0;0;0;0;0;0;0;0;0.032;3;3426
"Ceftaroline";"Streptococcus pyogenes";0;32;0;1;0;0;0;0;0;0;0;0;0;0;0;0;0;0;0;;1;33
"Ceftazidime";"Acinetobacter baumannii";0;0;2;0;0;5;25;57;102;216;702;1744;1158;722;885;467;302;1013;2;;116;7402
"Ceftazidime";"Acinetobacter lwoffii";0;0;0;0;1;0;3;42;32;121;171;133;85;45;84;16;1;2;14;;3;750
"Ceftazidime";"Acinetobacter spp";0;0;0;1;0;0;3;28;64;123;169;249;150;56;28;45;8;5;23;;9;952
"Ceftazidime";"Bacteroides fragilis";0;0;0;0;0;0;0;0;1;0;0;1;3;15;26;3;12;37;0;;1;98
"Ceftazidime";"Bacteroides fragilis group";0;0;0;0;0;0;0;0;2;0;0;1;4;16;28;4;16;56;0;;1;127
"Ceftazidime";"Burkholderia cepacia";0;0;0;0;0;0;0;1;5;13;20;9;5;2;8;3;4;1;0;;3;71
"Ceftazidime";"Citrobacter freundii";0;0;0;0;1;10;9;86;41;29;15;11;11;15;36;30;6;0;0;1;3;300
"Ceftazidime";"Citrobacter koseri";0;0;0;0;2;8;24;22;14;4;1;1;0;2;1;0;1;0;0;1;2;80
"Ceftazidime";"Citrobacter spp";0;0;0;0;3;16;311;364;226;440;206;38;33;45;299;5;5;3;7;1;8;2001
"Ceftazidime";"Enterobacter cloacae";0;3;19;29;145;438;474;728;456;206;105;110;154;186;196;281;123;84;64;1;56;3801
"Ceftazidime";"Enterobacter spp";0;0;0;0;1;16;733;1435;784;1771;901;205;200;338;1937;2;0;0;0;;4;8323
"Ceftazidime";"Escherichia coli";0;0;21;53;243;1671;5422;5294;1229;329;201;141;137;146;141;79;25;25;5;0.5;82;15162
"Ceftazidime";"Haemophilus influenzae";0;0;0;0;32;194;172;43;13;10;7;0;0;2;0;0;0;0;0;0.5;8;473
"Ceftazidime";"Klebsiella aerogenes";0;0;1;1;3;45;106;192;122;57;55;42;51;85;98;121;66;237;2;1;50;1284
"Ceftazidime";"Klebsiella oxytoca";0;0;4;9;58;368;532;385;159;99;83;66;18;17;15;14;13;12;8;0.5;55;1860
"Ceftazidime";"Klebsiella pneumoniae";0;0;10;9;89;592;1346;1425;611;281;145;88;104;113;146;136;92;112;27;0.5;68;5326
"Ceftazidime";"Klebsiella spp";0;0;0;15;125;343;351;158;71;43;13;3;3;0;2;0;1;0;0;0.5;5;1128
"Ceftazidime";"Moraxella catarrhalis";0;0;0;6;27;28;10;7;1;1;0;0;0;0;0;0;0;0;0;;2;80
"Ceftazidime";"Morganella morganii";0;2;5;18;67;64;48;38;34;15;12;10;7;19;4;3;0;1;0;0.25;3;347
"Ceftazidime";"Neisseria gonorrhoeae";0;2;3;12;16;5;0;0;0;0;0;0;0;0;0;0;0;0;0;;1;38
"Ceftazidime";"Proteus mirabilis";0;0;6;86;517;461;92;50;37;30;10;9;2;4;2;2;0;3;0;0.125;5;1311
"Ceftazidime";"Proteus vulgaris";0;0;0;10;52;82;12;2;6;1;1;1;1;1;0;0;0;0;0;0.125;2;169
"Ceftazidime";"Providencia spp";0;0;0;0;1;9;28;43;6;2;0;4;0;0;0;0;0;0;0;0.5;1;93
"Ceftazidime";"Providencia stuartii";0;0;0;0;1;1;1;6;4;2;8;6;2;3;1;1;0;1;0;0.5;3;37
"Ceftazidime";"Pseudomonas aeruginosa";0;0;0;1;4;8;31;292;966;5975;12322;6271;2738;1712;815;751;167;117;106;8;84;32276
"Ceftazidime";"Pseudomonas fluorescens group";0;0;0;0;1;1;0;4;5;24;68;57;18;10;9;4;0;0;113;8;3;314
"Ceftazidime";"Salmonella spp";0;0;0;0;0;4;168;415;2144;1663;1089;17;8;10;16;1;0;0;0;2;5;5535
"Ceftazidime";"Serratia marcescens";0;0;1;1;12;89;614;836;379;924;526;83;70;43;156;7;21;15;0;0.5;6;3777
"Ceftazidime";"Serratia spp";0;0;0;0;2;13;36;111;63;35;20;7;2;0;0;0;1;0;1;0.5;4;291
"Ceftazidime";"Stenotrophomonas maltophilia";0;0;0;0;0;1;4;40;72;146;180;97;76;98;138;314;31;8;1;;13;1206
"Ceftazidime";"Streptococcus pneumoniae";0;0;2;1;14;49;107;189;105;161;335;28;30;21;6;0;0;0;0;0.5;4;1048
"Ceftazidime";"Streptococcus pyogenes";0;0;0;1;2;75;113;59;16;1;0;1;5;0;0;0;0;0;0;0.5;3;273
"Ceftazidime";"Streptococcus, viridans group";0;0;0;0;2;2;6;19;28;18;12;19;7;7;9;2;2;2;0;;3;135
"Ceftazidime-clavulanate";"Escherichia coli";0;0;60;52;193;572;909;753;178;49;56;30;41;17;9;17;2;1;0;0.5;59;2939
"Ceftibuten";"Acinetobacter baumannii";0;0;0;0;0;0;0;0;0;0;2;9;30;64;0;0;0;0;0;;1;105
"Ceftibuten";"Acinetobacter spp";0;0;0;0;0;0;0;0;2;2;3;0;3;3;2;2;2;1;0;;1;20
"Ceftibuten";"Burkholderia cepacia";0;0;0;0;0;0;0;0;1;2;6;3;0;0;0;1;0;2;0;;1;15
"Ceftibuten";"Citrobacter freundii";0;0;0;0;4;13;8;43;61;26;8;2;2;91;0;0;0;3;0;;3;261
"Ceftibuten";"Enterobacter cloacae";0;0;0;2;3;49;54;136;126;73;31;16;25;171;3;1;1;12;0;;3;703
"Ceftibuten";"Enterobacter spp";0;0;1;1;4;4;5;6;7;5;2;0;0;0;0;0;0;2;0;;1;37
"Ceftibuten";"Enterococcus faecalis";0;0;0;0;0;0;0;0;0;0;0;0;0;0;0;0;0;43;0;;1;43
"Ceftibuten";"Escherichia coli";0;0;2;7;23;693;1132;1412;309;76;21;13;26;66;0;0;0;1;0;1;4;3781
"Ceftibuten";"Haemophilus influenzae";0;0;0;2;86;199;105;21;14;4;6;4;3;0;0;0;0;0;0;0.5;3;444
"Ceftibuten";"Klebsiella aerogenes";0;0;0;1;1;16;31;28;12;7;4;1;3;18;0;0;0;0;0;;2;122
"Ceftibuten";"Klebsiella oxytoca";0;0;5;7;4;83;2;2;4;1;1;1;2;1;0;0;0;0;0;;2;113
"Ceftibuten";"Klebsiella pneumoniae";0;0;5;28;47;194;17;3;7;10;2;3;1;3;0;0;0;0;0;;2;320
"Ceftibuten";"Moraxella catarrhalis";0;0;0;0;0;0;5;8;2;4;9;0;0;0;0;0;0;0;0;;1;28
"Ceftibuten";"Morganella morganii";0;0;3;2;11;11;8;0;1;0;0;0;0;0;0;0;0;0;0;;1;36
"Ceftibuten";"Proteus mirabilis";0;0;24;135;159;23;7;2;0;0;0;1;0;0;0;0;0;0;0;;2;351
"Ceftibuten";"Proteus spp";0;0;11;13;15;4;0;0;0;0;0;0;0;0;0;0;0;0;0;;1;43
"Ceftibuten";"Serratia marcescens";0;0;0;0;0;83;74;18;11;10;18;7;9;6;0;0;0;0;0;;2;236
"Ceftibuten";"Stenotrophomonas maltophilia";0;0;0;0;0;0;0;0;0;0;0;3;40;26;0;0;0;0;0;;1;69
"Ceftibuten";"Streptococcus pneumoniae";0;0;0;0;0;0;0;0;0;70;99;101;13;11;0;2;0;12;0;;2;308
"Ceftibuten";"Streptococcus pyogenes";0;0;0;0;0;0;0;5;19;1;0;0;0;0;0;0;0;0;0;;1;25
"Ceftibuten";"Streptococcus, viridans group";0;0;0;0;0;0;0;3;1;2;1;2;3;2;3;2;0;5;0;;1;24
"Ceftiofur";"Escherichia coli";0;0;0;0;0;0;1681;16241;15649;869;166;436;1190;626;0;0;0;0;0;1;12;36858
"Ceftiofur";"Mannheimia haemolytica";0;7;6;40;29;25;5;0;0;0;0;0;0;0;0;0;0;0;0;;3;112
"Ceftiofur";"Salmonella spp";0;0;0;0;0;0;45;419;17884;13939;499;107;373;3271;0;0;0;0;0;2;10;36537
"Ceftiofur";"Staphylococcus aureus";0;0;0;0;0;0;4;13;63;43;0;0;0;0;0;0;0;0;0;;3;123
"Ceftiofur";"Staphylococcus hyicus";0;0;0;0;0;0;1;0;76;132;4;1;0;0;0;0;0;0;0;;2;214
"Ceftobiprole";"Acinetobacter baumannii";0;0;0;0;0;21;36;113;93;37;20;10;13;617;3;11;2;0;0;;6;976
"Ceftobiprole";"Acinetobacter calcoaceticus";0;0;0;0;0;2;1;1;1;1;1;0;1;10;0;0;0;0;0;;2;18
"Ceftobiprole";"Acinetobacter lwoffii";0;0;0;3;2;48;14;4;7;6;0;0;1;7;0;0;0;0;0;;5;92
"Ceftobiprole";"Acinetobacter spp";0;0;0;28;17;126;121;252;224;80;46;22;24;837;22;203;0;0;0;;11;2002
"Ceftobiprole";"Aeromonas hydrophila";0;0;0;0;0;3;1;1;1;0;0;0;0;2;0;0;0;0;0;;2;8
"Ceftobiprole";"Aeromonas spp";0;0;0;0;0;13;1;3;1;0;0;1;0;2;0;0;0;0;0;;2;21
"Ceftobiprole";"Bacteroides fragilis";0;0;0;0;0;1;0;0;4;6;11;15;16;10;0;10;25;0;0;;1;98
"Ceftobiprole";"Bacteroides fragilis group";0;0;0;0;0;1;2;0;5;6;12;19;22;12;1;15;32;0;0;;1;127
"Ceftobiprole";"Citrobacter braakii";0;0;0;1;3;2;0;2;1;0;0;0;0;0;0;0;0;0;0;;1;9
"Ceftobiprole";"Citrobacter freundii";0;0;0;10;60;143;12;9;29;29;20;3;0;17;3;0;0;0;0;;8;335
"Ceftobiprole";"Citrobacter koseri";0;0;0;4;97;111;2;1;0;1;0;0;0;4;0;0;0;0;0;;7;220
"Ceftobiprole";"Citrobacter spp";0;0;0;9;321;672;70;23;39;58;53;24;8;34;6;31;0;0;0;;10;1348
"Ceftobiprole";"Corynebacterium spp";0;0;0;0;0;36;5;2;1;3;2;1;2;25;0;0;0;0;0;;2;77
"Ceftobiprole";"Enterobacter cloacae";0;0;0;5;237;757;286;97;41;44;60;120;86;105;37;93;21;0;0;0.25;9;1989
"Ceftobiprole";"Enterobacter sakazakii";0;0;0;0;1;8;2;1;1;2;3;0;1;1;1;3;1;0;0;;2;25
"Ceftobiprole";"Enterococcus avium";0;0;0;0;0;1;3;16;12;2;2;1;6;1;0;0;0;0;0;;2;44
"Ceftobiprole";"Enterococcus durans";0;0;0;0;0;0;0;1;1;1;0;0;0;0;0;0;0;0;0;;1;3
"Ceftobiprole";"Enterococcus faecalis";0;0;0;0;2;67;682;1057;1937;635;641;229;129;82;1;3;0;0;0;;13;5465
"Ceftobiprole";"Enterococcus faecium";0;0;0;0;0;0;4;7;8;36;114;59;23;1886;160;124;7;0;0;;12;2428
"Ceftobiprole";"Enterococcus gallinarum";0;0;0;0;0;2;0;0;5;17;15;0;0;17;0;0;0;0;0;;4;56
"Ceftobiprole";"Enterococcus spp";0;0;0;0;0;50;474;799;1540;548;520;204;132;1790;0;0;0;0;0;;5;6057
"Ceftobiprole";"Escherichia coli";0;0;3;326;3050;1738;416;95;32;23;4;10;18;371;25;143;29;0;0;0.25;9;6283
"Ceftobiprole";"Haemophilus influenzae";0;0;1;27;209;147;78;12;2;0;0;0;0;0;0;0;0;0;0;0.25;4;476
"Ceftobiprole";"Klebsiella aerogenes";0;0;0;33;80;383;36;13;5;6;3;5;4;53;0;0;0;0;0;0.125;9;621
"Ceftobiprole";"Klebsiella oxytoca";0;0;0;1;30;60;52;84;45;27;7;5;4;38;1;17;16;0;0;;6;387
"Ceftobiprole";"Klebsiella pneumoniae";0;0;18;841;737;391;125;71;20;18;11;4;12;360;51;20;53;0;0;0.25;7;2732
"Ceftobiprole";"Klebsiella spp";0;0;0;11;403;174;60;17;7;5;4;1;1;5;11;158;0;0;0;;2;857
"Ceftobiprole";"Klebsiella terrigena";0;0;0;0;0;3;7;1;1;0;0;0;1;4;0;3;2;0;0;;2;22
"Ceftobiprole";"Moraxella catarrhalis";0;0;4;10;17;53;29;16;2;0;0;0;0;0;0;0;0;0;0;;3;131
"Ceftobiprole";"Morganella morganii";0;0;0;86;126;41;6;0;1;1;0;0;0;6;0;3;0;0;0;0.125;5;270
"Ceftobiprole";"Proteus mirabilis";0;0;2;201;1247;397;47;23;15;5;8;5;4;19;3;13;0;0;0;0.125;8;1989
"Ceftobiprole";"Proteus vulgaris";0;0;0;0;3;3;1;2;6;2;0;0;5;144;0;5;0;0;0;;7;171
"Ceftobiprole";"Providencia stuartii";0;0;0;3;1;21;1;0;0;0;0;0;0;1;0;0;0;0;0;;3;27
"Ceftobiprole";"Pseudomonas aeruginosa";0;0;0;1;4;11;11;67;446;2209;2134;1437;1373;1435;98;168;0;0;0;8;21;9394
"Ceftobiprole";"Pseudomonas fluorescens group";0;0;0;0;0;0;0;1;1;0;1;0;0;0;0;0;0;0;0;;1;3
"Ceftobiprole";"Salmonella enteritidis";0;0;0;0;0;5;0;0;0;0;0;0;0;0;0;0;0;0;0;;1;5
"Ceftobiprole";"Salmonella spp";0;0;0;0;0;165;4;1;0;0;0;0;0;0;0;0;0;0;0;;5;170
"Ceftobiprole";"Salmonella typhi";0;0;0;0;0;12;1;0;0;0;0;0;0;0;0;0;0;0;0;;2;13
"Ceftobiprole";"Salmonella typhimurium";0;0;0;0;0;2;0;0;0;0;0;0;0;0;0;0;0;0;0;;1;2
"Ceftobiprole";"Serratia liquefaciens";0;0;0;0;0;15;2;1;1;0;0;0;0;1;0;0;0;0;0;;3;20
"Ceftobiprole";"Serratia marcescens";0;0;1;1;55;879;384;129;84;50;15;18;10;52;3;30;0;0;0;1;10;1711
"Ceftobiprole";"Serratia spp";0;0;0;0;0;504;101;53;35;18;3;7;5;44;0;0;0;0;0;;5;770
"Ceftobiprole";"Staphylococcus aureus";0;0;0;1;0;95;313;10356;7881;5781;2262;119;1;3;0;0;0;0;0;1;10;26812
"Ceftobiprole";"Staphylococcus aureus MRSA";0;0;0;0;1;9;14;106;4463;9138;2808;208;1;3;0;0;0;0;0;1;21;16751
"Ceftobiprole";"Staphylococcus aureus MSSA";0;0;0;0;4;73;383;10181;5665;320;8;0;0;0;0;0;0;0;0;1;20;16634
"Ceftobiprole";"Staphylococcus capitis";0;0;0;0;1;91;5;15;32;9;6;2;0;0;0;0;0;0;0;;6;161
"Ceftobiprole";"Staphylococcus coagulase negative";0;0;0;0;0;301;738;651;1430;1600;600;316;8;0;0;0;0;0;0;;7;5644
"Ceftobiprole";"Staphylococcus coagulase negative MRSE";0;0;1;1;0;4;3;5;54;176;71;42;1;0;0;0;0;0;0;;3;358
"Ceftobiprole";"Staphylococcus epidermidis";0;0;0;1;0;49;291;279;746;870;154;60;0;0;0;0;0;0;0;;7;2450
"Ceftobiprole";"Staphylococcus epidermidis MRSE";0;0;0;0;0;0;0;0;28;102;15;0;0;0;0;0;0;0;0;;1;145
"Ceftobiprole";"Staphylococcus epidermidis MSSE";0;0;0;1;1;0;53;67;22;5;2;0;0;0;0;0;0;0;0;;3;151
"Ceftobiprole";"Staphylococcus haemolyticus";0;0;0;0;0;7;15;32;45;73;116;152;6;0;0;0;0;0;0;;7;446
"Ceftobiprole";"Staphylococcus hominis";0;0;0;0;0;8;53;35;32;123;90;30;0;0;0;0;0;0;0;;5;371
"Ceftobiprole";"Staphylococcus lugdunensis";0;0;0;0;0;4;10;10;55;4;3;1;0;0;0;0;0;0;0;;5;87
"Ceftobiprole";"Staphylococcus saprophyticus";0;0;0;0;0;0;3;13;12;5;3;1;0;0;0;0;0;0;0;;3;37
"Ceftobiprole";"Staphylococcus warneri";0;0;0;0;0;4;33;27;21;12;2;6;0;0;0;0;0;0;0;;5;105
"Ceftobiprole";"Staphylococcus xylosis";0;0;0;0;0;2;5;4;22;21;2;2;0;0;0;0;0;0;0;;4;58
"Ceftobiprole";"Stenotrophomonas maltophilia";0;0;0;0;0;0;0;0;0;0;0;1;2;4;3;71;0;0;0;;4;81
"Ceftobiprole";"Streptococcus agalactiae";0;0;0;55;333;25;1;0;0;0;0;0;0;0;0;0;0;0;0;0.064;4;414
"Ceftobiprole";"Streptococcus anginosus";0;0;0;3;0;7;46;13;0;0;0;1;0;0;0;0;0;0;0;0.25;3;70
"Ceftobiprole";"Streptococcus constellatus";0;0;2;0;1;33;16;1;4;4;0;0;0;0;0;0;0;0;0;;6;61
"Ceftobiprole";"Streptococcus gordonii";0;0;0;4;0;0;0;0;0;0;0;0;0;0;0;0;0;0;0;;1;4
"Ceftobiprole";"Streptococcus group G";0;0;28;56;9;0;1;0;0;0;0;0;0;0;0;0;0;0;0;;2;94
"Ceftobiprole";"Streptococcus oralis";0;0;1;26;73;17;20;14;8;1;0;1;0;0;0;0;0;0;0;0.125;3;161
"Ceftobiprole";"Streptococcus pneumoniae";49;64;1023;2229;539;363;299;1025;1369;306;32;2;0;0;0;0;0;0;0;0.032;15;7300
"Ceftobiprole";"Streptococcus pyogenes";0;1;97;54;5;0;0;0;0;0;0;0;0;0;0;0;0;0;0;0.032;2;157
"Ceftobiprole";"Streptococcus, viridans group";0;2;8;41;119;44;68;44;11;4;2;3;0;0;0;0;0;0;0;;3;346
"Ceftolozane-tazobactam";"Acinetobacter baumannii";0;0;0;17;1;33;10;13;25;40;48;43;120;108;107;122;0;0;0;;3;687
"Ceftolozane-tazobactam";"Acinetobacter lwoffii";0;0;0;6;0;2;0;3;1;2;1;1;2;1;3;3;0;0;0;;2;25
"Ceftolozane-tazobactam";"Citrobacter braakii";0;0;0;0;0;0;3;3;3;0;1;0;0;0;0;0;0;0;0;;1;10
"Ceftolozane-tazobactam";"Citrobacter freundii";0;0;0;0;0;5;86;101;26;16;15;40;30;30;16;13;0;0;0;;6;378
"Ceftolozane-tazobactam";"Citrobacter koseri";0;0;0;0;0;0;40;75;6;3;0;0;0;0;0;1;0;0;0;;2;125
"Ceftolozane-tazobactam";"Enterobacter cloacae";0;0;0;0;1;4;123;531;217;87;65;96;104;87;50;61;0;0;0;;8;1426
"Ceftolozane-tazobactam";"Escherichia coli";0;0;0;0;1;80;1995;1820;682;336;116;69;45;27;27;17;0;0;0;;11;5215
"Ceftolozane-tazobactam";"Haemophilus influenzae";0;0;0;0;7;81;104;15;1;0;0;0;0;0;0;0;0;0;0;;4;208
"Ceftolozane-tazobactam";"Klebsiella aerogenes";0;0;0;0;0;0;40;81;32;33;27;26;16;0;6;0;0;0;0;;5;261
"Ceftolozane-tazobactam";"Klebsiella oxytoca";0;0;0;0;1;1;144;136;48;27;23;14;4;2;2;18;0;0;0;;5;420
"Ceftolozane-tazobactam";"Klebsiella pneumoniae";0;0;0;0;0;28;576;866;447;292;175;116;80;98;175;400;0;6;0;;11;3259
"Ceftolozane-tazobactam";"Morganella morganii";0;0;0;0;0;1;38;154;77;13;8;4;2;2;2;2;0;0;0;;5;303
"Ceftolozane-tazobactam";"Proteus mirabilis";0;0;0;0;1;0;72;477;367;35;11;2;6;4;0;0;0;0;0;;5;975
"Ceftolozane-tazobactam";"Proteus vulgaris";0;0;0;0;0;0;0;4;10;4;0;0;0;0;0;0;0;0;0;;1;18
"Ceftolozane-tazobactam";"Pseudomonas aeruginosa";0;0;0;0;0;0;8;146;1686;1452;719;523;214;60;76;642;0;0;0;;15;5526
"Ceftolozane-tazobactam";"Pseudomonas putida group";0;0;0;0;0;0;0;0;3;6;1;1;0;0;0;0;0;0;0;;1;11
"Ceftolozane-tazobactam";"Serratia liquefaciens";0;0;0;0;0;0;0;8;12;0;0;0;0;0;0;0;0;0;0;;1;20
"Ceftolozane-tazobactam";"Serratia marcescens";0;0;0;0;0;0;6;92;526;181;34;8;6;3;2;14;0;0;0;;6;872
"Ceftolozane-tazobactam";"Stenotrophomonas maltophilia";0;0;0;0;0;0;0;0;6;20;24;32;39;29;39;63;0;0;0;;2;252
"Ceftolozane-tazobactam";"Streptococcus agalactiae";0;0;0;0;0;0;0;14;49;9;0;0;0;0;0;0;0;0;0;;3;72
"Ceftolozane-tazobactam";"Streptococcus pneumoniae";0;0;0;0;2;302;174;51;33;22;42;48;58;5;5;2;0;0;0;;10;744
"Ceftolozane-tazobactam";"Streptococcus pyogenes";0;0;0;0;0;11;87;68;1;0;1;0;0;0;0;0;0;0;0;;3;168
"Ceftriaxone";"Acinetobacter baumannii";0;0;0;0;0;0;0;25;7;7;46;134;395;502;264;1674;0;0;0;;1;3054
"Ceftriaxone";"Acinetobacter lwoffii";0;0;0;0;0;0;0;19;10;37;72;79;49;27;17;43;0;0;0;;1;353
"Ceftriaxone";"Acinetobacter spp";0;0;1;0;0;1;0;139;51;133;328;619;1176;1369;812;4289;0;3;0;;4;8921
"Ceftriaxone";"Actinomyces israelii";0;0;0;0;7;33;22;23;7;6;0;0;0;0;0;0;0;0;0;;1;98
"Ceftriaxone";"Actinomyces spp";0;0;0;3;19;86;92;61;29;11;2;1;0;0;0;0;0;0;0;;1;304
"Ceftriaxone";"Anaerobic cocci Gram positive";0;0;0;0;3;6;39;21;10;14;11;17;19;4;1;1;0;0;0;;1;146
"Ceftriaxone";"Bacteroides fragilis";0;0;0;0;0;0;0;0;0;5;2;6;12;9;14;6;9;35;0;;1;98
"Ceftriaxone";"Bacteroides fragilis group";0;0;0;0;3;1;0;0;0;6;4;16;22;21;33;35;21;73;0;;1;235
"Ceftriaxone";"Citrobacter spp";0;0;5;0;16;21;10;5;0;1;0;1;1;1;0;2;0;0;0;;2;63
"Ceftriaxone";"Enterobacter cloacae";0;0;0;0;0;16;24;14;16;5;2;4;4;11;10;6;13;28;0;0.5;2;153
"Ceftriaxone";"Enterobacter spp";0;0;0;2;10;19;28;8;1;5;2;1;1;8;3;15;0;0;0;0.5;3;103
"Ceftriaxone";"Enterococcus faecalis";0;0;0;0;0;0;0;6;36;15;32;33;56;68;200;7868;0;0;0;;1;8314
"Ceftriaxone";"Enterococcus faecium";0;0;0;0;0;0;0;6;13;11;18;20;14;23;26;3334;0;0;0;;1;3465
"Ceftriaxone";"Enterococcus gallinarum";0;0;0;0;0;0;0;1;0;0;0;1;1;1;2;105;0;0;0;;1;111
"Ceftriaxone";"Escherichia coli";0;0;28;144;455;186;14;5;3;2;2;2;2;0;3;0;0;0;0;0.125;3;846
"Ceftriaxone";"Haemophilus influenzae";4;85;34;16;16;15;10;14;5;0;1;0;0;0;0;0;0;0;0;0.064;3;200
"Ceftriaxone";"Klebsiella pneumoniae";0;0;2;3;19;10;5;7;0;0;0;0;0;0;0;0;0;0;0;0.125;1;46
"Ceftriaxone";"Klebsiella spp";0;3;9;9;64;55;8;6;6;4;4;6;2;0;0;0;0;0;0;0.125;2;176
"Ceftriaxone";"Moraxella catarrhalis";0;1;513;810;343;182;370;1473;1142;328;42;1;2;0;0;0;0;0;0;;4;5207
"Ceftriaxone";"Morganella morganii";0;24;18;3;1;1;0;1;0;0;2;1;1;0;0;0;0;0;0;;1;52
"Ceftriaxone";"Neisseria gonorrhoeae";221;341;381;310;218;146;55;19;6;0;0;0;0;0;0;0;0;0;0;0.032;11;1697
"Ceftriaxone";"Neisseria meningitidis";305;14;0;0;0;0;0;0;0;0;0;0;0;0;0;0;0;0;0;;3;319
"Ceftriaxone";"Proteus mirabilis";0;56;61;3;1;2;0;0;0;0;0;0;0;0;0;0;0;0;0;0.016;2;123
"Ceftriaxone";"Providencia spp";0;0;8;9;4;6;2;0;0;0;0;0;0;0;0;0;0;0;0;;1;29
"Ceftriaxone";"Pseudomonas aeruginosa";0;0;0;0;0;0;0;79;135;239;374;868;2008;2961;4489;21738;9;11;0;;6;32911
"Ceftriaxone";"Pseudomonas fluorescens group";0;0;0;0;0;0;0;3;4;2;3;9;31;27;16;59;0;0;0;;2;154
"Ceftriaxone";"Serratia marcescens";0;0;0;0;0;12;18;12;6;16;14;19;35;14;4;0;1;45;0;;3;196
"Ceftriaxone";"Staphylococcus aureus";0;0;0;0;0;0;0;0;0;4;154;213;9;9;1;3;1;1;0;8;4;395
"Ceftriaxone";"Staphylococcus capitis";0;0;0;0;0;0;0;1;11;39;73;14;6;18;29;23;0;0;0;;1;214
"Ceftriaxone";"Staphylococcus epidermidis";0;0;0;0;0;0;0;9;104;582;356;457;987;1203;668;780;0;0;0;;2;5146
"Ceftriaxone";"Staphylococcus haemolyticus";0;0;0;0;0;0;0;0;5;6;19;57;61;56;70;386;0;0;0;;2;660
"Ceftriaxone";"Staphylococcus hominis";0;0;0;0;0;0;0;0;4;18;47;97;90;150;41;62;0;0;0;;1;509
"Ceftriaxone";"Staphylococcus saprophyticus";0;0;0;0;0;0;0;0;1;2;5;29;83;44;15;31;0;0;0;;3;210
"Ceftriaxone";"Staphylococcus simulans";0;0;0;0;0;0;0;0;1;2;26;15;10;21;11;22;0;0;0;;1;108
"Ceftriaxone";"Staphylococcus warneri";0;0;0;0;0;0;0;0;1;13;52;28;10;11;18;29;0;0;0;;1;162
"Ceftriaxone";"Streptococcus pneumoniae";0;4;17;883;1510;157;147;79;102;287;45;4;2;1;0;0;0;0;0;0.064;4;3238
"Ceftriaxone";"Streptococcus salivarius";0;0;0;0;0;2;0;86;7;5;2;1;0;1;0;0;0;0;0;;1;104
"Ceftriaxone";"Streptococcus sanguinis";0;0;1;0;0;1;1;107;15;9;5;3;2;0;0;0;0;0;0;;1;144
"Cefuroxime";"Acinetobacter baumannii";0;0;0;0;0;0;1;0;0;2;13;21;97;311;2841;27;14;14;0;;4;3341
"Cefuroxime";"Acinetobacter lwoffii";0;0;0;0;0;0;3;2;35;32;75;110;122;96;165;21;12;0;16;;2;689
"Cefuroxime";"Acinetobacter spp";0;0;0;0;0;2;11;7;19;38;150;256;415;724;7313;25;7;15;0;;5;8982
"Cefuroxime";"Citrobacter freundii";0;0;0;0;0;0;1;0;43;43;410;624;199;79;399;30;223;12;31;8;8;2094
"Cefuroxime";"Citrobacter koseri";0;0;0;0;0;0;1;0;2;7;66;316;66;26;40;0;0;0;0;8;1;524
"Cefuroxime";"Citrobacter spp";0;0;0;0;0;0;1;7;30;64;390;1027;312;164;506;39;85;15;40;8;11;2680
"Cefuroxime";"Corynebacterium striatum";0;0;0;0;0;0;0;1;2;1;1;0;0;5;6;0;0;0;0;;1;16
"Cefuroxime";"Enterobacter agglomerans";0;0;0;0;0;0;0;0;2;19;60;81;9;2;3;5;1;0;0;;1;182
"Cefuroxime";"Enterobacter cloacae";0;0;0;0;0;0;4;2;31;107;252;1056;2693;1414;2855;175;864;425;84;16;16;9962
"Cefuroxime";"Enterobacter dissolvens";0;0;0;0;0;0;0;0;0;3;3;26;39;5;2;0;3;0;0;;1;81
"Cefuroxime";"Enterobacter spp";0;0;0;0;0;0;4;10;30;148;569;1369;2057;1171;3688;48;247;24;89;16;6;9454
"Cefuroxime";"Escherichia coli";0;0;1;1;1;5;93;161;1475;4624;20855;46657;14450;3200;3799;263;260;98;73;8;30;96016
"Cefuroxime";"Haemophilus influenzae";0;0;1;0;23;129;1096;4627;35442;31505;9963;9892;1409;266;77;15;0;0;256;2;34;94701
"Cefuroxime";"Haemophilus parainfluenzae";0;0;0;0;0;14;175;220;265;110;39;23;1;1;2;0;0;0;0;1;3;850
"Cefuroxime";"Kingella kingae";0;0;0;0;6;76;119;1;0;0;0;0;0;0;0;0;0;0;0;;1;202
"Cefuroxime";"Klebsiella aerogenes";0;0;0;0;0;0;0;3;11;43;368;642;284;128;756;28;171;55;47;8;12;2536
"Cefuroxime";"Klebsiella oxytoca";0;0;0;0;0;0;5;20;242;1102;1643;1065;340;158;522;37;139;48;83;8;17;5404
"Cefuroxime";"Klebsiella pneumoniae";0;0;0;0;0;8;68;193;1211;5876;15230;9099;3277;2104;4847;227;181;119;91;8;20;42531
"Cefuroxime";"Klebsiella spp";0;0;0;0;2;1;11;21;101;271;523;191;55;47;37;14;11;4;0;8;7;1289
"Cefuroxime";"Legionella pneumophila";0;0;0;0;0;0;0;2;10;26;34;21;7;0;0;0;0;0;0;;1;100
"Cefuroxime";"Moraxella catarrhalis";0;0;0;1;2;18;169;839;3594;6008;3913;659;175;23;0;0;0;0;0;;14;15401
"Cefuroxime";"Morganella morganii";0;0;0;0;3;0;2;2;5;21;29;32;73;202;894;162;78;20;8;;13;1531
"Cefuroxime";"Neisseria gonorrhoeae";0;4;53;59;142;226;171;87;87;24;6;0;3;0;0;0;0;0;0;0.125;5;862
"Cefuroxime";"Neisseria meningitidis";0;0;4;3;39;80;131;15;6;2;0;0;0;0;1;0;0;0;0;0.125;3;281
"Cefuroxime";"Proteus mirabilis";0;0;0;0;0;0;24;140;1589;5546;3656;643;172;72;320;25;210;10;120;4;20;12527
"Cefuroxime";"Proteus vulgaris";0;0;0;0;0;0;0;0;9;29;27;29;33;40;294;33;219;74;0;;8;787
"Cefuroxime";"Providencia rettgeri";0;0;0;0;0;0;27;11;9;8;5;2;2;4;10;0;0;0;0;;1;78
"Cefuroxime";"Providencia stuartii";0;0;0;0;0;0;3;1;9;14;21;21;22;33;63;0;0;0;0;;1;187
"Cefuroxime";"Salmonella enteritidis";0;0;0;0;0;0;0;1;0;2;12;294;234;12;0;0;0;0;0;16;1;555
"Cefuroxime";"Salmonella spp";0;0;0;0;0;0;1;5;6;25;330;2508;1554;161;29;0;0;0;0;16;4;4619
"Cefuroxime";"Salmonella typhi";0;0;0;0;0;0;0;1;0;1;68;202;44;4;3;0;0;0;0;16;1;323
"Cefuroxime";"Salmonella typhimurium";0;0;0;0;0;0;0;0;1;3;17;88;57;7;16;0;0;0;0;16;1;189
"Cefuroxime";"Serratia liquefaciens";0;0;0;0;0;0;0;0;0;4;5;7;5;33;85;12;1;0;0;;2;152
"Cefuroxime";"Shigella flexneri";0;0;0;0;0;0;1;0;0;39;201;82;9;1;0;0;0;0;0;8;2;333
"Cefuroxime";"Shigella sonnei";0;0;0;0;0;0;1;0;1;6;144;254;17;0;2;0;0;0;0;8;1;425
"Cefuroxime";"Staphylococcus aureus";0;0;0;2;3;2;55;363;1265;7253;1443;234;125;890;247;1;0;8;0;4;9;11891
"Cefuroxime";"Staphylococcus capitis";0;0;0;0;0;0;23;37;53;13;8;6;1;1;7;0;0;0;0;;1;149
"Cefuroxime";"Staphylococcus coagulase negative";0;0;0;0;0;5;69;51;48;63;64;55;37;7;25;0;0;2;0;;3;426
"Cefuroxime";"Staphylococcus hominis";0;0;0;0;0;0;7;17;65;81;86;40;15;3;21;0;0;0;0;;1;335
"Cefuroxime";"Streptococcus agalactiae";0;0;0;1;50;17;1;0;0;0;0;0;0;0;0;0;0;0;0;;3;69
"Cefuroxime";"Streptococcus pneumoniae";0;12;1166;4444;10183;5461;1433;1436;1121;854;692;2305;3166;546;8;2;0;0;0;0.125;17;32829
"Chloramphenicol";"Campylobacter coli";0;0;0;0;0;0;0;0;0;2;448;612;316;40;0;0;0;0;0;16;9;1418
"Chloramphenicol";"Campylobacter jejuni";0;0;0;0;0;0;0;0;0;3;249;263;81;17;1;0;0;0;0;16;10;614
"Chloramphenicol";"Citrobacter spp";0;0;0;0;0;0;0;0;0;0;21;36;69;21;13;17;1;7;0;;2;185
"Chloramphenicol";"Enterobacter cloacae";0;0;0;0;0;0;0;0;0;0;11;34;51;11;1;0;1;1;0;;1;110
"Chloramphenicol";"Enterobacter dissolvens";0;0;0;0;0;0;0;0;0;0;0;15;40;22;4;0;0;0;0;;1;81
"Chloramphenicol";"Enterobacter spp";0;0;0;0;0;0;0;0;0;0;53;38;59;17;1;5;0;0;0;;1;173
"Chloramphenicol";"Enterococcus faecalis";0;0;0;0;0;0;0;0;0;1;14;658;902;61;55;67;10;0;0;32;13;1768
"Chloramphenicol";"Enterococcus faecium";0;0;0;0;0;0;0;0;0;0;46;480;2216;690;112;0;3;0;0;32;24;3547
"Chloramphenicol";"Enterococcus hirae";0;0;0;0;0;0;0;0;0;0;21;104;33;0;0;0;0;0;0;8;2;158
"Chloramphenicol";"Escherichia coli";0;0;0;0;0;0;0;0;0;2;2336;21965;19115;752;305;736;387;254;0;16;40;45852
"Chloramphenicol";"Haemophilus influenzae";0;0;0;0;0;0;606;2077;13668;1821;39;47;324;86;0;0;0;0;0;2;7;18668
"Chloramphenicol";"Haemophilus parainfluenzae";0;0;0;0;0;0;42;140;165;60;5;2;2;0;0;0;0;0;0;2;1;416
"Chloramphenicol";"Hafnia alvei";0;0;0;0;0;0;0;0;0;0;5;21;26;3;0;1;0;0;0;;1;56
"Chloramphenicol";"Klebsiella oxytoca";0;0;0;0;0;0;0;0;0;3;10;5;3;0;0;0;0;0;0;;1;21
"Chloramphenicol";"Klebsiella pneumoniae";0;0;0;0;0;0;0;0;0;4;12;28;19;1;0;0;0;1;0;;1;65
"Chloramphenicol";"Klebsiella spp";0;0;0;0;0;0;0;0;8;109;54;26;3;4;3;1;4;9;0;;1;221
"Chloramphenicol";"Kluyvera spp";0;0;0;0;0;0;0;0;0;1;15;8;6;1;1;0;0;0;0;;1;32
"Chloramphenicol";"Lactobacillus lactis";0;0;0;0;0;0;0;0;5;14;29;0;12;0;0;0;0;0;0;;1;60
"Chloramphenicol";"Lactobacillus reuteri";0;0;0;0;0;0;0;0;0;0;17;31;0;0;0;0;1;0;0;;1;49
"Chloramphenicol";"Lactobacillus spp";0;0;0;0;0;0;0;0;0;0;17;31;0;0;0;0;1;0;0;;1;49
"Chloramphenicol";"Lactococcus lactis";0;0;0;0;0;0;0;0;5;14;29;0;12;0;0;0;0;0;0;;1;60
"Chloramphenicol";"Legionella pneumophila";0;0;0;0;0;0;1;22;75;2;0;0;0;0;0;0;0;0;0;1;1;100
"Chloramphenicol";"Listeria monocytogenes";0;0;0;0;0;0;0;0;0;0;5;86;184;31;1;0;0;0;0;;3;307
"Chloramphenicol";"Mannheimia haemolytica";0;0;0;0;0;0;0;2;4;27;14;0;1;1;7;2;0;0;0;;2;58
"Chloramphenicol";"Moraxella catarrhalis";0;0;0;0;0;0;16;216;3769;81;1;1;0;0;0;0;0;0;0;2;1;4084
"Chloramphenicol";"Neisseria gonorrhoeae";0;0;0;0;0;0;0;0;2;57;79;19;6;1;2;1;0;0;0;;1;167
"Chloramphenicol";"Neisseria meningitidis";0;0;0;0;0;0;5;12;135;537;163;4;2;8;0;0;0;0;0;2;12;866
"Chloramphenicol";"Pasteurella multocida";0;0;0;0;0;0;14;107;139;45;10;9;44;18;6;1;0;0;0;2;5;393
"Chloramphenicol";"Raoultella spp";0;0;0;0;0;0;0;0;0;13;10;3;2;0;0;1;0;2;0;;1;31
"Chloramphenicol";"Salmonella spp";0;0;0;0;0;0;0;0;0;0;1922;24216;26083;1111;95;2380;1343;535;0;16;26;57685
"Chloramphenicol";"Serratia liquefaciens";0;0;0;0;0;0;0;0;0;0;2;13;36;17;0;0;0;0;0;;1;68
"Chloramphenicol";"Serratia spp";0;0;0;0;0;0;0;0;0;2;98;401;167;3;0;2;8;1;0;;3;682
"Chloramphenicol";"Staphylococcus aureus";0;0;0;0;0;0;0;0;0;10;39;538;1148;43;18;31;2;0;0;16;7;1829
"Chloramphenicol";"Staphylococcus coagulase negative";0;0;0;0;0;0;0;0;0;0;7;25;10;0;0;4;0;0;0;16;1;46
"Chloramphenicol";"Staphylococcus epidermidis";0;0;0;0;0;0;0;0;0;0;6;65;24;0;0;8;1;0;0;16;1;104
"Chloramphenicol";"Staphylococcus hyicus";0;0;0;0;0;0;0;0;0;0;3;155;54;1;0;1;0;0;0;16;2;214
"Chloramphenicol";"Staphylococcus intermedius";0;0;0;0;0;0;0;0;0;0;5;117;14;0;4;0;0;0;0;16;2;140
"Chloramphenicol";"Streptococcus agalactiae";0;0;0;0;0;0;0;0;1;9;21;1;0;0;0;0;0;0;0;;1;32
"Chloramphenicol";"Streptococcus pneumoniae";0;0;0;0;0;1;2;10;66;647;2485;2805;88;260;25;2;0;0;0;8;8;6391
"Chloramphenicol";"Streptococcus pyogenes";0;0;0;0;0;0;0;0;0;1;34;34;0;1;3;1;0;0;0;;2;74
"Ciprofloxacin";"Acinetobacter anitratus";0;0;0;0;6;11;29;34;30;8;4;0;0;0;0;0;0;0;0;1;1;122
"Ciprofloxacin";"Acinetobacter baumannii";0;0;12;7;27;224;833;865;410;174;109;262;118;176;311;360;127;193;3;1;115;4211
"Ciprofloxacin";"Acinetobacter calcoaceticus";0;0;0;0;7;17;33;31;24;21;6;2;0;0;0;8;1;0;0;1;2;150
"Ciprofloxacin";"Acinetobacter lwoffii";0;0;0;3;12;59;73;47;21;8;11;3;1;0;15;9;0;0;0;1;2;262
"Ciprofloxacin";"Acinetobacter spp";0;2;5;18;36;259;623;531;215;99;40;73;142;34;20;123;191;3;20;1;12;2434
"Ciprofloxacin";"Actinomyces israelii";0;0;0;0;0;0;0;0;1;1;0;0;5;45;35;10;1;0;0;;1;98
"Ciprofloxacin";"Actinomyces spp";0;0;0;0;0;0;0;3;5;4;20;36;37;121;64;14;1;0;0;;1;305
"Ciprofloxacin";"Aerococcus sanguinicola";0;0;0;0;0;0;0;0;2;4;1;0;2;17;4;0;0;0;0;;1;30
"Ciprofloxacin";"Aerococcus spp";0;0;0;0;0;0;0;6;15;10;1;5;2;17;4;0;0;0;0;;1;60
"Ciprofloxacin";"Aerococcus urinae";0;0;0;0;0;0;0;6;13;6;0;5;0;0;0;0;0;0;0;;1;30
"Ciprofloxacin";"Alcaligenes xylosoxidans";0;0;0;0;0;0;0;1;5;1;4;13;3;0;2;1;0;0;0;;1;30
"Ciprofloxacin";"Bacteroides fragilis";0;0;0;0;0;0;0;0;1;4;48;58;37;65;27;3;5;0;0;;2;248
"Ciprofloxacin";"Bacteroides fragilis group";0;0;0;0;0;0;0;0;1;4;53;73;53;53;33;17;16;3;0;;1;306
"Ciprofloxacin";"Burkholderia cepacia";0;0;0;0;1;4;2;4;11;5;10;15;10;11;4;1;3;0;0;;3;81
"Ciprofloxacin";"Campylobacter coli";0;0;0;0;27;592;2176;1240;256;36;6;58;322;482;178;54;2;0;0;0.5;44;5429
"Ciprofloxacin";"Campylobacter jejuni";0;0;0;33;575;8174;8558;1659;187;51;39;326;2493;1515;541;200;34;0;0;0.5;46;24385
"Ciprofloxacin";"Chryseobacterium meningosepticum";0;0;0;0;0;0;1;0;2;4;4;0;0;0;0;0;0;0;0;;1;11
"Ciprofloxacin";"Chryseobacterium spp";0;0;0;0;0;0;0;2;3;2;2;4;3;1;0;1;1;0;0;;1;19
"Ciprofloxacin";"Citrobacter braakii";0;0;2;3;2;3;0;0;0;0;0;0;0;0;2;0;0;0;0;;1;12
"Ciprofloxacin";"Citrobacter freundii";0;0;1;8;3;1;2;4;0;1;3;0;0;0;1;0;0;0;0;;1;24
"Ciprofloxacin";"Citrobacter koseri";0;0;5;6;3;1;0;0;0;0;1;0;0;0;0;0;0;0;0;;1;16
"Ciprofloxacin";"Citrobacter spp";0;5;68;103;366;96;54;26;30;20;18;10;91;1;1;0;0;0;0;0.125;8;889
"Ciprofloxacin";"Clostridium difficile";0;0;0;0;0;0;0;0;0;0;0;0;79;143;13;63;59;171;0;;3;528
"Ciprofloxacin";"Clostridium perfringens";0;0;0;0;0;1;2;12;4;2;1;1;0;0;0;0;0;0;0;;1;23
"Ciprofloxacin";"Clostridium spp";0;0;0;0;0;0;1;11;6;1;2;1;0;5;4;2;0;1;0;;1;34
"Ciprofloxacin";"Corynebacterium amycolatum";0;0;0;0;1;0;0;0;0;0;0;0;0;0;11;0;0;0;0;;1;12
"Ciprofloxacin";"Corynebacterium jeikeium";0;0;0;0;0;0;0;1;0;0;0;0;1;0;10;0;0;0;0;;1;12
"Ciprofloxacin";"Corynebacterium pseudodiphtheriticum";0;0;1;0;0;1;1;3;1;0;0;4;0;0;0;0;0;0;0;;1;11
"Ciprofloxacin";"Corynebacterium spp";0;0;1;0;1;1;1;5;1;1;0;4;2;3;39;0;0;0;0;;5;59
"Ciprofloxacin";"Corynebacterium striatum";0;0;0;0;0;0;2;1;0;0;0;0;1;1;23;0;0;0;0;;2;28
"Ciprofloxacin";"Corynebacterium urealyticum";0;0;0;0;0;0;0;1;0;1;0;0;0;2;8;0;0;0;0;;1;12
"Ciprofloxacin";"Enterobacter agglomerans";0;0;1;15;29;3;2;1;3;0;0;0;0;0;0;0;0;0;0;;1;54
"Ciprofloxacin";"Enterobacter cloacae";236;423;320;374;365;199;84;90;73;57;21;33;22;23;12;7;10;2;3;0.125;52;2354
"Ciprofloxacin";"Enterobacter dissolvens";0;0;3;16;10;5;1;1;1;0;0;0;0;0;0;0;0;0;0;;1;37
"Ciprofloxacin";"Enterobacter spp";0;14;38;149;124;30;17;11;16;7;13;4;6;6;0;8;0;0;0;0.125;4;443
"Ciprofloxacin";"Enterococcus faecalis";0;0;0;2;9;3;34;227;2953;16694;6337;303;124;232;341;593;239;27;180;4;19;28298
"Ciprofloxacin";"Enterococcus faecium";0;0;0;0;0;0;12;197;1061;3211;4426;3414;630;25;56;198;35;243;0;4;28;13508
"Ciprofloxacin";"Escherichia coli";14;189;3967;7300;1576;613;566;599;196;113;55;131;263;236;565;168;85;59;7;0.064;55;16702
"Ciprofloxacin";"Haemophilus influenzae";27;577;6081;5080;891;54;21;9;8;9;8;15;6;3;5;0;0;0;0;0.064;22;12794
"Ciprofloxacin";"Haemophilus parainfluenzae";0;0;74;111;18;0;0;0;0;0;0;0;0;0;0;0;0;0;0;0.064;1;203
"Ciprofloxacin";"Hafnia alvei";0;0;10;17;27;2;2;2;0;0;0;0;0;0;0;0;0;0;0;0.125;2;60
"Ciprofloxacin";"Helicobacter pylori";5;7;5;51;228;712;1268;769;157;32;27;78;93;81;427;0;0;0;0;0.5;2;3940
"Ciprofloxacin";"Kingella kingae";0;0;11;130;18;0;0;0;0;0;0;0;0;0;0;0;0;0;0;;1;159
"Ciprofloxacin";"Klebsiella aerogenes";0;0;52;150;244;112;96;32;49;47;53;26;43;46;45;217;3;13;0;0.125;48;1228
"Ciprofloxacin";"Klebsiella oxytoca";0;0;192;553;389;156;106;50;47;45;37;56;27;22;25;12;1;1;0;0.125;54;1719
"Ciprofloxacin";"Klebsiella pneumoniae";0;5;246;874;1925;946;539;315;251;138;100;86;72;60;149;116;38;30;15;0.125;71;5905
"Ciprofloxacin";"Klebsiella spp";0;18;80;252;1133;208;100;65;39;31;11;19;18;0;1;0;0;0;0;0.125;6;1975
"Ciprofloxacin";"Kluyvera spp";0;0;16;7;3;3;1;1;0;1;1;0;0;0;0;0;0;0;0;;1;33
"Ciprofloxacin";"Listeria monocytogenes";0;0;0;0;0;0;0;1;28;82;21;9;0;0;0;0;0;0;0;;3;141
"Ciprofloxacin";"Moraxella catarrhalis";0;0;24;944;6978;2666;470;25;21;5;3;3;0;0;0;0;0;0;0;0.125;15;11139
"Ciprofloxacin";"Morganella morganii";0;15;78;182;45;9;6;1;2;9;8;4;4;2;4;3;0;3;0;0.125;8;375
"Ciprofloxacin";"Neisseria gonorrhoeae";3093;2012;871;311;150;73;101;158;206;261;568;683;711;366;980;46;6;39;0;0.016;24;10635
"Ciprofloxacin";"Neisseria meningitidis";68;1408;409;5;0;5;6;4;0;0;0;0;0;0;0;0;0;0;0;0.016;16;1905
"Ciprofloxacin";"Pasteurella multocida";0;9;61;135;17;3;2;0;0;0;0;0;0;0;0;0;0;0;0;0.064;6;227
"Ciprofloxacin";"Peptostreptococcus spp";0;0;0;0;1;0;8;11;27;18;17;6;2;2;1;0;0;0;0;;1;93
"Ciprofloxacin";"Proteus mirabilis";0;1;54;325;1206;276;219;42;50;85;116;66;24;14;24;20;7;7;1;0.064;12;2537
"Ciprofloxacin";"Proteus vulgaris";0;0;7;28;40;8;9;1;5;0;0;0;0;2;1;0;0;0;0;0.064;3;101
"Ciprofloxacin";"Providencia spp";0;3;21;51;103;41;50;48;23;0;0;8;6;2;0;0;0;0;0;;2;356
"Ciprofloxacin";"Providencia stuartii";0;0;0;3;3;1;5;0;0;1;4;7;1;1;3;1;2;1;0;;2;33
"Ciprofloxacin";"Pseudomonas aeruginosa";0;0;19;42;535;3046;9340;4559;3234;1882;1501;876;928;516;499;720;137;28;105;0.5;82;27967
"Ciprofloxacin";"Pseudomonas fluorescens group";0;0;1;1;0;1;16;1;0;0;1;1;0;1;5;0;0;0;0;;1;28
"Ciprofloxacin";"Raoultella spp";0;0;6;16;9;1;1;1;0;1;3;0;0;0;0;0;0;0;0;;1;38
"Ciprofloxacin";"Salmonella spp";0;0;75;806;1031;260;73;52;17;0;2;0;1;1;0;0;0;0;0;0.064;5;2318
"Ciprofloxacin";"Serratia liquefaciens";0;0;0;3;3;2;4;0;0;0;0;0;0;0;0;1;0;0;0;;1;13
"Ciprofloxacin";"Serratia marcescens";0;0;6;8;67;221;302;57;52;85;82;49;25;7;8;7;2;0;0;;6;978
"Ciprofloxacin";"Serratia spp";0;0;18;14;22;72;88;20;8;25;23;8;8;14;3;0;0;0;0;;4;323
"Ciprofloxacin";"Shigella boydii";0;0;0;1;0;0;0;0;0;0;0;0;0;0;0;0;0;0;0;;1;1
"Ciprofloxacin";"Shigella dysenteriae";0;0;0;1;4;0;0;1;0;0;0;0;0;0;0;0;0;0;0;;1;6
"Ciprofloxacin";"Shigella flexneri";0;0;1;10;10;1;0;0;2;1;0;0;2;3;1;4;0;0;0;;1;35
"Ciprofloxacin";"Shigella sonnei";0;0;2;16;6;0;0;4;2;0;0;1;2;0;0;1;0;0;0;;1;34
"Ciprofloxacin";"Shigella spp";0;0;3;31;21;1;0;5;5;1;0;1;4;3;1;5;0;0;0;;1;81
"Ciprofloxacin";"Staphylococcus aureus";0;0;3;16;121;785;5421;13547;14679;2972;862;247;1961;425;260;449;383;111;40;1;67;42282
"Ciprofloxacin";"Staphylococcus aureus MRSA";0;0;0;0;0;0;1;4;12;3;0;0;5;6;11;33;91;35;0;;3;201
"Ciprofloxacin";"Staphylococcus aureus MSSA";0;0;0;0;0;0;2;48;140;81;4;2;1;0;3;4;7;3;0;;3;295
"Ciprofloxacin";"Staphylococcus auricularis";0;0;0;0;0;1;8;5;3;3;1;1;0;0;0;0;0;0;0;;1;22
"Ciprofloxacin";"Staphylococcus capitis";0;0;0;0;3;7;52;154;33;9;3;4;20;0;0;1;0;0;0;1;3;286
"Ciprofloxacin";"Staphylococcus coagulase negative";0;0;0;0;8;46;688;1357;514;143;126;152;245;24;60;53;92;18;21;1;7;3547
"Ciprofloxacin";"Staphylococcus coagulase negative MRSE";0;0;0;0;0;0;15;62;15;5;12;27;37;7;26;111;63;32;0;;3;412
"Ciprofloxacin";"Staphylococcus cohnii";0;0;0;0;0;0;3;4;6;1;1;0;0;0;0;0;0;0;0;1;1;15
"Ciprofloxacin";"Staphylococcus epidermidis";0;0;0;5;36;143;1228;2582;680;202;234;535;2831;73;149;256;58;15;0;1;8;9027
"Ciprofloxacin";"Staphylococcus epidermidis MSSE";0;0;0;0;0;1;17;43;6;3;4;0;1;0;2;5;2;0;0;;2;84
"Ciprofloxacin";"Staphylococcus haemolyticus";0;0;3;0;1;19;131;196;52;11;27;9;39;117;17;34;26;96;0;1;6;778
"Ciprofloxacin";"Staphylococcus hominis";0;0;1;0;2;31;170;75;36;34;30;42;182;0;2;1;0;0;0;1;3;606
"Ciprofloxacin";"Staphylococcus hyicus";0;0;0;0;0;0;164;34;10;1;2;1;2;0;0;0;0;0;0;;2;214
"Ciprofloxacin";"Staphylococcus intermedius";0;0;0;0;0;1;3;5;5;8;2;1;0;0;0;0;0;0;0;1;1;25
"Ciprofloxacin";"Staphylococcus lugdunensis";0;0;0;0;3;3;18;29;11;4;5;1;0;1;1;0;0;0;0;1;3;76
"Ciprofloxacin";"Staphylococcus saprophyticus";0;0;0;0;0;9;31;185;1111;35;10;4;1;2;2;2;0;0;0;1;4;1392
"Ciprofloxacin";"Staphylococcus sciuri";0;0;0;0;0;0;3;1;2;2;0;0;0;0;0;0;0;0;0;1;1;8
"Ciprofloxacin";"Staphylococcus simulans";0;0;0;0;0;6;11;10;12;4;0;0;0;0;0;0;0;0;0;1;1;43
"Ciprofloxacin";"Staphylococcus warneri";0;0;0;0;0;2;21;68;30;1;0;1;5;0;0;0;0;0;0;1;2;128
"Ciprofloxacin";"Staphylococcus xylosis";0;0;0;0;0;1;3;4;3;1;2;1;0;0;0;0;0;0;0;;1;15
"Ciprofloxacin";"Stenotrophomonas maltophilia";0;0;1;1;3;26;11;35;150;576;886;529;276;140;20;7;0;0;146;;15;2807
"Ciprofloxacin";"Streptococcus acidominimus";0;0;0;0;0;0;0;0;1;1;2;0;0;0;0;0;0;0;0;;1;4
"Ciprofloxacin";"Streptococcus agalactiae";0;0;2;0;0;4;30;106;1559;1511;279;14;2;9;2;0;0;0;193;2;12;3711
"Ciprofloxacin";"Streptococcus anginosus";0;0;0;0;0;1;6;6;48;62;26;11;0;2;5;0;1;6;0;;6;174
"Ciprofloxacin";"Streptococcus bovis";0;0;0;0;0;0;0;1;13;61;115;18;0;0;0;0;0;0;0;;1;208
"Ciprofloxacin";"Streptococcus constellatus";0;0;0;0;0;0;4;27;51;14;3;0;0;0;0;0;0;0;0;;2;99
"Ciprofloxacin";"Streptococcus equinus";0;0;0;0;0;0;0;1;3;2;1;0;0;0;0;0;0;0;0;;1;7
"Ciprofloxacin";"Streptococcus gordonii";0;0;0;0;1;0;0;0;2;6;0;0;0;0;0;0;0;0;0;;1;9
"Ciprofloxacin";"Streptococcus group C";0;0;0;0;0;0;5;37;100;33;2;0;0;0;0;0;0;0;0;2;1;177
"Ciprofloxacin";"Streptococcus group G";0;0;0;1;1;0;5;116;475;172;25;3;1;0;1;1;0;0;0;2;6;801
"Ciprofloxacin";"Streptococcus intermedius";0;0;0;0;0;0;0;8;19;30;16;0;0;0;0;0;0;0;0;2;2;73
"Ciprofloxacin";"Streptococcus milleri";0;0;0;0;1;0;3;8;47;39;3;0;0;0;0;0;0;0;0;2;1;101
"Ciprofloxacin";"Streptococcus mitis";0;0;0;0;1;1;1;9;38;106;171;82;5;0;0;1;0;0;0;4;2;415
"Ciprofloxacin";"Streptococcus oralis";0;0;0;0;0;0;0;0;0;0;30;64;35;12;3;1;0;0;0;;3;145
"Ciprofloxacin";"Streptococcus parasanguis";0;0;0;0;0;0;0;0;2;7;2;0;0;0;0;0;0;0;0;;1;11
"Ciprofloxacin";"Streptococcus pneumoniae";0;0;8;13;26;32;129;1558;11160;42781;15822;1328;299;100;153;100;10;3;1;2;50;73523
"Ciprofloxacin";"Streptococcus pyogenes";0;0;0;2;3;4;54;3710;6962;967;855;75;7;1;5;0;0;0;234;1;14;12879
"Ciprofloxacin";"Streptococcus salivarius";0;0;0;0;1;1;0;2;29;41;12;1;0;0;0;0;0;0;0;;1;87
"Ciprofloxacin";"Streptococcus sanguinis";0;0;0;0;0;0;1;3;23;65;33;2;0;0;0;0;0;0;0;;1;127
"Ciprofloxacin";"Streptococcus uberis";0;0;0;0;0;0;0;14;51;30;2;0;0;0;0;0;0;0;0;;2;97
"Ciprofloxacin";"Streptococcus, viridans group";0;0;0;0;0;0;5;13;110;147;194;129;39;14;5;3;3;4;0;;5;666
"Ciprofloxacin";"Yersinia enterocolitica";0;0;3;14;143;145;0;1;9;0;0;0;0;0;0;0;0;0;0;0.25;4;315
"Ciprofloxacin";"Yersinia spp";0;0;1;6;22;4;1;1;1;0;0;0;1;0;0;0;0;0;0;;1;37
"Clarithromycin";"Actinomyces israelii";0;0;1;24;59;9;4;0;0;0;0;0;0;0;0;0;0;0;0;;1;97
"Clarithromycin";"Actinomyces spp";0;4;20;67;139;35;18;4;2;2;4;3;0;0;2;3;0;0;0;;1;303
"Clarithromycin";"Bacteroides fragilis group";0;0;0;0;0;1;33;16;1;1;0;0;0;0;0;0;0;0;0;;1;52
"Clarithromycin";"Clostridium perfringens";0;0;0;0;0;0;1;7;2;0;0;0;0;0;0;0;0;0;0;;1;10
"Clarithromycin";"Enterococcus faecalis";0;0;0;0;0;5;1;2;17;4;0;0;0;0;0;0;0;71;0;;1;100
"Clarithromycin";"Enterococcus faecium";0;0;0;0;0;1;0;1;14;2;1;4;0;0;0;1;0;73;0;4;1;97
"Clarithromycin";"Haemophilus influenzae";0;0;0;0;0;2;9;112;72;229;1192;6679;14779;4258;418;52;39;4;1;32;11;27846
"Clarithromycin";"Haemophilus parainfluenzae";0;0;0;0;0;0;0;6;10;39;86;125;101;40;9;0;0;0;0;16;1;416
"Clarithromycin";"Helicobacter pylori";0;0;0;1764;1811;1746;592;144;81;110;120;220;494;844;918;597;292;1176;17;0.25;10;10926
"Clarithromycin";"Kingella kingae";0;0;0;0;6;32;79;76;9;0;0;0;0;0;0;0;0;0;0;;1;202
"Clarithromycin";"Legionella pneumophila";0;0;0;0;0;1;110;169;2;1;0;0;0;0;0;0;0;0;0;0.5;2;283
"Clarithromycin";"Moraxella catarrhalis";0;4;29;360;370;126;17;3;0;1;0;0;0;0;0;0;0;0;0;0.125;3;910
"Clarithromycin";"Mycobacterium abscessus";0;0;0;0;5;21;33;25;20;8;9;4;7;18;66;0;0;0;0;;4;216
"Clarithromycin";"Mycobacterium avium";0;0;0;0;0;3;4;17;51;129;364;230;41;4;5;1;21;0;0;;4;870
"Clarithromycin";"Mycobacterium intracellulare";0;0;0;0;0;13;9;18;47;82;104;15;4;0;0;1;15;0;0;;4;308
"Clarithromycin";"Neisseria gonorrhoeae";0;0;0;0;14;11;14;4;0;0;0;0;0;0;0;0;0;0;0;;1;43
"Clarithromycin";"Peptostreptococcus spp";0;0;0;7;0;1;3;1;5;0;1;0;0;0;0;0;0;2;0;;1;20
"Clarithromycin";"Staphylococcus aureus";0;0;0;2;7;181;1889;1963;116;22;20;43;43;33;50;2777;0;0;0;0.5;1;7146
"Clarithromycin";"Staphylococcus aureus MRSA";0;0;0;0;0;6;2;0;0;0;0;0;0;0;0;0;0;42;0;0.5;1;50
"Clarithromycin";"Staphylococcus aureus MSSA";0;0;0;0;0;27;12;0;0;0;0;0;0;0;0;0;0;11;0;0.5;1;50
"Clarithromycin";"Staphylococcus epidermidis";0;0;0;0;0;10;4;0;0;0;0;0;0;4;3;1;0;8;0;;1;30
"Clarithromycin";"Staphylococcus saprophyticus";0;0;0;0;0;14;10;0;0;0;0;0;2;2;0;0;0;2;0;;1;30
"Clarithromycin";"Streptococcus milleri";0;0;0;0;28;1;1;0;0;0;0;0;0;0;0;0;0;0;0;;1;30
"Clarithromycin";"Streptococcus pneumoniae";0;0;16;349;9969;5845;58;42;76;390;931;421;505;199;396;5123;2;4;0;0.125;6;24326
"Clarithromycin";"Streptococcus pyogenes";0;0;1;832;5473;337;18;17;34;86;113;119;261;58;15;282;0;0;0;0.125;5;7646
"Clavulanic acid";"Acinetobacter baumannii";0;0;0;0;0;0;0;0;0;0;0;0;3;4;4;39;50;0;0;;1;100
"Clinafloxacin";"Acinetobacter spp";0;0;0;0;16;22;16;4;3;1;5;0;1;0;0;0;0;0;21;;1;89
"Clinafloxacin";"Enterococcus faecalis";0;0;0;0;2;2;119;361;95;10;46;108;34;33;9;0;0;0;181;1;3;1000
"Clinafloxacin";"Enterococcus faecium";0;0;0;0;2;1;9;10;21;30;14;37;9;54;15;0;0;0;0;;2;202
"Clinafloxacin";"Pseudomonas aeruginosa";0;0;0;0;12;36;147;336;165;104;51;36;27;0;0;0;0;0;104;;2;1018
"Clinafloxacin";"Serratia spp";0;0;0;0;7;6;23;6;7;2;0;0;0;0;0;0;0;0;165;;1;216
"Clinafloxacin";"Staphylococcus aureus";0;0;0;0;654;1216;542;63;49;118;100;93;1;1;0;0;0;0;203;0.25;2;3040
"Clinafloxacin";"Staphylococcus epidermidis";0;0;0;0;23;81;31;44;188;59;23;19;0;7;0;0;0;0;0;;1;475
"Clinafloxacin";"Staphylococcus haemolyticus";0;0;0;0;2;1;1;0;15;4;5;0;0;0;0;0;0;0;0;;1;28
"Clinafloxacin";"Stenotrophomonas maltophilia";0;0;0;0;4;2;24;83;75;31;23;4;3;0;0;0;0;0;147;;2;396
"Clindamycin";"Actinomyces israelii";0;0;1;3;3;4;20;51;15;1;0;0;0;0;0;0;0;0;0;;1;98
"Clindamycin";"Actinomyces spp";0;0;7;19;11;37;73;89;40;10;3;4;2;3;0;7;0;0;0;;1;305
"Clindamycin";"Anaerobic cocci Gram positive";0;0;0;0;26;88;51;51;31;19;7;5;7;4;5;12;5;4;0;;1;315
"Clindamycin";"Bacteroides fragilis";0;0;0;11;20;99;114;206;308;223;168;56;34;11;22;49;17;65;176;4;5;1579
"Clindamycin";"Bacteroides fragilis group";0;0;1;4;39;182;134;177;291;222;167;104;37;6;9;18;11;84;291;;6;1777
"Clindamycin";"Bacteroides ovatus";0;0;0;0;2;0;2;3;3;10;7;4;4;4;1;4;1;2;7;;3;54
"Clindamycin";"Bacteroides thetaiotaomicron";0;0;0;0;1;13;1;16;29;37;47;32;12;6;3;7;6;18;63;;4;291
"Clindamycin";"Bacteroides vulgatus";0;0;0;2;0;7;3;8;0;5;4;0;3;1;2;6;2;3;5;;3;51
"Clindamycin";"Bifidobacterium longum";0;0;6;0;27;26;7;5;0;0;1;0;0;0;0;0;0;0;7;;1;79
"Clindamycin";"Bifidobacterium thermophilum";0;0;0;0;0;0;12;24;37;1;0;0;0;6;0;0;0;0;0;;1;80
"Clindamycin";"Campylobacter coli";0;0;0;0;40;494;3862;6212;2223;772;382;593;476;260;119;0;0;0;0;1;22;15433
"Clindamycin";"Campylobacter jejuni";0;0;0;0;649;5219;9415;4182;627;115;44;50;53;32;48;0;0;0;0;0.5;19;20434
"Clindamycin";"Clostridium difficile";0;0;0;1;5;8;21;76;212;478;1113;1398;837;121;14;16;12;387;518;16;15;5217
"Clindamycin";"Clostridium perfringens";0;0;0;0;18;36;10;9;15;29;21;4;3;1;0;1;0;1;0;;3;148
"Clindamycin";"Corynebacterium amycolatum";0;0;0;0;0;0;0;0;0;1;0;0;1;0;10;0;0;0;0;;1;12
"Clindamycin";"Corynebacterium jeikeium";0;0;0;0;0;0;0;0;0;0;0;0;0;2;10;0;0;0;0;;1;12
"Clindamycin";"Corynebacterium pseudodiphtheriticum";0;0;1;0;0;0;0;1;1;1;1;4;1;0;1;0;0;0;0;;1;11
"Clindamycin";"Corynebacterium spp";0;0;2;0;1;0;0;1;1;2;2;5;3;5;37;0;0;0;0;;5;59
"Clindamycin";"Corynebacterium striatum";0;0;0;0;0;0;0;0;0;1;1;0;0;1;11;0;0;0;14;;2;28
"Clindamycin";"Corynebacterium urealyticum";0;0;1;0;1;0;0;0;0;0;1;1;1;2;5;0;0;0;0;;1;12
"Clindamycin";"Enterococcus faecalis";0;0;0;0;0;0;2;1;4;11;12;37;109;188;491;2;0;0;5;;3;862
"Clindamycin";"Fusobacterium spp";0;0;0;6;30;103;39;6;6;6;2;2;2;0;0;3;1;0;0;;2;206
"Clindamycin";"Haemophilus influenzae";0;0;0;0;2;0;0;1;6;27;130;501;974;897;189;38;0;0;0;;2;2765
"Clindamycin";"Lactobacillus acidophilus";0;0;0;0;0;0;2;0;0;0;3;2;3;0;0;0;0;0;1;;1;11
"Clindamycin";"Lactobacillus crispatus";0;0;0;0;0;0;4;0;0;2;1;0;0;0;0;0;0;0;0;;1;7
"Clindamycin";"Lactobacillus gasseri";0;0;0;0;0;0;1;0;4;5;0;5;7;3;0;0;0;0;11;;1;36
"Clindamycin";"Lactobacillus helveticus";0;0;0;0;0;0;7;6;3;4;3;4;0;0;0;0;0;0;0;;1;27
"Clindamycin";"Lactobacillus johnsonii";0;0;0;0;0;0;4;2;4;2;3;4;1;1;0;0;0;0;5;;1;26
"Clindamycin";"Lactobacillus lactis";0;0;0;0;6;8;19;23;14;1;3;0;0;0;0;0;0;0;0;;1;74
"Clindamycin";"Lactobacillus plantarum";0;0;0;0;0;0;33;7;10;26;11;13;20;7;0;0;0;0;0;;2;127
"Clindamycin";"Lactobacillus reuteri";0;0;0;0;9;20;35;31;2;1;2;0;0;6;0;0;0;0;6;;2;112
"Clindamycin";"Lactococcus lactis";0;0;0;0;6;8;19;23;14;1;3;0;0;0;0;0;0;0;0;;1;74
"Clindamycin";"Prevotella spp";0;0;3;57;13;2;2;0;2;0;1;0;0;0;0;0;0;6;2;;1;88
"Clindamycin";"Staphylococcus aureus";0;0;1;23;1080;7188;13636;720;71;26;16;39;1229;1192;88;9;9;66;562;0.25;14;25955
"Clindamycin";"Staphylococcus aureus MRSA";0;0;0;0;3;70;225;71;2;0;0;0;0;0;0;0;1;50;0;0.25;5;422
"Clindamycin";"Staphylococcus aureus MSSA";0;0;0;0;2;176;404;42;2;0;1;0;0;0;0;0;0;2;0;0.25;5;629
"Clindamycin";"Staphylococcus coagulase negative";0;0;0;19;80;271;88;52;7;1;2;1;1;1;0;2;0;115;0;0.25;5;640
"Clindamycin";"Staphylococcus coagulase negative MRSE";0;0;0;0;3;127;222;76;16;4;2;5;23;6;8;18;15;119;0;0.25;5;644
"Clindamycin";"Staphylococcus epidermidis";0;0;0;0;1;84;234;85;1;3;1;1;31;1;133;0;0;63;0;0.25;5;638
"Clindamycin";"Staphylococcus epidermidis MSSE";0;0;0;0;7;23;39;6;0;1;1;0;0;0;0;0;0;7;0;;2;84
"Clindamycin";"Staphylococcus haemolyticus";0;0;0;0;1;26;36;3;0;8;5;1;0;0;19;0;0;5;2;0.25;4;106
"Clindamycin";"Staphylococcus lugdunensis";0;0;0;0;0;43;45;3;0;0;0;0;0;0;0;0;0;0;11;0.25;2;102
"Clindamycin";"Streptococcus agalactiae";0;0;0;1;80;390;424;46;3;1;2;1;3;23;11;1;1;17;0;0.5;8;1004
"Clindamycin";"Streptococcus anginosus";0;0;0;0;9;122;58;30;6;2;0;2;0;6;1;0;0;1;0;;5;237
"Clindamycin";"Streptococcus constellatus";0;0;0;0;0;56;31;9;4;0;2;0;0;1;0;0;0;0;0;;1;103
"Clindamycin";"Streptococcus dysgalactiae";0;0;0;0;0;25;91;62;4;1;1;2;0;9;0;0;0;0;0;0.5;1;195
"Clindamycin";"Streptococcus group G";0;0;0;0;7;65;80;26;3;1;0;0;0;0;1;0;0;5;0;0.5;4;188
"Clindamycin";"Streptococcus mitis";0;0;0;0;0;121;65;9;4;6;1;2;0;16;0;0;0;0;0;0.5;1;224
"Clindamycin";"Streptococcus oralis";0;0;0;2;27;217;112;23;7;5;4;3;1;13;0;1;1;6;0;0.5;5;422
"Clindamycin";"Streptococcus parasanguis";0;0;0;0;0;22;8;1;0;1;2;0;0;3;0;0;0;0;0;0.5;1;37
"Clindamycin";"Streptococcus pneumoniae";0;0;23;140;2511;19650;7742;1039;81;54;306;587;4786;23;422;772;61;28;0;0.25;24;38225
"Clindamycin";"Streptococcus pyogenes";0;0;0;7;3418;5778;1289;104;11;5;2;9;261;5;10;73;0;5;0;0.25;14;10977
"Clindamycin";"Streptococcus, viridans group";0;0;1;11;121;274;64;19;5;2;3;0;7;8;6;8;15;32;0;0.25;4;576
"Clofazimine";"Mycobacterium tuberculosis 7H9";0;0;0;1147;1064;1146;615;277;156;34;23;2;0;1;0;0;0;0;0;;2;4465
"Cloxacillin";"Staphylococcus aureus";0;0;0;0;4;29;395;646;106;1;0;0;0;0;0;0;0;0;0;0.5;1;1181
"Colistin";"Achromobacter xylosoxidans";0;0;0;0;0;0;0;0;4;13;52;60;13;5;0;0;0;0;3;;3;150
"Colistin";"Acinetobacter baumannii";0;0;0;0;0;44;19;42;60;50;23;10;9;8;15;11;35;0;0;;2;326
"Colistin";"Acinetobacter baumannii-calcoaceticus";0;0;0;0;0;0;0;0;299;546;182;20;0;0;0;0;0;0;28;;1;1075
"Colistin";"Enterobacter cloacae";0;0;0;0;0;0;16;292;532;106;16;7;14;19;25;11;23;2;2;;8;1065
"Colistin";"Escherichia coli";0;0;0;0;0;2;231;2058;2776;866;56;16;14;5;8;2;30;0;0;2;14;6064
"Colistin";"Klebsiella aerogenes";0;0;0;0;0;0;3;92;173;22;1;2;1;0;0;0;4;0;0;;8;298
"Colistin";"Klebsiella oxytoca";0;0;0;0;0;0;7;171;298;99;6;5;2;1;2;2;2;0;1;2;8;596
"Colistin";"Klebsiella pneumoniae";0;0;0;0;0;5;26;457;1231;416;38;19;20;40;20;12;26;0;1;2;11;2311
"Colistin";"Pseudomonas aeruginosa";0;0;0;0;3;26;80;302;1801;9381;8080;421;49;52;8;9;15;0;6;4;25;20233
"Colistin";"Pseudomonas putida group";0;0;0;0;0;0;0;2;9;22;11;0;0;0;0;0;0;0;0;;2;44
"Colistin";"Salmonella dublin";0;0;0;0;0;0;0;0;0;24;30;108;65;1;0;0;0;0;0;;3;228
"Colistin";"Serratia marcescens";0;0;0;0;0;0;0;0;11;59;28;5;0;0;0;0;0;0;1837;;1;1940
"Colistin";"Stenotrophomonas maltophilia";0;0;0;0;0;0;0;0;59;102;119;113;0;0;0;0;0;0;331;;1;724
"Cycloserine";"Mycobacterium tuberculosis 7H9";0;0;0;0;0;0;0;0;0;0;0;17;52;58;15;0;0;0;0;;1;142
"Dalbavancin";"Clostridium perfringens";0;0;0;3;7;8;2;0;0;0;0;0;0;0;0;0;0;0;0;;1;20
"Dalbavancin";"Clostridium ramosum";0;0;0;0;0;0;0;1;1;13;0;0;0;0;0;0;0;0;0;;1;15
"Dalbavancin";"Clostridium spp";0;0;0;4;1;7;4;18;2;2;0;0;0;0;0;0;0;0;0;;1;38
"Dalbavancin";"Corynebacterium spp";0;0;0;0;1;1;15;24;20;5;0;0;0;0;0;0;0;0;0;;1;66
"Dalbavancin";"Enterococcus faecalis";0;0;0;113;1231;623;58;3;2;3;7;12;10;53;0;0;0;0;0;;1;2115
"Dalbavancin";"Enterococcus faecium";0;0;0;22;88;178;102;30;18;21;16;41;120;183;0;0;0;0;0;;1;819
"Dalbavancin";"Enterococcus spp";0;0;0;16;19;29;19;1;1;1;0;0;2;3;0;0;0;0;0;;1;91
"Dalbavancin";"Peptostreptococcus spp";0;0;0;19;31;28;41;10;1;0;0;0;0;0;0;0;0;0;0;;1;130
"Dalbavancin";"Staphylococcus aureus";0;0;10;366;10805;16195;1502;309;41;17;2;0;0;2;0;0;0;0;0;0.125;15;29249
"Dalbavancin";"Staphylococcus capitis";0;0;0;22;14;15;0;0;0;0;0;0;0;0;0;0;0;0;0;;1;51
"Dalbavancin";"Staphylococcus coagulase negative";0;0;20;925;1944;2173;837;339;84;25;12;1;0;0;0;0;0;0;0;;11;6360
"Dalbavancin";"Staphylococcus epidermidis";0;0;0;483;1225;316;76;31;4;8;0;0;0;0;0;0;0;0;0;;2;2143
"Dalbavancin";"Staphylococcus haemolyticus";0;0;0;17;30;95;171;39;9;7;3;0;0;0;0;0;0;0;0;;2;371
"Dalbavancin";"Staphylococcus hominis";0;0;0;56;106;34;12;0;0;0;0;0;0;0;0;0;0;0;0;;2;208
"Dalbavancin";"Staphylococcus lugdunensis";0;0;0;1;14;7;0;0;0;0;0;0;0;0;0;0;0;0;0;;1;22
"Dalbavancin";"Staphylococcus saprophyticus";0;0;0;2;11;14;12;4;0;0;0;0;0;0;0;0;0;0;0;;1;43
"Dalbavancin";"Staphylococcus schleiferi";0;0;0;1;1;0;0;0;0;0;0;0;0;0;0;0;0;0;0;;1;2
"Dalbavancin";"Staphylococcus warneri";0;0;0;5;19;10;5;2;0;0;0;0;0;0;0;0;0;0;0;;1;41
"Dalbavancin";"Staphylococcus xylosis";0;0;0;10;14;2;1;0;0;0;0;0;0;0;0;0;0;0;0;;1;27
"Dalbavancin";"Streptococcus agalactiae";1;1;50;290;267;162;59;18;0;0;0;0;0;0;0;0;0;0;0;0.125;11;848
"Dalbavancin";"Streptococcus anginosus";15;7;18;13;2;1;1;0;0;0;0;0;0;0;0;0;0;0;0;;4;57
"Dalbavancin";"Streptococcus constellatus";3;5;8;10;2;1;0;0;0;0;0;0;0;0;0;0;0;0;0;;2;29
"Dalbavancin";"Streptococcus group C";0;0;0;50;1;0;0;0;0;0;0;0;0;0;0;0;0;0;0;;1;51
"Dalbavancin";"Streptococcus group G";0;0;68;105;13;8;1;0;0;0;0;0;0;0;0;0;0;0;0;;1;195
"Dalbavancin";"Streptococcus intermedius";6;0;4;1;0;0;1;0;0;0;0;0;0;0;0;0;0;0;0;;2;12
"Dalbavancin";"Streptococcus pyogenes";6;23;435;1174;89;53;9;1;0;0;0;0;0;0;0;0;0;0;0;0.032;12;1790
"Dalbavancin";"Streptococcus, viridans group";0;0;0;162;72;77;19;2;1;0;0;0;0;0;0;0;0;0;0;;1;333
"Daptomycin";"Clostridium difficile";0;0;0;0;1;2;9;21;38;90;39;6;0;0;0;0;0;0;0;;1;206
"Daptomycin";"Enterococcus faecalis";0;0;0;2;0;9;99;523;3790;10060;5096;518;16;3;7;0;0;0;0;4;14;20123
"Daptomycin";"Enterococcus faecium";0;0;0;0;0;5;39;66;198;988;11220;3284;214;5;0;0;0;0;0;8;15;16019
"Daptomycin";"Listeria monocytogenes";0;0;0;0;0;0;0;1;1;49;114;64;1;0;0;0;0;0;0;;3;230
"Daptomycin";"Staphylococcus aureus";0;0;0;1;0;706;8047;18314;8456;603;11;0;0;0;0;0;0;0;0;1;27;36138
"Daptomycin";"Staphylococcus aureus MRSA";0;0;0;0;0;0;16;131;244;57;0;0;0;0;0;0;0;0;0;1;4;448
"Daptomycin";"Staphylococcus aureus MSSA";0;0;0;0;0;0;0;49;338;58;0;0;0;0;0;0;0;0;0;1;3;445
"Daptomycin";"Staphylococcus capitis";0;0;0;0;0;0;0;3;16;11;0;0;0;0;0;0;0;0;0;;1;30
"Daptomycin";"Staphylococcus epidermidis";0;0;0;0;0;39;170;955;888;56;0;0;0;0;0;0;0;0;0;;6;2108
"Daptomycin";"Staphylococcus epidermidis MSSE";0;0;0;0;0;4;15;29;26;9;1;0;0;0;0;0;0;0;0;;2;84
"Daptomycin";"Staphylococcus haemolyticus";0;0;0;0;0;1;31;128;110;9;0;0;0;0;0;0;0;0;0;;3;279
"Daptomycin";"Staphylococcus hominis";0;0;0;0;0;2;31;123;34;2;0;0;0;0;0;0;0;0;0;;2;192
"Daptomycin";"Streptococcus agalactiae";0;0;0;6;8;362;807;570;107;4;0;0;0;0;0;0;0;0;0;0.5;9;1864
"Daptomycin";"Streptococcus anginosus";0;0;0;0;0;1;5;25;32;3;0;1;0;0;0;0;0;0;0;;3;67
"Daptomycin";"Streptococcus bovis";0;0;0;2;5;56;26;2;0;0;0;0;0;0;0;0;0;0;0;;1;91
"Daptomycin";"Streptococcus group G";0;0;0;0;42;233;77;10;1;1;0;0;0;0;0;0;0;0;0;;4;364
"Daptomycin";"Streptococcus mitis";0;0;0;0;1;4;11;53;49;24;0;0;0;0;0;0;0;0;0;;1;142
"Daptomycin";"Streptococcus oralis";0;0;0;0;0;0;7;30;57;52;3;0;0;0;0;0;0;0;0;;3;149
"Daptomycin";"Streptococcus pneumoniae";0;0;0;0;3;248;5121;2456;280;25;1;0;0;0;0;0;0;0;0;;4;8134
"Daptomycin";"Streptococcus pyogenes";0;0;0;7;135;632;187;21;4;0;0;0;0;0;0;0;0;0;0;;4;986
"Delamanid";"Mycobacterium tuberculosis 7H11";93;316;215;63;5;0;0;0;1;1;0;1;1;0;0;0;0;0;0;;14;696
"Delamanid";"Mycobacterium tuberculosis MGIT 960";1;11;60;50;31;2;0;3;0;0;0;0;0;4;0;0;0;0;0;;2;162
"Doripenem";"Acinetobacter baumannii";0;0;0;0;2;21;104;249;228;306;277;192;252;353;1;16;31;0;0;1;11;2032
"Doripenem";"Acinetobacter calcoaceticus";0;0;0;0;0;4;3;4;4;3;2;2;5;6;0;0;0;0;0;1;3;33
"Doripenem";"Acinetobacter lwoffii";0;0;0;0;0;37;38;35;26;4;4;0;6;3;0;0;0;0;0;1;7;153
"Doripenem";"Acinetobacter spp";0;0;0;14;39;152;335;495;440;428;383;243;321;478;41;44;0;0;0;1;15;3413
"Doripenem";"Aeromonas hydrophila";0;0;0;0;0;32;5;3;25;16;6;3;1;1;0;0;0;0;0;;5;92
"Doripenem";"Aeromonas spp";0;0;0;0;0;54;12;10;36;28;14;9;1;1;0;0;0;0;0;;6;165
"Doripenem";"Alcaligenes xylosoxidans";0;0;0;0;0;0;3;4;20;6;7;9;2;6;0;0;0;0;0;;3;57
"Doripenem";"Anaerobic cocci Gram positive";0;0;0;0;17;7;2;5;0;1;0;0;0;0;0;0;0;0;0;;1;32
"Doripenem";"Bacteroides fragilis";0;0;0;0;3;4;33;131;35;11;11;9;4;4;1;0;0;0;0;1;2;246
"Doripenem";"Bacteroides fragilis group";0;0;0;0;3;7;56;297;88;25;15;10;8;5;1;0;0;0;0;1;2;515
"Doripenem";"Bacteroides thetaiotaomicron";0;0;0;0;0;0;5;54;17;3;1;0;1;0;0;0;0;0;0;1;1;81
"Doripenem";"Citrobacter freundii";0;0;1;5;7;2;0;0;0;0;0;0;0;0;0;0;0;0;0;0.125;1;15
"Doripenem";"Citrobacter koseri";0;0;2;7;1;0;0;0;0;0;0;0;0;0;0;0;0;0;0;0.125;1;10
"Doripenem";"Citrobacter spp";0;0;75;456;359;51;13;2;1;0;0;0;0;0;0;0;0;0;0;0.125;4;957
"Doripenem";"Corynebacterium spp";0;0;0;0;0;24;20;23;25;8;6;4;3;26;0;0;0;0;0;;5;139
"Doripenem";"Enterobacter cloacae";0;0;1;149;606;323;205;72;20;4;1;1;0;0;0;0;0;0;0;0.125;6;1382
"Doripenem";"Enterobacter spp";0;0;0;19;313;293;113;62;28;9;2;4;2;6;0;0;0;0;0;0.125;3;851
"Doripenem";"Enterococcus avium";0;0;0;0;0;2;0;0;1;7;16;20;8;14;0;0;0;0;0;;4;68
"Doripenem";"Enterococcus faecalis";0;0;0;0;1;13;1;14;74;259;1647;4186;1320;338;2;0;1;0;0;16;13;7856
"Doripenem";"Enterococcus faecium";0;0;0;1;0;1;0;2;0;9;18;30;102;2465;329;53;52;131;0;64;13;3193
"Doripenem";"Enterococcus gallinarum";0;0;0;0;0;0;2;0;1;7;17;24;13;33;0;0;0;0;0;;5;97
"Doripenem";"Enterococcus spp";0;0;0;2;1;26;4;19;70;147;1545;3910;1366;2894;6;170;0;0;0;;9;10160
"Doripenem";"Escherichia coli";0;0;6;1956;3386;216;23;12;3;3;0;3;0;0;0;0;0;0;0;0.125;8;5608
"Doripenem";"Haemophilus influenzae";0;0;14;22;104;464;420;157;130;45;21;10;0;0;0;0;0;0;0;0.5;7;1387
"Doripenem";"Klebsiella aerogenes";0;0;0;3;22;27;11;2;0;0;0;0;0;0;0;0;0;0;0;0.125;3;65
"Doripenem";"Klebsiella oxytoca";0;0;0;7;45;8;0;1;0;0;0;0;0;0;0;0;0;0;0;0.125;1;61
"Doripenem";"Klebsiella pneumoniae";0;0;1;176;1370;841;205;18;4;0;3;4;4;0;1;0;0;0;0;0.125;6;2627
"Doripenem";"Klebsiella spp";0;0;0;4;470;286;32;9;3;1;3;4;0;1;3;0;0;0;0;0.125;2;816
"Doripenem";"Moraxella catarrhalis";0;0;7;15;5;0;0;0;0;0;0;0;0;0;0;0;0;0;0;;1;27
"Doripenem";"Morganella morganii";0;0;0;0;8;59;188;237;88;10;0;0;0;0;0;0;0;0;0;1;12;590
"Doripenem";"Proteus mirabilis";0;0;0;2;87;1238;2273;1431;208;27;10;0;0;4;0;0;0;0;0;0.5;30;5280
"Doripenem";"Proteus vulgaris";0;0;0;0;0;45;119;58;5;0;0;0;0;0;0;0;0;0;0;0.5;9;227
"Doripenem";"Providencia stuartii";0;0;0;0;0;19;16;14;1;2;0;0;0;0;0;0;0;0;0;0.5;4;52
"Doripenem";"Pseudomonas aeruginosa";0;0;0;9;80;587;1667;2194;2196;1439;795;878;662;596;45;7;0;0;0;1;17;11155
"Doripenem";"Serratia liquefaciens";0;0;0;0;0;2;14;6;3;0;0;0;0;0;0;0;0;0;0;0.5;2;25
"Doripenem";"Serratia marcescens";0;0;0;4;33;555;1236;367;40;4;0;1;2;7;0;3;0;0;0;0.5;12;2252
"Doripenem";"Serratia spp";0;0;0;0;0;391;948;270;35;3;0;1;1;7;0;0;0;0;0;0.5;8;1656
"Doripenem";"Staphylococcus aureus";0;0;0;35;1159;1260;61;7;3;1;1;0;0;0;0;0;0;0;0;0.125;3;2527
"Doripenem";"Staphylococcus aureus MRSA";0;0;0;5;34;236;776;1436;1942;1662;1154;1214;1342;3094;501;73;0;0;0;;15;13469
"Doripenem";"Staphylococcus aureus MSSA";0;0;0;196;816;135;16;13;9;4;2;0;0;0;0;0;0;0;0;0.125;4;1191
"Doripenem";"Staphylococcus coagulase negative";0;0;0;11;17;12;11;6;14;18;10;8;10;6;1;0;0;0;0;0.125;2;124
"Doripenem";"Staphylococcus coagulase negative MRSE";0;0;0;3;3;3;7;31;34;43;30;44;69;0;0;0;0;0;0;;2;267
"Doripenem";"Staphylococcus epidermidis";0;0;0;12;46;9;0;1;0;0;1;0;0;0;0;0;0;0;0;0.125;1;69
"Doripenem";"Staphylococcus lugdunensis";0;0;0;0;0;18;25;19;0;0;3;1;1;1;0;0;0;0;0;0.25;3;68
"Doripenem";"Staphylococcus saprophyticus";0;0;0;0;0;21;20;1;2;2;1;3;3;7;0;0;0;0;0;0.25;4;60
"Doripenem";"Stenotrophomonas maltophilia";0;0;0;0;0;0;0;0;4;4;2;12;21;945;12;6;4;0;3;;11;1013
"Doripenem";"Streptococcus agalactiae";0;3;36;214;19;1;0;0;0;0;0;0;0;0;0;0;0;0;0;0.032;4;273
"Doripenem";"Streptococcus anginosus";0;0;2;20;36;9;1;1;0;1;0;0;0;0;0;0;0;0;0;;3;70
"Doripenem";"Streptococcus bovis";0;1;11;8;1;0;0;0;0;0;0;0;0;0;0;0;0;0;0;;1;21
"Doripenem";"Streptococcus group G";5;126;13;10;2;0;0;0;0;0;0;0;0;0;0;0;0;0;0;;3;156
"Doripenem";"Streptococcus mitis";0;4;3;1;5;0;1;0;0;0;0;0;0;0;0;0;0;0;0;;1;14
"Doripenem";"Streptococcus oralis";0;9;41;47;31;11;12;3;5;2;0;0;0;0;0;0;0;0;0;0.032;3;161
"Doripenem";"Streptococcus pneumoniae";7;529;123;19;12;13;14;43;13;4;0;0;0;0;0;0;0;0;0;0.016;4;777
"Doripenem";"Streptococcus pyogenes";88;169;13;7;1;0;0;0;0;0;0;0;0;0;0;0;0;0;0;0.016;4;278
"Doripenem";"Streptococcus salivarius";0;1;4;1;3;1;0;0;0;0;0;0;0;0;0;0;0;0;0;;1;10
"Doripenem";"Streptococcus sanguinis";0;0;5;3;5;4;0;0;0;0;0;0;0;0;0;0;0;0;0;;1;17
"Doripenem";"Streptococcus, viridans group";0;2;73;83;88;41;30;8;7;3;0;0;0;0;0;0;0;0;0;;2;335
"Doripenem_n";"Acinetobacter baumannii";0;0;0;0;0;3;19;34;44;41;26;40;69;49;0;0;0;0;0;;3;325
"Doripenem_n";"Acinetobacter lwoffii";0;0;0;0;0;8;12;9;4;1;1;0;0;1;0;0;0;0;0;;1;36
"Doripenem_n";"Alcaligenes xylosoxidans";0;0;0;0;0;0;2;3;15;5;4;5;1;1;0;0;0;0;0;;2;36
"Doripenem_n";"Bacteroides fragilis";0;0;0;0;3;4;33;131;35;11;11;9;4;4;1;0;0;0;0;;2;246
"Doripenem_n";"Bacteroides thetaiotaomicron";0;0;0;0;0;0;5;54;17;3;1;0;1;0;0;0;0;0;0;;1;81
"Doripenem_n";"Citrobacter freundii";0;0;1;5;7;2;0;0;0;0;0;0;0;0;0;0;0;0;0;;1;15
"Doripenem_n";"Clostridium difficile";0;0;0;0;0;0;0;0;1;6;33;1;0;0;0;0;0;0;0;;1;41
"Doripenem_n";"Clostridium perfringens";0;0;0;0;2;6;7;4;2;0;0;0;0;0;0;0;0;0;0;;1;21
"Doripenem_n";"Enterobacter cloacae";0;0;1;149;606;322;201;71;20;4;1;1;0;0;0;0;0;0;0;;5;1376
"Doripenem_n";"Enterococcus avium";0;0;0;0;0;1;0;0;0;5;10;11;1;3;0;0;0;0;0;;1;31
"Doripenem_n";"Enterococcus faecalis";0;0;0;0;1;12;1;13;56;127;1559;4172;1319;337;2;0;1;0;0;;11;7600
"Doripenem_n";"Enterococcus gallinarum";0;0;0;0;0;0;1;0;0;3;6;11;3;9;0;0;0;0;0;;1;33
"Doripenem_n";"Escherichia coli";0;0;6;407;1850;95;13;4;0;0;0;1;0;0;0;0;0;0;0;;4;2376
"Doripenem_n";"Haemophilus influenzae";0;0;14;22;97;454;411;156;130;44;21;9;0;0;0;0;0;0;0;;4;1358
"Doripenem_n";"Klebsiella aerogenes";0;0;0;3;22;27;11;2;0;0;0;0;0;0;0;0;0;0;0;;3;65
"Doripenem_n";"Klebsiella oxytoca";0;0;0;10;88;47;5;2;1;0;0;0;0;0;0;0;0;0;0;;3;153
"Doripenem_n";"Klebsiella pneumoniae";0;0;1;81;939;583;150;11;3;0;1;2;1;0;1;0;0;0;0;;4;1773
"Doripenem_n";"Moraxella catarrhalis";0;0;7;15;5;0;0;0;0;0;0;0;0;0;0;0;0;0;0;;1;27
"Doripenem_n";"Morganella morganii";0;0;0;0;2;43;175;225;88;9;0;0;0;0;0;0;0;0;0;;10;542
"Doripenem_n";"Proteus mirabilis";0;0;0;2;87;1140;2176;1344;196;26;9;0;0;3;0;0;0;0;0;;26;4983
"Doripenem_n";"Proteus vulgaris";0;0;0;0;0;45;119;58;5;0;0;0;0;0;0;0;0;0;0;;9;227
"Doripenem_n";"Pseudomonas aeruginosa";0;0;0;7;68;524;1601;2133;2149;1422;785;865;651;575;45;7;0;0;0;;15;10832
"Doripenem_n";"Serratia liquefaciens";0;0;0;0;0;1;8;4;2;0;0;0;0;0;0;0;0;0;0;;1;15
"Doripenem_n";"Serratia marcescens";0;0;0;4;33;207;363;115;11;2;0;0;0;0;0;3;0;0;0;;3;738
"Doripenem_n";"Staphylococcus aureus";0;0;0;35;1121;1234;61;7;3;1;1;0;0;0;0;0;0;0;0;;2;2463
"Doripenem_n";"Staphylococcus aureus MSSA";0;0;0;98;476;84;13;11;5;3;2;0;0;0;0;0;0;0;0;;3;692
"Doripenem_n";"Staphylococcus epidermidis MSSE";0;0;1;37;22;15;4;4;1;0;0;0;0;0;0;0;0;0;0;;2;84
"Doripenem_n";"Staphylococcus lugdunensis";0;0;0;0;0;8;13;10;0;0;2;0;0;0;0;0;0;0;0;;1;33
"Doripenem_n";"Streptococcus agalactiae";0;3;26;194;18;0;0;0;0;0;0;0;0;0;0;0;0;0;0;;3;241
"Doripenem_n";"Streptococcus anginosus";0;0;2;20;36;9;1;1;0;1;0;0;0;0;0;0;0;0;0;;3;70
"Doripenem_n";"Streptococcus bovis";0;1;11;8;1;0;0;0;0;0;0;0;0;0;0;0;0;0;0;;1;21
"Doripenem_n";"Streptococcus group G";5;72;8;8;1;0;0;0;0;0;0;0;0;0;0;0;0;0;0;;2;94
"Doripenem_n";"Streptococcus oralis";0;7;27;38;20;6;7;3;3;1;0;0;0;0;0;0;0;0;0;;2;112
"Doxycycline";"Acinetobacter baumannii";0;0;0;0;0;0;74;25;24;6;3;3;2;9;22;34;3;0;0;;2;205
"Doxycycline";"Actinobacillus pleuropneumoniae";0;0;0;0;0;0;0;5;61;24;6;2;4;0;0;0;0;0;0;;1;102
"Doxycycline";"Actinomyces spp";0;0;0;0;1;3;26;108;90;52;6;6;2;9;2;0;0;0;0;;1;305
"Doxycycline";"Campylobacter coli";0;0;0;0;1;13;180;73;46;23;23;70;236;248;143;17;0;0;0;1;9;1073
"Doxycycline";"Campylobacter jejuni";0;0;0;0;12;130;282;46;41;13;35;52;132;142;62;0;0;0;0;0.5;7;947
"Doxycycline";"Citrobacter freundii";0;0;0;0;0;0;0;1;8;73;133;53;18;49;20;1;0;0;0;8;3;356
"Doxycycline";"Corynebacterium striatum";0;0;0;0;0;0;4;0;0;1;0;2;9;0;0;0;0;0;0;;1;16
"Doxycycline";"Enterobacter cloacae";0;0;0;0;0;0;4;4;8;81;458;271;47;70;11;4;0;0;0;8;3;958
"Doxycycline";"Enterobacter spp";0;0;0;0;0;0;0;0;2;2;2;19;16;1;0;0;0;1;0;8;1;43
"Doxycycline";"Enterococcus faecalis";0;0;0;0;0;4;86;221;61;8;5;57;329;400;183;0;1;0;0;0.5;5;1355
"Doxycycline";"Enterococcus faecium";0;0;0;0;0;4;267;163;11;14;17;18;229;816;645;35;0;0;0;0.5;13;2219
"Doxycycline";"Escherichia coli";0;0;0;0;0;0;1;25;223;865;1246;371;784;786;578;142;6;1;0;4;17;5028
"Doxycycline";"Haemophilus influenzae";0;0;0;0;0;0;0;19;7;0;4;0;0;0;0;0;0;0;0;;1;30
"Doxycycline";"Kingella kingae";0;0;0;0;0;45;127;17;8;5;0;0;0;0;0;0;0;0;0;;1;202
"Doxycycline";"Klebsiella aerogenes";0;0;0;0;0;0;0;1;5;47;86;16;8;14;0;0;0;0;0;8;2;177
"Doxycycline";"Klebsiella oxytoca";0;0;0;0;0;0;2;3;113;342;79;43;18;47;8;0;0;0;0;4;3;655
"Doxycycline";"Klebsiella pneumoniae";0;0;0;0;0;0;0;1;39;158;139;38;23;35;47;1;0;0;0;4;2;481
"Doxycycline";"Klebsiella spp";0;0;0;0;0;0;0;2;23;148;41;15;3;7;7;4;0;0;0;;2;250
"Doxycycline";"Legionella pneumophila";0;0;0;0;0;0;0;0;0;5;48;106;24;0;0;0;0;0;0;;1;183
"Doxycycline";"Mannheimia haemolytica";0;0;0;0;0;0;0;8;18;4;3;4;1;0;0;0;0;0;0;;1;38
"Doxycycline";"Moraxella catarrhalis";0;0;0;0;0;0;16;89;160;19;1;2;0;0;0;0;0;0;0;1;1;287
"Doxycycline";"Morganella morganii";0;0;0;0;0;0;0;0;8;15;12;9;5;5;8;17;0;0;0;8;1;79
"Doxycycline";"Mycobacterium marinum";0;0;0;0;0;0;0;0;0;2;2;19;10;0;0;0;0;0;0;;1;33
"Doxycycline";"Pasteurella multocida";0;0;0;0;0;2;50;218;37;10;8;0;0;0;0;0;0;0;0;1;4;325
"Doxycycline";"Proteus mirabilis";0;0;0;0;0;0;0;0;0;0;0;0;0;0;1;7;2;0;15;;2;25
"Doxycycline";"Proteus spp";0;0;0;0;0;0;0;0;0;1;8;10;12;2;0;2;3;12;0;;1;50
"Doxycycline";"Proteus vulgaris";0;0;0;0;0;0;0;1;2;6;21;32;28;5;15;3;0;0;0;;2;113
"Doxycycline";"Salmonella spp";0;0;0;0;0;0;0;1;7;243;3404;1817;633;302;313;119;0;0;0;8;5;6839
"Doxycycline";"Serratia marcescens";0;0;0;0;0;0;0;1;1;4;20;48;50;38;11;1;0;0;0;;2;174
"Doxycycline";"Staphylococcus aureus";0;0;0;20;195;1208;2018;742;155;129;245;202;67;37;14;3;1;1;0;0.5;7;5037
"Doxycycline";"Staphylococcus coagulase negative";0;0;0;0;0;3;13;2;6;1;1;3;4;3;4;0;0;0;0;;1;40
"Doxycycline";"Staphylococcus haemolyticus";0;0;0;0;0;0;40;12;107;84;2;2;3;37;0;0;0;0;0;;1;287
"Doxycycline";"Staphylococcus saprophyticus";0;0;0;0;0;1;15;2;0;0;0;0;0;0;0;0;0;0;0;;1;18
"Doxycycline";"Stenotrophomonas maltophilia";0;0;0;0;0;0;0;2;12;41;94;63;31;7;2;0;0;0;0;8;2;252
"Doxycycline";"Streptococcus agalactiae";0;0;0;0;0;4;6;3;2;1;3;0;22;11;0;0;0;0;0;;2;52
"Doxycycline";"Streptococcus pneumoniae";0;0;0;3;12;298;2493;1204;183;54;65;191;194;56;7;3;0;0;0;0.5;6;4763
"Doxycycline";"Streptococcus pyogenes";0;0;0;3;18;167;901;740;105;11;3;3;49;159;65;12;1;2;0;0.5;7;2239
"Doxycycline";"Streptococcus, viridans group";0;0;0;0;2;3;9;3;0;1;0;2;2;3;0;0;0;0;0;;1;25
"Doxycycline";"Yersinia enterocolitica";0;0;0;0;0;0;0;1;42;94;41;0;0;0;0;0;0;0;0;2;2;178
"Enrofloxacin";"Escherichia coli";0;0;0;0;832;1994;153;20;26;11;1;1;1;0;0;0;0;0;0;0.125;11;3039
"Enrofloxacin";"Listeria monocytogenes";0;0;0;0;0;0;0;0;3;96;91;11;0;0;0;0;0;0;0;;2;201
"Enrofloxacin";"Mannheimia haemolytica";0;0;1;4;32;4;1;18;5;0;4;1;2;0;0;0;0;0;0;;2;72
"Enrofloxacin";"Pasteurella multocida";0;8;22;11;6;1;1;0;12;16;5;0;0;0;0;2;0;0;0;;2;84
"Enrofloxacin";"Salmonella spp";0;0;0;0;1;203;292;28;1;2;0;0;0;0;0;0;0;0;0;;6;527
"Ertapenem";"Acinetobacter baumannii";0;0;0;2;0;1;4;5;9;49;90;67;39;14;9;7;0;0;6;;3;302
"Ertapenem";"Acinetobacter lwoffii";0;0;0;0;0;3;3;1;9;11;17;13;3;10;0;0;0;0;0;;1;70
"Ertapenem";"Bacteroides fragilis";0;0;1;2;5;41;55;58;28;3;13;4;0;0;0;0;0;0;0;;2;210
"Ertapenem";"Bacteroides thetaiotaomicron";0;0;0;0;2;0;0;1;5;8;4;0;1;0;0;0;0;0;0;;1;21
"Ertapenem";"Citrobacter freundii";0;0;0;2;0;4;8;2;0;0;0;0;0;0;0;0;0;0;0;;1;16
"Ertapenem";"Clostridium difficile";0;0;0;0;0;0;0;0;0;0;12;151;98;5;0;0;0;0;0;;1;266
"Ertapenem";"Enterobacter cloacae";0;0;41;160;110;64;49;39;30;72;46;18;1;0;0;0;0;0;0;;4;630
"Ertapenem";"Enterococcus faecalis";0;0;0;0;0;0;0;0;2;3;25;174;204;55;17;0;0;0;0;;4;480
"Ertapenem";"Escherichia coli";0;40;691;178;42;23;10;2;0;0;0;0;2;0;0;0;0;0;0;;4;988
"Ertapenem";"Haemophilus influenzae";1;7;67;371;1334;1258;423;154;38;7;0;0;0;0;0;0;0;0;0;;10;3660
"Ertapenem";"Haemophilus parainfluenzae";0;0;20;34;123;61;17;4;2;0;0;0;0;0;0;0;0;0;0;;2;261
"Ertapenem";"Klebsiella aerogenes";0;2;0;15;13;3;3;5;8;4;1;0;0;0;0;0;0;0;0;;2;54
"Ertapenem";"Klebsiella oxytoca";0;4;38;49;10;3;0;0;0;0;0;1;0;0;0;0;0;0;0;;2;105
"Ertapenem";"Klebsiella pneumoniae";0;2;251;314;61;40;37;12;5;5;3;1;1;0;0;0;0;0;0;;4;732
"Ertapenem";"Moraxella catarrhalis";4;107;304;578;185;137;28;0;0;0;0;0;0;0;0;0;0;0;0;;4;1343
"Ertapenem";"Morganella morganii";0;4;47;75;93;41;6;1;0;0;0;2;0;0;0;0;0;0;0;;6;269
"Ertapenem";"Proteus mirabilis";1;63;581;242;7;1;1;0;0;0;0;0;0;0;0;0;0;0;0;;6;896
"Ertapenem";"Proteus vulgaris";0;0;18;137;70;16;20;9;7;1;0;0;2;0;0;0;0;0;0;;3;280
"Ertapenem";"Providencia rettgeri";0;0;2;10;3;6;9;6;3;0;0;0;1;0;0;0;0;0;0;;1;40
"Ertapenem";"Pseudomonas aeruginosa";0;0;0;1;1;1;4;4;20;38;102;131;131;99;37;44;0;0;0;;2;613
"Ertapenem";"Serratia marcescens";0;0;4;68;43;33;16;18;8;0;1;1;0;0;0;0;0;0;0;;1;192
"Ertapenem";"Staphylococcus aureus";0;0;5;2;7;64;572;262;41;14;7;16;17;16;16;7;11;10;0;;5;1067
"Ertapenem";"Staphylococcus epidermidis";0;0;0;0;7;9;11;2;6;20;11;24;7;1;5;2;6;15;0;;1;126
"Ertapenem";"Staphylococcus saprophyticus";0;0;0;0;0;0;0;2;6;37;14;0;2;0;0;0;0;0;0;;1;61
"Ertapenem";"Streptococcus agalactiae";0;0;31;56;261;189;37;3;1;0;0;0;2;2;0;0;0;0;0;;7;582
"Ertapenem";"Streptococcus anginosus";0;0;0;0;2;15;35;10;5;0;0;0;0;0;0;0;0;0;0;;3;67
"Ertapenem";"Streptococcus group G";0;7;31;40;14;1;1;0;0;0;0;0;0;0;0;0;0;0;0;;2;94
"Ertapenem";"Streptococcus oralis";0;0;4;24;30;18;8;7;3;3;0;1;0;0;0;0;0;0;0;;2;98
"Ertapenem";"Streptococcus pneumoniae";99;590;1109;712;106;50;41;98;90;23;2;0;0;1;0;0;0;0;0;;7;2921
"Ertapenem";"Streptococcus pyogenes";0;3;5;40;0;0;0;0;0;0;0;0;0;0;0;0;0;0;0;;1;48
"Erythromycin";"Actinomyces israelii";0;0;2;6;32;44;13;1;0;0;0;0;0;0;0;0;0;0;0;;1;98
"Erythromycin";"Actinomyces spp";0;0;2;15;96;116;34;18;3;1;2;1;6;0;2;8;0;0;0;;1;304
"Erythromycin";"Bacteroides fragilis group";0;0;0;0;0;0;0;2;10;30;10;0;0;0;0;0;0;0;0;;1;52
"Erythromycin";"Bifidobacterium longum";0;0;1;1;3;19;31;14;1;0;0;0;2;5;0;0;0;0;1;;1;78
"Erythromycin";"Bifidobacterium spp";0;0;7;1;35;70;153;66;13;2;0;0;2;8;4;0;0;0;2;;2;363
"Erythromycin";"Campylobacter coli";0;0;0;0;8;18;436;2539;3809;5697;2205;814;332;67;62;221;1884;0;11;8;48;18103
"Erythromycin";"Campylobacter jejuni";0;0;0;1;21;123;1988;9162;8044;3585;1079;201;19;6;5;23;200;0;0;4;45;24457
"Erythromycin";"Clostridium difficile";0;0;0;0;1;7;9;59;279;729;533;47;12;19;7;5;2;444;2128;2;8;4281
"Erythromycin";"Clostridium perfringens";0;0;0;0;0;0;0;0;4;6;0;0;0;0;0;0;0;0;0;;1;10
"Erythromycin";"Enterococcus faecalis";0;0;0;0;1;12;8;32;205;487;485;322;120;486;20;252;57;134;350;4;22;2971
"Erythromycin";"Enterococcus faecium";0;0;0;0;0;12;115;322;604;567;671;428;152;53;167;159;977;245;294;4;33;4766
"Erythromycin";"Enterococcus hirae";0;0;0;0;0;0;0;97;403;9;8;2;5;0;0;42;2;0;0;2;8;568
"Erythromycin";"Haemophilus influenzae";0;0;0;0;1;7;21;113;127;618;4500;15097;7781;808;100;22;23;2;6;16;15;29226
"Erythromycin";"Haemophilus parainfluenzae";0;0;0;0;0;0;0;3;22;84;127;135;38;7;0;0;0;0;0;16;1;416
"Erythromycin";"Kingella kingae";0;0;0;0;0;43;47;96;15;1;0;0;0;0;0;0;0;0;0;;1;202
"Erythromycin";"Lactobacillus acidophilus";0;0;0;0;0;0;7;3;0;0;0;0;0;0;0;0;0;0;1;;1;11
"Erythromycin";"Lactobacillus fermentum";0;0;0;0;0;0;1;9;20;23;2;1;0;0;0;0;0;0;0;;1;56
"Erythromycin";"Lactobacillus gasseri";0;0;0;0;0;0;11;19;5;0;0;0;0;0;0;0;0;0;1;;1;36
"Erythromycin";"Lactobacillus johnsonii";0;0;0;0;0;0;9;9;4;0;0;0;0;0;0;0;0;0;4;;1;26
"Erythromycin";"Lactobacillus lactis";0;0;0;0;0;22;44;13;10;0;0;0;0;0;0;0;0;0;0;;1;89
"Erythromycin";"Lactobacillus paracasei";0;0;0;0;0;0;20;40;41;26;1;0;0;0;2;0;0;0;2;;2;132
"Erythromycin";"Lactobacillus plantarum";0;0;0;0;0;0;7;22;69;88;16;0;0;0;0;0;0;0;0;;2;202
"Erythromycin";"Lactobacillus reuteri";0;0;0;0;0;0;0;5;42;43;10;0;0;0;6;0;0;0;6;;2;112
"Erythromycin";"Lactobacillus sakei";0;0;0;0;0;0;1;6;43;28;2;2;0;0;1;0;0;0;0;;1;83
"Erythromycin";"Lactococcus lactis";0;0;0;0;0;22;44;13;10;0;0;0;0;0;0;0;0;0;0;;1;89
"Erythromycin";"Legionella pneumophila";0;0;0;0;2;30;119;112;18;1;1;0;0;0;0;0;0;0;0;1;2;283
"Erythromycin";"Listeria monocytogenes";0;0;0;0;0;5;187;101;263;6;0;0;0;0;0;0;0;0;0;1;6;562
"Erythromycin";"Moraxella catarrhalis";0;0;13;52;205;2279;407;73;5;2;2;0;0;0;0;0;0;0;0;0.25;8;3038
"Erythromycin";"Neisseria gonorrhoeae";0;0;0;2;9;7;31;72;136;186;208;213;51;4;1;1;0;1;0;0.5;5;922
"Erythromycin";"Peptostreptococcus spp";0;0;0;1;6;0;0;1;3;5;0;2;0;0;0;0;0;2;0;;1;20
"Erythromycin";"Staphylococcus aureus";0;0;0;17;62;967;4960;16140;7181;868;127;175;982;3550;71;1293;1649;236;1037;1;30;39315
"Erythromycin";"Staphylococcus aureus MRSA";0;0;0;0;0;0;1;16;106;3;1;5;0;2;1;0;22;314;0;1;6;471
"Erythromycin";"Staphylococcus aureus MSSA";0;0;0;0;0;0;2;64;468;24;5;42;1;2;3;3;4;62;0;1;6;680
"Erythromycin";"Staphylococcus capitis";0;0;0;1;0;38;74;47;12;0;1;1;2;38;4;0;0;0;213;1;2;431
"Erythromycin";"Staphylococcus coagulase negative";0;0;0;0;0;1;19;268;297;22;6;5;8;15;45;45;39;160;212;1;8;1142
"Erythromycin";"Staphylococcus coagulase negative MRSE";0;0;0;0;0;0;5;39;54;6;0;1;1;9;27;31;36;319;0;1;4;528
"Erythromycin";"Staphylococcus epidermidis";0;0;0;0;1;159;247;133;84;12;5;22;55;1036;143;16;19;135;0;1;5;2067
"Erythromycin";"Staphylococcus epidermidis MSSE";0;0;0;0;0;0;3;20;26;0;0;0;3;5;1;6;7;13;0;;2;84
"Erythromycin";"Staphylococcus haemolyticus";0;0;0;0;0;11;24;11;9;6;12;4;5;201;27;5;3;39;2;1;5;359
"Erythromycin";"Staphylococcus hominis";0;0;0;0;2;1;3;2;0;0;0;0;2;0;10;0;0;0;1;1;1;21
"Erythromycin";"Staphylococcus hyicus";0;0;0;0;0;0;3;35;122;4;0;0;0;1;49;0;0;0;0;1;2;214
"Erythromycin";"Staphylococcus intermedius";0;0;0;0;0;0;0;8;68;4;1;0;0;0;0;18;0;0;0;1;1;99
"Erythromycin";"Staphylococcus lugdunensis";0;0;0;0;0;0;3;5;0;0;0;0;0;0;0;0;0;0;0;;1;8
"Erythromycin";"Staphylococcus saprophyticus";0;0;0;0;0;0;13;10;1;0;0;0;0;0;2;2;0;2;0;;1;30
"Erythromycin";"Staphylococcus warneri";0;0;0;0;0;25;35;13;3;2;3;0;4;48;17;0;0;0;251;1;2;401
"Erythromycin";"Streptococcus agalactiae";0;0;0;13;92;582;130;33;1;4;1;15;10;28;14;0;0;15;0;0.25;7;938
"Erythromycin";"Streptococcus anginosus";0;0;0;0;0;10;29;1;0;1;1;0;2;0;0;0;0;0;0;0.25;2;44
"Erythromycin";"Streptococcus group G";0;0;0;0;2;69;58;26;4;2;1;10;3;7;0;0;1;10;0;0.25;5;193
"Erythromycin";"Streptococcus milleri";0;0;0;0;11;17;1;1;0;0;0;0;0;0;0;0;0;0;0;;1;30
"Erythromycin";"Streptococcus oralis";0;0;0;0;1;20;47;5;5;22;4;24;26;13;13;4;3;9;0;;4;196
"Erythromycin";"Streptococcus pneumoniae";0;1;6;215;2578;19211;6734;1029;98;178;715;1078;862;604;792;554;5513;383;1;0.25;33;40552
"Erythromycin";"Streptococcus pyogenes";0;0;0;70;3176;5640;1047;214;32;40;114;120;283;228;22;21;363;10;0;0.25;14;11380
"Erythromycin";"Streptococcus thermophilus";0;0;0;0;0;2;46;69;3;0;0;0;0;0;0;0;0;8;0;;2;128
"Erythromycin";"Streptococcus, viridans group";0;0;0;0;9;108;190;37;2;16;19;34;45;26;5;3;11;57;1;0.25;4;563
"Ethambutol";"Mycobacterium avium";0;0;0;0;0;0;0;0;2;12;44;200;392;159;63;0;0;0;0;;4;872
"Ethambutol";"Mycobacterium intracellulare";0;0;0;0;0;0;0;0;3;29;57;122;62;20;16;0;0;0;0;;4;309
"Ethambutol";"Mycobacterium tuberculosis 7H9";0;0;0;0;0;0;0;24;90;608;692;801;1379;758;239;0;0;0;0;;3;4591
"Ethionamid";"Mycobacterium tuberculosis 7H9";0;0;0;0;0;0;0;5;37;40;37;8;5;10;0;0;0;0;0;;1;142
"Faropenem";"Streptococcus pneumoniae";0;0;92;3;29;38;122;137;29;1;2;0;1;0;0;0;0;0;0;;1;454
"Fidaxomicin";"Clostridium difficile";0;2;14;58;76;228;436;265;85;18;1;0;0;0;0;0;0;0;0;;6;1183
"Florfenicol";"Actinobacillus pleuropneumoniae";0;0;0;0;0;0;3;305;69;0;0;0;0;1;0;0;0;0;0;;2;378
"Florfenicol";"Bordetella bronchiseptica";0;0;0;0;0;0;0;0;1;56;214;489;54;10;15;2;0;0;1;8;12;842
"Florfenicol";"Campylobacter coli";0;0;0;0;4;7;4;28;1439;11044;2642;129;7;12;2;0;0;0;0;4;21;15318
"Florfenicol";"Campylobacter jejuni";0;0;0;0;16;38;53;174;5977;13061;1988;249;30;6;1;0;0;0;0;4;20;21593
"Florfenicol";"Enterococcus faecalis";0;0;0;0;0;0;0;0;0;0;284;264;1;0;0;0;0;0;0;8;5;549
"Florfenicol";"Enterococcus faecium";0;0;0;0;0;0;0;0;0;0;251;459;2;0;0;0;1;0;0;8;5;713
"Florfenicol";"Escherichia coli";0;0;0;0;0;0;0;0;0;1;335;4503;4260;319;21;9;16;0;0;16;34;9464
"Florfenicol";"Haemophilus parasuis";0;0;0;0;0;0;6;35;27;0;0;0;0;0;0;0;0;0;0;;1;68
"Florfenicol";"Mannheimia haemolytica";0;0;0;0;0;0;4;39;288;616;54;1;0;1;0;1;0;0;0;2;19;1004
"Florfenicol";"Pasteurella multocida";0;0;0;0;0;11;103;1247;2693;103;12;10;5;2;3;0;0;0;0;1;42;4189
"Florfenicol";"Salmonella spp";0;0;0;0;0;0;0;0;0;1;1580;16073;3601;561;1099;445;238;4;0;16;20;23602
"Florfenicol";"Serratia spp";0;0;0;0;0;0;0;0;0;0;185;426;40;8;1;0;0;0;0;;2;660
"Florfenicol";"Staphylococcus aureus";0;0;0;0;0;0;0;0;0;0;45;74;3;1;0;0;0;0;0;8;3;123
"Florfenicol";"Staphylococcus hyicus";0;0;0;0;0;0;0;0;0;7;174;33;0;0;0;0;0;0;0;;2;214
"Fluconazole";"Candida albicans";0;0;0;0;4;39;227;195;52;14;0;0;0;0;0;0;0;0;0;1;2;531
"Fluconazole";"Candida albicans Etest";0;0;0;0;8;138;1007;1907;731;441;251;38;28;14;8;14;2;9;1;1;9;4597
"Fluconazole";"Candida albicans EUCAST";0;0;0;0;0;31;869;1636;689;108;36;33;94;73;60;60;67;0;0;1;12;3756
"Fluconazole";"Candida dubliniensis Etest";0;0;0;0;0;0;8;12;2;2;0;0;0;0;0;0;0;1;0;;3;25
"Fluconazole";"Candida dubliniensis EUCAST";0;0;0;0;0;0;11;9;2;0;0;0;0;0;0;0;0;0;0;;5;22
"Fluconazole";"Candida famata EUCAST";0;0;0;0;0;0;1;0;3;1;4;5;10;4;2;5;0;0;0;;8;35
"Fluconazole";"Candida glabrata";0;0;0;0;0;0;0;0;0;0;16;30;72;85;59;33;0;0;0;32;2;295
"Fluconazole";"Candida glabrata Etest";0;1;0;0;0;0;3;2;16;62;98;153;290;483;282;73;25;55;26;32;9;1569
"Fluconazole";"Candida glabrata EUCAST";0;0;0;0;0;0;0;0;2;7;33;173;278;229;85;48;43;0;0;32;12;898
"Fluconazole";"Candida guilliermondii Etest";0;0;0;0;0;0;0;0;1;18;30;17;5;4;0;2;0;0;1;;4;78
"Fluconazole";"Candida guilliermondii EUCAST";0;0;0;0;0;0;0;1;2;4;21;44;29;7;8;1;1;0;0;16;11;118
"Fluconazole";"Candida inconspicua Etest";0;0;0;0;0;0;0;0;0;0;0;0;0;0;1;1;0;2;0;;1;4
"Fluconazole";"Candida kefyr Etest";0;0;0;0;0;0;0;0;2;0;0;0;0;0;0;0;0;0;0;;2;2
"Fluconazole";"Candida kefyr Etest";0;0;0;0;0;1;17;15;7;2;0;0;0;0;0;0;0;0;0;;2;42
"Fluconazole";"Candida kefyr EUCAST";0;0;0;0;0;1;4;9;5;4;5;1;0;1;0;0;0;0;0;;8;30
"Fluconazole";"Candida krusei Etest";0;0;0;0;0;0;0;0;0;0;0;0;0;1;24;41;20;10;0;128;6;96
"Fluconazole";"Candida krusei EUCAST";0;0;0;0;0;0;0;0;0;0;0;1;5;14;134;79;32;0;0;128;12;265
"Fluconazole";"Candida lusitaniae Etest";0;0;0;0;0;0;9;18;28;29;13;1;0;0;2;0;0;0;0;;7;100
"Fluconazole";"Candida lusitaniae EUCAST";0;0;0;0;0;0;22;26;28;18;3;1;1;3;2;1;0;0;0;;12;105
"Fluconazole";"Candida norvegensis Etest";0;0;0;0;0;0;0;0;0;0;0;0;0;0;1;3;0;12;0;;2;16
"Fluconazole";"Candida parapsilosis";0;0;0;0;0;0;1;1;11;13;1;1;0;0;0;0;0;0;0;2;1;28
"Fluconazole";"Candida parapsilosis Etest";0;0;0;1;0;4;21;75;84;69;50;18;13;5;2;1;0;1;1;2;8;345
"Fluconazole";"Candida parapsilosis EUCAST";0;0;0;0;0;0;38;185;446;266;102;24;11;3;3;0;0;0;0;2;12;1078
"Fluconazole";"Candida paratropicalis Etest";0;0;0;0;0;0;14;59;137;119;32;13;6;11;4;1;1;0;0;;1;397
"Fluconazole";"Candida pintolopesii EUCAST";0;0;0;0;0;0;0;0;0;0;0;0;1;3;2;1;0;0;0;;4;7
"Fluconazole";"Candida tropicalis Etest";0;0;0;0;2;1;7;55;208;165;92;28;12;13;2;0;0;4;3;2;9;592
"Fluconazole";"Candida tropicalis EUCAST";0;0;0;0;0;0;98;153;132;59;34;18;6;9;7;2;33;0;0;2;12;551
"Fluconazole";"Cryptococcus neoformans Etest";0;0;0;0;0;0;0;0;0;0;1;7;1;0;0;0;0;0;0;;1;9
"Fluconazole";"Pichia anomala EUCAST";0;0;0;0;0;0;0;0;0;3;10;12;2;1;0;0;0;0;0;;5;28
"Fluconazole";"Saccharomyces cerevisiae Etest";0;0;0;0;0;0;0;0;0;6;12;26;26;21;15;6;0;0;0;;4;112
"Fluconazole";"Saccharomyces cerevisiae EUCAST";0;0;0;0;0;0;0;0;0;3;6;5;6;4;1;2;0;0;0;;4;27
"Flumequine";"Escherichia coli";0;0;0;0;0;0;1;37;1651;446;31;88;288;192;28;37;40;0;0;2;10;2839
"Flumequine";"Mannheimia haemolytica";0;0;0;0;0;0;5;54;10;0;14;15;2;11;1;0;0;0;0;;3;112
"Flumequine";"Pasteurella multocida";0;0;0;0;1;73;56;80;14;6;5;4;0;68;4;46;0;0;0;;5;357
"Flumequine";"Salmonella spp";0;0;0;0;0;0;1;5;3653;2855;270;49;237;288;82;26;4;0;0;2;5;7470
"Fosfomycin";"Acinetobacter spp";0;0;0;0;0;0;0;1;0;1;1;0;0;7;6;21;31;18;0;;3;86
"Fosfomycin";"Citrobacter spp";0;0;0;0;0;6;38;2;2;2;1;0;0;0;0;0;0;0;0;;2;51
"Fosfomycin";"Enterobacter spp";0;0;0;0;0;0;0;0;8;14;6;11;29;69;35;16;18;21;5;;3;232
"Fosfomycin";"Enterococcus faecalis";0;0;0;0;0;0;0;0;2;2;0;1;17;98;959;502;64;9;12;;6;1666
"Fosfomycin";"Enterococcus faecium";0;0;0;0;0;0;0;0;1;0;0;0;0;3;54;373;52;0;0;;1;483
"Fosfomycin";"Enterococcus spp";0;0;0;0;0;0;0;1;0;0;0;0;8;46;31;6;3;1;0;;2;96
"Fosfomycin";"Escherichia coli";0;0;0;0;1;1;54;74;513;890;922;1013;801;483;243;89;33;0;0;8;7;5117
"Fosfomycin";"Haemophilus influenzae";0;0;0;0;0;0;0;0;0;37;5;5;0;0;1;1;1;0;0;;1;50
"Fosfomycin";"Klebsiella aerogenes";0;0;0;0;0;0;0;0;0;0;1;2;7;19;32;13;6;0;0;;1;80
"Fosfomycin";"Klebsiella spp";0;0;0;0;0;0;6;3;27;50;47;73;138;147;127;64;25;16;35;;7;758
"Fosfomycin";"Proteus mirabilis";0;0;0;0;0;0;6;15;89;188;200;199;242;100;78;88;89;34;0;8;7;1328
"Fosfomycin";"Proteus spp";0;0;0;0;0;0;0;0;17;23;30;20;37;37;36;29;14;16;23;;4;282
"Fosfomycin";"Providencia spp";0;0;0;0;0;0;1;2;2;2;24;15;5;1;2;0;0;0;0;;2;54
"Fosfomycin";"Pseudomonas aeruginosa";0;0;0;0;0;0;0;0;8;2;30;55;56;97;236;468;239;19;40;;5;1250
"Fosfomycin";"Serratia marcescens";0;0;0;0;0;0;0;0;3;7;20;51;30;36;7;6;4;0;0;;2;164
"Fosfomycin";"Shigella spp";0;0;0;0;0;0;0;0;4;63;101;8;6;0;0;3;0;0;0;;3;185
"Fosfomycin";"Staphylococcus aureus";0;0;0;0;0;0;2;2;113;255;415;411;481;314;123;52;31;3;11;32;8;2213
"Fosfomycin";"Staphylococcus aureus MRSA";0;0;0;0;0;0;0;0;22;29;26;45;16;5;2;2;6;1;8;;1;162
"Fosfomycin";"Staphylococcus epidermidis";0;0;0;0;0;0;0;0;49;116;135;95;141;100;30;47;182;1;0;;2;896
"Fosfomycin";"Staphylococcus saprophyticus";0;0;0;0;0;0;0;0;0;0;0;2;0;2;7;23;5;10;0;;1;49
"Fosfomycin";"Streptococcus pneumoniae";0;0;0;0;0;0;0;0;0;0;0;16;32;6;3;0;0;0;0;;2;57
"Fosfomycin";"Streptococcus pyogenes";0;0;0;0;0;0;0;0;0;0;1;0;1;3;25;20;0;0;0;;1;50
"Fusidic acid";"Clostridium difficile";0;0;0;0;3;71;181;312;322;171;37;0;0;0;0;0;0;5;0;2;3;1102
"Fusidic acid";"Haemophilus influenzae";0;0;0;0;0;0;0;0;0;0;3;32;30;3;1;1;0;0;0;;1;70
"Fusidic acid";"Staphylococcus aureus";0;0;0;101;1197;4480;7394;4148;1108;327;394;734;497;344;72;73;30;28;53;0.5;30;20980
"Fusidic acid";"Staphylococcus aureus MRSA";0;0;0;0;6;93;334;95;5;3;5;19;12;6;1;3;2;1;16;0.5;7;601
"Fusidic acid";"Staphylococcus aureus MSSA";0;0;0;0;3;69;609;655;164;23;24;48;47;78;23;2;0;1;4;0.5;8;1750
"Fusidic acid";"Staphylococcus coagulase negative";0;0;0;3;3;82;202;190;20;5;1;21;54;142;63;5;0;1;16;0.5;5;808
"Fusidic acid";"Staphylococcus coagulase negative MRSE";0;0;0;0;5;84;104;30;4;1;4;11;31;77;111;7;1;1;8;0.5;4;479
"Fusidic acid";"Staphylococcus epidermidis";0;0;0;1;4;124;52;29;0;0;10;39;82;72;79;2;0;133;9;0.5;4;636
"Fusidic acid";"Staphylococcus epidermidis MSSE";0;0;0;1;1;8;32;5;3;0;1;5;7;8;13;0;0;0;0;0.5;2;84
"Fusidic acid";"Staphylococcus haemolyticus";0;0;0;0;2;29;3;0;0;1;14;5;13;14;4;0;0;19;0;0.5;4;104
"Fusidic acid";"Staphylococcus lugdunensis";0;0;0;0;33;59;55;30;2;0;1;8;6;0;0;0;0;0;0;0.5;2;194
"Fusidic acid";"Streptococcus agalactiae";0;0;0;0;0;0;0;0;1;3;18;88;555;387;13;6;0;0;0;32;2;1071
"Fusidic acid";"Streptococcus pneumoniae";0;0;0;0;0;0;0;0;0;0;1;26;42;75;13;2;0;0;0;;4;159
"Fusidic acid";"Streptococcus pyogenes";0;0;0;2;0;0;1;1;4;10;275;1595;897;46;8;0;0;0;0;16;4;2839
"Gatifloxacin";"Acinetobacter spp";0;0;0;3;7;10;11;5;0;5;2;1;6;16;5;5;1;0;0;0.25;1;77
"Gatifloxacin";"Bacteroides fragilis";0;0;0;0;0;0;0;9;35;1;0;2;1;0;0;0;0;0;0;1;1;48
"Gatifloxacin";"Citrobacter spp";0;0;1;18;43;41;13;8;16;9;3;6;4;6;4;1;0;0;0;0.25;2;173
"Gatifloxacin";"Enterobacter spp";0;0;0;22;82;77;24;11;9;5;8;17;4;10;11;1;0;0;0;0.25;2;281
"Gatifloxacin";"Enterococcus faecalis";0;0;0;0;1;24;59;970;1449;242;58;58;132;830;28;0;0;0;183;2;7;4034
"Gatifloxacin";"Enterococcus faecium";0;0;0;0;0;1;1;0;8;41;19;13;6;15;27;2;0;0;0;4;2;133
"Gatifloxacin";"Escherichia coli";1;35;206;1034;1609;317;76;105;99;29;43;150;315;46;17;2;2;0;0;0.125;5;4086
"Gatifloxacin";"Haemophilus influenzae";1;39;2046;1145;141;29;9;6;6;9;9;1;0;2;0;0;0;0;0;0.064;5;3443
"Gatifloxacin";"Haemophilus parainfluenzae";0;0;7;5;3;4;2;6;1;0;0;0;0;0;0;0;0;0;0;;1;28
"Gatifloxacin";"Klebsiella pneumoniae";0;0;0;14;247;567;203;65;97;47;42;14;16;4;3;0;0;0;0;0.25;4;1319
"Gatifloxacin";"Klebsiella spp";0;0;1;14;85;65;27;17;18;6;7;7;0;1;0;0;0;0;0;0.25;2;248
"Gatifloxacin";"Moraxella catarrhalis";0;1;41;134;308;200;18;5;2;1;0;0;0;0;0;0;0;0;0;;4;710
"Gatifloxacin";"Morganella morganii";0;0;0;0;11;48;43;11;4;1;1;1;0;3;0;0;0;0;0;0.5;2;123
"Gatifloxacin";"Neisseria gonorrhoeae";0;32;2;3;1;1;0;0;2;1;0;2;0;0;0;0;0;0;0;0.008;1;44
"Gatifloxacin";"Proteus mirabilis";0;0;0;0;15;172;677;230;54;18;54;62;44;14;19;2;0;0;0;0.5;5;1361
"Gatifloxacin";"Proteus vulgaris";0;0;0;2;11;57;105;41;9;1;4;0;2;0;0;0;0;0;0;0.5;4;232
"Gatifloxacin";"Pseudomonas aeruginosa";0;0;0;0;4;85;116;493;2289;1179;831;443;489;357;66;16;2;6;106;;8;6482
"Gatifloxacin";"Salmonella spp";0;0;0;1;6;21;6;2;3;1;0;0;0;0;0;0;0;0;0;0.25;1;40
"Gatifloxacin";"Serratia marcescens";0;0;0;0;0;7;15;30;10;6;4;0;5;2;0;0;0;0;0;;1;79
"Gatifloxacin";"Serratia spp";0;0;0;0;1;8;4;24;25;5;4;8;1;2;1;0;0;0;0;;1;83
"Gatifloxacin";"Shigella spp";0;0;0;6;12;0;3;0;0;0;0;0;0;0;0;0;0;0;0;;1;21
"Gatifloxacin";"Staphylococcus aureus";0;0;0;22;208;573;478;196;36;34;127;204;103;24;12;2;1;0;0;0.25;4;2020
"Gatifloxacin";"Staphylococcus coagulase negative";0;0;0;17;29;47;93;24;15;16;8;23;9;0;1;4;0;0;0;0.25;1;286
"Gatifloxacin";"Staphylococcus epidermidis";0;0;0;0;0;1;12;0;0;0;5;2;0;0;0;0;0;0;0;0.25;1;20
"Gatifloxacin";"Staphylococcus saprophyticus";0;0;0;0;0;1;0;28;1;0;0;0;0;0;0;0;0;0;0;;1;30
"Gatifloxacin";"Stenotrophomonas maltophilia";0;0;0;0;0;18;22;135;326;212;136;46;32;13;0;0;0;0;148;;2;1088
"Gatifloxacin";"Streptococcus agalactiae";0;0;0;0;0;4;7;180;122;3;2;2;2;0;0;0;0;0;194;1;4;516
"Gatifloxacin";"Streptococcus pneumoniae";0;0;0;2;19;136;1381;9548;3082;196;46;43;21;6;0;0;0;0;229;1;13;14709
"Gatifloxacin";"Streptococcus pyogenes";0;0;0;0;2;30;255;358;132;22;0;1;0;0;0;0;0;0;236;1;5;1036
"Gatifloxacin";"Streptococcus, viridans group";0;0;0;1;1;1;2;8;19;8;1;0;0;0;0;0;0;0;0;;1;41
"Gemifloxacin";"Bacteroides fragilis";0;0;0;0;0;0;2;13;57;22;4;1;0;0;0;0;0;0;0;;2;99
"Gemifloxacin";"Enterococcus faecalis";0;0;0;7;51;281;208;14;7;13;22;67;146;0;0;0;0;0;0;0.25;3;816
"Gemifloxacin";"Haemophilus influenzae";39;65;14;14;4;1;1;0;0;0;0;0;0;0;0;0;0;0;0;0.032;2;138
"Gemifloxacin";"Moraxella catarrhalis";0;1;8;34;27;4;0;0;0;0;0;0;0;0;0;0;0;0;0;;2;74
"Gemifloxacin";"Neisseria gonorrhoeae";35;2;0;1;0;0;1;0;1;2;0;1;1;0;0;0;0;0;0;;1;44
"Gemifloxacin";"Neisseria meningitidis";4;30;7;1;0;0;0;0;0;0;0;0;0;0;0;0;0;0;0;;2;42
"Gemifloxacin";"Proteus mirabilis";0;0;0;0;41;286;438;83;25;10;7;17;31;0;0;0;0;0;0;;4;938
"Gemifloxacin";"Proteus vulgaris";0;0;0;0;40;79;78;11;10;5;1;0;3;0;0;0;0;0;0;;2;227
"Gemifloxacin";"Providencia spp";0;0;0;1;12;22;10;4;0;0;0;0;0;0;0;0;0;0;0;;1;49
"Gemifloxacin";"Pseudomonas aeruginosa";0;0;0;0;44;54;405;678;279;179;86;58;95;14;8;10;0;0;0;;5;1910
"Gemifloxacin";"Serratia marcescens";0;0;0;0;4;14;31;8;1;6;2;1;3;0;0;0;0;0;0;;1;70
"Gemifloxacin";"Staphylococcus aureus";0;0;1;50;71;16;2;2;0;1;4;20;18;2;0;0;0;0;0;0.125;2;187
"Gemifloxacin";"Staphylococcus coagulase negative";0;0;3;22;11;4;0;0;1;0;0;0;0;0;0;0;0;0;0;;1;41
"Gemifloxacin";"Staphylococcus saprophyticus";0;0;0;20;28;1;0;0;0;0;0;0;0;0;0;0;0;0;0;;2;49
"Gemifloxacin";"Stenotrophomonas maltophilia";0;0;0;0;0;2;5;21;19;23;17;3;11;0;1;0;0;0;0;;2;102
"Gemifloxacin";"Streptococcus agalactiae";0;0;0;2;13;21;0;0;0;0;0;0;0;0;0;0;0;0;0;;2;36
"Gemifloxacin";"Streptococcus pneumoniae";0;2;3;58;190;71;12;1;9;4;1;0;0;0;0;0;0;0;0;;3;351
"Gemifloxacin";"Streptococcus pyogenes";0;0;0;12;18;18;1;0;0;0;0;0;0;0;0;0;0;0;0;;2;49
"Gentamicin";"Acinetobacter baumannii";0;0;0;0;1;6;33;277;763;685;414;246;203;207;89;133;103;319;7;4;68;3486
"Gentamicin";"Acinetobacter calcoaceticus";0;0;0;0;0;0;0;6;24;32;21;16;13;7;0;0;0;0;0;4;2;119
"Gentamicin";"Acinetobacter lwoffii";0;0;0;0;0;1;0;0;14;3;1;3;0;4;0;0;0;0;0;;1;26
"Gentamicin";"Acinetobacter spp";0;0;0;2;6;17;72;83;79;48;19;8;5;6;14;16;5;6;3;;9;389
"Gentamicin";"Aeromonas hydrophila";0;0;0;0;0;0;0;1;8;3;0;1;0;0;0;1;0;0;0;;1;14
"Gentamicin";"Alcaligenes xylosoxidans";0;0;0;0;0;0;0;0;2;0;2;3;2;12;3;2;0;1;0;;1;27
"Gentamicin";"Bifidobacterium longum";0;0;0;0;0;0;0;0;0;0;0;2;8;15;21;9;5;1;1;;1;62
"Gentamicin";"Bifidobacterium spp";0;0;0;0;0;0;0;0;0;0;0;3;22;61;108;112;18;5;5;;2;334
"Gentamicin";"Campylobacter coli";0;0;0;0;3;7;65;1249;4410;2790;230;4;3;1;9;136;0;0;0;2;43;8907
"Gentamicin";"Campylobacter jejuni";0;0;0;0;7;20;1213;6181;13946;2191;71;3;3;0;5;62;0;0;0;2;41;23702
"Gentamicin";"Citrobacter braakii";0;0;0;0;0;0;0;0;4;6;0;0;0;1;0;0;0;1;0;;1;12
"Gentamicin";"Citrobacter freundii";0;0;0;1;0;0;17;269;810;370;56;36;37;93;15;57;3;1;32;2;8;1797
"Gentamicin";"Citrobacter koseri";0;0;0;0;0;2;8;42;145;58;12;2;3;1;1;0;1;0;0;2;3;275
"Gentamicin";"Citrobacter spp";0;0;0;0;0;0;3;129;323;128;18;3;7;0;6;11;1;0;41;2;7;670
"Gentamicin";"Corynebacterium amycolatum";0;0;0;0;0;0;1;1;0;0;0;2;4;4;0;0;0;0;0;;1;12
"Gentamicin";"Corynebacterium jeikeium";0;0;0;0;0;2;0;0;0;0;0;0;0;0;10;0;0;0;0;;1;12
"Gentamicin";"Corynebacterium pseudodiphtheriticum";0;0;5;1;1;2;1;0;0;0;1;0;0;0;0;0;0;0;0;;1;11
"Gentamicin";"Corynebacterium spp";0;0;5;1;3;6;2;2;1;1;5;9;10;5;15;0;0;0;0;;6;65
"Gentamicin";"Corynebacterium striatum";0;0;0;0;0;0;0;0;0;1;3;3;4;1;0;0;0;0;0;;1;12
"Gentamicin";"Corynebacterium urealyticum";0;0;0;0;0;1;0;1;0;0;0;4;1;0;5;0;0;0;0;;1;12
"Gentamicin";"Enterobacter agglomerans";0;0;0;0;0;1;5;43;5;0;0;0;0;0;0;0;0;0;0;;1;54
"Gentamicin";"Enterobacter amnigenus";0;0;0;0;0;0;0;2;4;1;1;0;0;0;0;0;0;0;0;;1;8
"Gentamicin";"Enterobacter cloacae";1;0;2;6;37;179;397;1238;3670;1389;163;94;126;96;19;104;50;52;60;2;52;7683
"Gentamicin";"Enterobacter dissolvens";0;0;0;0;0;0;0;11;8;0;0;0;0;0;0;0;0;0;0;;1;19
"Gentamicin";"Enterobacter gergoviae";0;0;0;0;0;0;0;2;3;2;0;0;0;0;0;0;0;0;0;;1;7
"Gentamicin";"Enterobacter intermedium";0;0;0;0;0;0;0;1;2;0;0;0;0;1;0;0;0;0;0;;1;4
"Gentamicin";"Enterobacter sakazakii";0;0;0;0;0;0;0;6;14;7;3;0;1;0;0;0;0;0;0;;1;31
"Gentamicin";"Enterobacter spp";0;0;0;0;0;1;7;219;667;298;34;14;5;6;5;11;7;4;75;2;6;1353
"Gentamicin";"Enterobacter taylorae";0;0;0;0;0;0;0;0;3;1;0;0;0;0;0;0;0;0;0;;1;4
"Gentamicin";"Enterococcus faecalis";0;0;0;0;0;2;2;7;19;38;77;192;898;1829;720;64;59;74;802;32;27;4783
"Gentamicin";"Enterococcus faecium";0;0;0;1;0;0;1;4;9;22;91;598;1182;580;94;13;11;46;320;32;26;2972
"Gentamicin";"Enterococcus hirae";0;0;0;0;0;0;0;0;1;4;50;98;234;151;28;0;0;0;2;;8;568
"Gentamicin";"Escherichia coli";0;0;9;7;27;52;526;8527;32057;20369;3376;804;1365;3749;6370;519;143;168;70;2;98;78138
"Gentamicin";"Haemophilus influenzae";0;0;0;0;0;0;0;10;19;54;35;15;0;0;0;0;0;0;0;4;5;133
"Gentamicin";"Hafnia alvei";0;0;0;0;0;0;3;11;13;1;0;0;0;0;0;0;0;0;0;;1;28
"Gentamicin";"Klebsiella aerogenes";0;0;0;0;3;0;12;155;823;677;179;52;36;10;3;12;3;16;48;2;49;2029
"Gentamicin";"Klebsiella oxytoca";0;0;1;0;0;3;27;671;2213;977;188;60;41;36;9;34;8;11;83;2;51;4362
"Gentamicin";"Klebsiella pneumoniae";0;0;4;4;11;13;174;2034;6242;2225;316;233;269;273;169;192;164;186;93;2;64;12602
"Gentamicin";"Klebsiella spp";0;0;0;1;5;23;83;456;595;208;11;5;10;4;5;5;5;4;0;2;7;1420
"Gentamicin";"Lactobacillus acidophilus";0;0;0;0;0;0;0;0;1;1;4;3;1;1;0;0;0;0;0;;1;11
"Gentamicin";"Lactobacillus amylovorus";0;0;0;0;0;0;0;0;1;0;4;13;12;1;0;0;0;0;0;;1;31
"Gentamicin";"Lactobacillus crispatus";0;0;0;0;0;0;0;0;0;2;0;3;1;1;0;0;0;0;0;;1;7
"Gentamicin";"Lactobacillus delbrueckii";0;0;0;0;0;0;0;0;5;1;9;17;12;0;0;0;0;0;0;;1;44
"Gentamicin";"Lactobacillus fermentum";0;0;0;0;0;0;0;0;0;0;0;15;6;0;0;0;0;0;0;;1;21
"Gentamicin";"Lactobacillus gallinarum";0;0;0;0;0;0;0;0;2;1;4;1;0;0;0;0;0;0;0;;1;8
"Gentamicin";"Lactobacillus gasseri";0;0;0;0;0;0;0;0;0;0;5;7;18;6;0;0;0;0;0;;1;36
"Gentamicin";"Lactobacillus helveticus";0;0;0;0;0;0;0;0;1;4;11;9;2;0;0;0;0;0;0;;1;27
"Gentamicin";"Lactobacillus johnsonii";0;0;0;0;0;0;0;0;0;0;4;11;5;6;0;0;0;0;0;;1;26
"Gentamicin";"Lactobacillus plantarum";0;0;0;0;0;0;1;2;3;7;22;46;33;6;0;0;0;0;0;;2;120
"Gentamicin";"Lactobacillus reuteri";0;0;0;0;0;0;0;1;1;20;52;38;0;0;0;0;0;0;0;;2;112
"Gentamicin";"Lactobacillus rhamnosus";0;0;0;0;0;0;0;0;0;4;36;146;36;3;0;0;0;0;0;;3;225
"Gentamicin";"Lactobacillus sakei";0;0;0;0;0;0;0;0;0;0;0;3;3;31;42;4;0;0;0;;1;83
"Gentamicin";"Lactobacillus spp";0;0;0;0;0;0;1;3;14;40;151;315;142;92;68;23;26;6;2;;3;883
"Gentamicin";"Lactococcus lactis";0;0;0;0;0;0;0;0;0;2;4;0;1;5;0;0;0;0;0;;1;12
"Gentamicin";"Listeria monocytogenes";0;0;0;0;1;2;3;31;141;136;3;0;0;0;0;0;0;0;0;;4;317
"Gentamicin";"Mannheimia haemolytica";0;0;0;0;0;0;0;1;2;70;66;4;0;0;2;2;0;0;0;;4;147
"Gentamicin";"Moraxella catarrhalis";0;0;0;0;2;12;27;0;1;0;0;0;0;0;0;0;0;0;0;;1;42
"Gentamicin";"Morganella morganii";0;0;0;0;0;2;19;234;497;291;67;31;12;25;19;22;5;6;97;2;10;1327
"Gentamicin";"Neisseria gonorrhoeae";0;0;0;0;0;0;0;0;0;7;241;1049;1361;108;1;0;0;0;0;;4;2767
"Gentamicin";"Pasteurella multocida";0;0;0;0;0;2;4;5;27;118;225;90;43;29;67;45;4;0;0;8;7;659
"Gentamicin";"Proteus mirabilis";0;0;0;0;1;4;34;747;2220;2333;1006;243;123;216;52;136;22;16;127;2;18;7280
"Gentamicin";"Proteus spp";0;0;0;0;0;3;5;31;43;26;14;1;1;0;0;0;0;2;0;2;2;126
"Gentamicin";"Proteus vulgaris";0;0;0;0;0;3;36;204;359;217;62;20;6;14;3;6;3;2;130;2;8;1065
"Gentamicin";"Providencia rettgeri";0;0;0;0;0;0;0;1;0;2;1;1;0;0;0;1;0;1;0;;1;7
"Gentamicin";"Providencia stuartii";0;0;0;0;0;0;0;0;3;2;2;5;3;3;2;0;3;2;0;;2;25
"Gentamicin";"Pseudomonas aeruginosa";0;0;0;1;7;7;82;490;1455;4779;9205;4726;1604;864;310;529;100;184;147;8;72;24490
"Gentamicin";"Raoultella spp";0;0;0;0;0;0;0;21;10;1;0;0;0;0;0;0;0;0;0;;2;32
"Gentamicin";"Raoultella spp";0;0;0;0;0;0;0;4;8;0;0;0;1;1;1;2;1;3;0;;2;21
"Gentamicin";"Salmonella spp";0;0;0;0;0;0;77;23789;17450;2566;235;62;290;919;1252;23;1;0;0;2;14;46664
"Gentamicin";"Serratia liquefaciens";0;0;0;0;0;0;0;46;80;47;7;3;2;2;1;1;0;0;139;2;3;328
"Gentamicin";"Serratia marcescens";0;0;0;0;0;2;17;124;849;435;62;23;35;46;56;19;9;50;156;2;8;1883
"Gentamicin";"Serratia spp";0;0;0;0;0;0;2;48;222;238;41;6;6;11;18;12;5;0;169;2;7;778
"Gentamicin";"Staphylococcus aureus";0;0;2;11;47;107;2189;13085;19412;8853;1709;577;370;644;1119;120;278;123;287;2;59;48933
"Gentamicin";"Staphylococcus aureus MRSA";0;0;0;0;0;9;51;202;106;12;0;0;0;0;12;9;3;0;0;2;4;404
"Gentamicin";"Staphylococcus aureus MSSA";0;0;0;0;1;1;36;237;123;37;7;2;3;0;1;1;1;0;0;2;4;450
"Gentamicin";"Staphylococcus capitis";0;0;0;3;5;3;2;5;7;0;2;0;0;4;0;0;0;0;3;;2;34
"Gentamicin";"Staphylococcus coagulase negative";0;0;0;11;87;245;204;139;12;6;28;44;103;150;150;166;100;28;5;0.5;6;1478
"Gentamicin";"Staphylococcus coagulase negative MRSE";0;0;0;8;57;89;8;3;0;1;11;49;68;23;88;84;27;12;0;0.5;4;528
"Gentamicin";"Staphylococcus epidermidis";0;0;0;26;67;506;104;30;52;7;30;71;105;104;202;123;37;1;0;0.5;6;1465
"Gentamicin";"Staphylococcus haemolyticus";0;0;3;1;9;54;6;2;9;2;5;10;42;31;29;45;37;4;3;0.5;6;292
"Gentamicin";"Staphylococcus hominis";0;0;0;7;11;6;3;4;4;2;4;2;2;1;2;0;0;0;1;;2;49
"Gentamicin";"Staphylococcus intermedius";0;0;0;0;0;0;0;41;54;4;0;0;0;0;0;0;0;0;0;;1;99
"Gentamicin";"Staphylococcus lugdunensis";0;0;0;0;2;4;1;5;1;0;0;1;0;0;1;0;0;0;0;;1;15
"Gentamicin";"Staphylococcus saprophyticus";0;0;0;14;6;2;3;1;0;1;0;0;0;1;0;1;0;0;0;;2;29
"Gentamicin";"Staphylococcus warneri";0;0;0;1;2;7;2;0;0;0;1;1;2;0;0;0;1;0;4;;1;21
"Gentamicin";"Streptococcus agalactiae";0;0;2;0;3;4;1;0;3;2;10;66;128;273;143;57;31;7;0;;9;730
"Gentamicin";"Streptococcus anginosus";0;0;0;0;1;3;1;0;2;2;9;19;35;23;15;5;1;0;0;;6;116
"Gentamicin";"Streptococcus constellatus";0;0;0;0;0;0;3;1;1;2;4;4;4;4;2;0;0;0;0;;2;25
"Gentamicin";"Streptococcus dysgalactiae";0;0;0;0;0;0;0;1;1;1;1;2;2;3;0;0;0;0;0;;1;11
"Gentamicin";"Streptococcus group G";0;0;0;1;1;0;1;0;3;17;62;75;58;10;1;0;0;0;0;;5;229
"Gentamicin";"Streptococcus intermedius";0;0;0;0;0;0;0;0;0;0;1;2;6;5;1;0;0;0;0;;1;15
"Gentamicin";"Streptococcus oralis";0;0;0;0;0;0;1;2;7;13;26;24;20;23;44;74;5;0;0;;5;239
"Gentamicin";"Streptococcus parasanguis";0;0;0;0;0;0;0;0;1;1;4;1;0;0;0;0;0;0;0;;1;7
"Gentamicin";"Streptococcus pneumoniae";0;0;0;0;3;7;6;22;15;50;39;159;296;286;670;515;9;1;230;;9;2308
"Gentamicin";"Streptococcus pyogenes";0;0;0;0;1;2;2;5;15;38;161;660;1418;305;40;8;0;0;237;;9;2892
"Gentamicin";"Streptococcus thermophilus";0;0;0;0;0;0;0;0;0;0;57;63;6;2;0;0;0;0;0;;2;128
"Gentamicin";"Streptococcus, viridans group";0;0;0;0;0;0;0;1;8;15;40;93;104;101;70;97;4;1;0;;5;534
"Gentamicin";"Yersinia enterocolitica";0;0;0;0;0;0;0;8;12;88;179;1;0;0;0;0;0;0;0;;3;288
"Gentamicin";"Yersinia spp";0;0;0;0;0;1;0;24;9;0;0;0;1;0;0;0;0;0;0;;1;35
"Imipenem";"Acinetobacter baumannii";0;0;10;24;46;218;828;1356;1116;789;605;348;222;580;130;132;22;18;8;1;116;6452
"Imipenem";"Acinetobacter calcoaceticus";0;0;0;0;0;0;1;2;5;10;4;0;0;0;0;1;0;0;0;;1;23
"Imipenem";"Acinetobacter lwoffii";0;0;0;0;1;103;67;62;91;22;18;5;8;19;10;3;0;0;0;1;2;409
"Imipenem";"Acinetobacter spp";0;0;1;11;33;410;1187;1974;1978;1487;930;273;235;1120;10;1;1;0;0;1;10;9651
"Imipenem";"Aeromonas hydrophila";0;0;0;0;0;0;12;26;11;12;6;6;2;2;0;0;1;0;0;;2;78
"Imipenem";"Aeromonas spp";0;0;0;0;0;1;19;24;18;9;3;8;5;6;6;0;0;0;0;;2;99
"Imipenem";"Alcaligenes xylosoxidans";0;0;0;0;0;1;0;3;2;6;8;7;1;2;0;0;0;0;0;;1;30
"Imipenem";"Anaerobic cocci Gram positive";0;0;0;28;186;51;21;14;6;7;5;0;1;0;0;0;0;0;0;;1;319
"Imipenem";"Bacteroides fragilis";2;0;0;30;275;566;830;634;242;126;50;21;13;6;6;7;7;0;0;0.5;8;2815
"Imipenem";"Bacteroides fragilis group";0;2;15;63;283;377;504;359;265;130;46;11;6;3;4;6;7;0;1;;6;2082
"Imipenem";"Bacteroides ovatus";0;0;0;2;1;18;54;25;11;5;1;0;0;0;0;0;0;0;0;;3;117
"Imipenem";"Bacteroides spp";0;0;0;1;3;5;5;11;10;4;2;0;0;0;0;0;0;0;0;;4;41
"Imipenem";"Bacteroides thetaiotaomicron";0;0;0;1;23;62;83;101;85;43;10;3;3;0;0;0;0;0;0;;6;414
"Imipenem";"Bacteroides vulgatus";0;0;0;0;1;14;20;13;10;3;1;0;0;0;0;0;0;0;0;;3;62
"Imipenem";"Burkholderia cepacia";0;0;0;0;0;0;6;10;2;2;6;8;8;7;14;13;0;0;0;;3;76
"Imipenem";"Campylobacter jejuni";0;0;0;2;33;87;53;20;3;1;0;0;0;0;0;0;0;0;0;;1;199
"Imipenem";"Chryseobacterium spp";0;0;0;0;0;0;0;0;0;0;1;3;2;0;1;11;1;0;0;;1;19
"Imipenem";"Citrobacter freundii";0;0;0;2;6;20;272;547;868;480;84;31;5;8;5;2;0;0;33;2;8;2363
"Imipenem";"Citrobacter koseri";0;0;0;3;3;41;365;134;90;7;3;1;2;0;0;0;0;0;0;1;4;649
"Imipenem";"Citrobacter spp";0;0;0;0;2;57;437;480;680;338;73;18;1;2;0;0;0;0;0;1;10;2088
"Imipenem";"Clostridium perfringens";0;0;0;11;20;33;18;12;6;0;0;0;0;0;0;0;0;0;0;;1;100
"Imipenem";"Clostridium spp";0;0;3;12;29;56;39;45;35;33;31;7;4;0;0;0;0;0;0;;4;294
"Imipenem";"Corynebacterium jeikeium";0;0;0;0;0;4;0;3;4;2;0;0;0;47;0;0;0;0;0;;1;60
"Imipenem";"Corynebacterium spp";0;0;1;0;3;3;0;0;0;0;0;0;0;0;0;0;0;0;0;;1;7
"Imipenem";"Corynebacterium striatum";0;0;0;1;0;3;4;4;0;0;0;0;0;0;4;0;0;0;0;;1;16
"Imipenem";"Enterobacter agglomerans";0;0;0;0;0;0;0;19;72;81;8;3;0;0;0;0;0;0;0;;1;183
"Imipenem";"Enterobacter cloacae";0;7;20;68;195;670;1652;3647;4104;1154;341;69;30;28;11;2;0;0;59;1;63;12057
"Imipenem";"Enterobacter dissolvens";0;0;0;0;0;0;4;6;7;1;1;0;0;0;0;0;0;0;0;;1;19
"Imipenem";"Enterobacter sakazakii";0;0;0;0;0;1;8;7;22;8;3;0;0;0;0;0;0;0;0;;1;49
"Imipenem";"Enterobacter spp";0;0;0;0;0;47;714;2337;4094;1708;621;85;15;16;4;0;0;0;75;1;9;9716
"Imipenem";"Enterococcus avium";0;0;0;0;0;1;0;9;15;26;5;9;2;37;0;0;0;0;0;;1;104
"Imipenem";"Enterococcus casseliflavus";0;0;0;0;0;0;0;5;30;7;8;5;1;5;0;0;0;0;0;;2;61
"Imipenem";"Enterococcus faecalis";0;0;0;5;8;28;161;375;2505;6752;4697;1240;339;174;70;5;3;0;184;4;19;16546
"Imipenem";"Enterococcus faecium";0;0;0;0;0;11;15;18;43;113;104;214;71;3138;37;214;127;143;0;4;9;4248
"Imipenem";"Enterococcus gallinarum";0;0;0;0;0;0;0;0;18;28;24;8;4;29;0;0;0;0;0;;1;111
"Imipenem";"Escherichia coli";0;0;29;57;188;2600;7564;4794;1044;219;121;30;9;9;3;5;1;0;0;0.5;85;16673
"Imipenem";"Fusobacterium spp";0;0;0;12;95;38;16;14;9;4;2;2;0;0;1;0;0;0;0;;2;193
"Imipenem";"Haemophilus influenzae";0;0;6;3;19;185;318;1030;1364;593;240;61;23;12;3;1;0;0;0;2;13;3858
"Imipenem";"Haemophilus parainfluenzae";0;0;0;0;7;8;36;107;90;51;23;8;1;0;0;0;0;0;0;2;3;331
"Imipenem";"Hafnia alvei";0;0;0;0;0;0;1;1;0;0;0;0;0;0;0;0;0;0;0;;1;2
"Imipenem";"Klebsiella aerogenes";0;0;1;4;4;39;256;780;1177;1014;384;80;39;23;18;14;3;1;49;1;56;3886
"Imipenem";"Klebsiella oxytoca";0;0;4;9;13;222;1887;1705;831;88;50;13;5;3;2;0;0;0;0;1;59;4832
"Imipenem";"Klebsiella pneumoniae";0;0;27;52;58;1236;12021;8316;6474;952;231;55;19;30;6;5;1;0;0;1;75;29483
"Imipenem";"Klebsiella spp";0;0;0;0;19;114;446;300;199;40;4;2;1;0;0;0;0;0;0;1;7;1125
"Imipenem";"Kluyvera spp";0;0;0;0;0;0;2;6;19;5;0;0;0;0;0;0;0;0;0;;1;32
"Imipenem";"Moraxella catarrhalis";0;0;29;29;97;142;167;27;23;5;0;1;1;0;0;0;0;0;0;0.25;6;521
"Imipenem";"Morganella morganii";0;0;0;1;1;3;30;34;119;479;1153;554;86;29;25;1;0;0;98;4;17;2613
"Imipenem";"Mycobacterium abscessus";0;0;0;0;0;0;0;0;0;0;12;8;30;43;37;10;44;0;0;;3;184
"Imipenem";"Neisseria gonorrhoeae";0;0;0;6;18;13;34;13;1;1;0;0;0;0;0;0;0;0;0;;3;86
"Imipenem";"Neisseria meningitidis";0;0;10;3;20;1;9;3;0;0;0;0;0;0;0;0;0;0;0;;3;46
"Imipenem";"Pasteurella spp";0;0;0;0;0;0;2;0;0;0;0;0;0;0;0;0;0;0;0;;1;2
"Imipenem";"Peptostreptococcus spp";0;0;20;29;70;24;4;7;4;1;0;0;0;0;0;0;0;0;0;;2;159
"Imipenem";"Porphyromonas spp";2;0;0;1;74;5;7;2;0;0;0;1;0;0;0;0;0;0;0;;2;92
"Imipenem";"Prevotella spp";2;1;0;20;151;82;46;42;22;6;4;0;0;0;0;0;0;0;0;;2;376
"Imipenem";"Proteus mirabilis";0;0;1;2;3;56;565;1705;3099;4676;4169;1221;146;50;34;2;0;0;123;4;22;15852
"Imipenem";"Proteus vulgaris";0;0;0;0;1;8;88;124;246;375;386;150;38;12;12;0;0;0;131;4;12;1571
"Imipenem";"Providencia rettgeri";0;0;0;0;0;0;0;4;31;55;39;9;0;0;1;0;0;0;0;4;4;139
"Imipenem";"Providencia spp";0;0;0;0;0;0;1;6;23;15;47;30;10;2;1;0;0;0;0;;4;135
"Imipenem";"Providencia stuartii";0;0;0;0;0;1;2;20;70;101;64;27;3;0;0;0;0;0;0;4;4;288
"Imipenem";"Pseudomonas aeruginosa";0;0;1;4;8;85;294;1197;8391;24813;12841;4363;4221;6906;651;388;22;39;108;4;90;64332
"Imipenem";"Pseudomonas fluorescens group";0;0;0;0;0;2;4;13;62;90;54;38;33;22;16;0;0;0;115;4;4;449
"Imipenem";"Pseudomonas stutzeri group";0;0;0;0;0;2;11;6;0;0;0;0;0;0;0;0;0;0;0;;1;19
"Imipenem";"Salmonella enteritidis";0;0;0;0;0;1;38;218;310;1;0;0;0;0;0;0;0;0;0;;2;568
"Imipenem";"Salmonella paratyphi";0;0;0;0;0;0;13;22;34;0;0;0;0;0;0;0;0;0;0;;1;69
"Imipenem";"Salmonella spp";0;0;0;0;0;70;7906;4686;2381;47;12;0;0;0;0;0;0;0;0;1;13;15102
"Imipenem";"Salmonella typhi";0;0;0;0;0;2;123;87;110;0;1;0;0;0;0;0;0;0;0;;1;323
"Imipenem";"Salmonella typhimurium";0;0;0;0;0;1;15;72;100;0;1;0;0;0;0;0;0;0;0;;1;189
"Imipenem";"Serratia liquefaciens";0;0;0;0;0;1;15;76;110;76;31;11;3;5;0;0;0;0;140;2;5;468
"Imipenem";"Serratia marcescens";0;0;1;8;1;10;149;1071;3142;2379;971;169;10;28;5;0;0;1;157;2;9;8102
"Imipenem";"Serratia spp";0;0;0;1;2;38;87;181;242;104;34;28;6;2;2;0;0;0;170;2;9;897
"Imipenem";"Shigella flexneri";0;0;0;0;0;14;85;48;173;1;0;0;0;0;0;0;0;0;0;;1;321
"Imipenem";"Shigella sonnei";0;0;0;0;0;30;215;59;121;1;0;0;0;0;0;0;0;0;0;;1;426
"Imipenem";"Shigella spp";0;0;0;0;0;1;31;130;19;3;1;1;0;0;0;0;0;0;0;1;3;186
"Imipenem";"Staphylococcus aureus";0;12;541;1641;1882;966;305;176;122;63;84;19;13;4;4;4;0;1;0;0.125;55;5837
"Imipenem";"Staphylococcus capitis";0;0;0;0;0;105;34;9;36;6;3;4;4;13;0;0;0;0;0;;1;214
"Imipenem";"Staphylococcus coagulase negative";6;25;157;269;242;147;107;46;38;24;14;15;10;10;16;18;0;0;0;0.125;7;1144
"Imipenem";"Staphylococcus epidermidis";0;0;0;48;48;40;45;64;28;15;17;2;5;6;1;1;5;0;0;0.125;3;325
"Imipenem";"Staphylococcus haemolyticus";0;0;4;5;8;1;3;2;1;2;3;1;0;1;2;4;0;0;0;0.125;1;37
"Imipenem";"Staphylococcus saprophyticus";0;0;0;16;23;6;5;0;2;0;0;0;0;0;2;0;0;0;0;0.125;3;54
"Imipenem";"Stenotrophomonas maltophilia";0;0;0;0;0;0;9;16;11;12;7;21;30;4199;1;56;150;31;2;;10;4545
"Imipenem";"Streptococcus agalactiae";0;22;122;228;94;24;1;0;1;3;0;0;0;0;0;0;0;0;0;0.125;8;495
"Imipenem";"Streptococcus anginosus";0;9;8;29;22;6;1;0;0;0;0;0;0;0;0;0;0;0;0;;4;75
"Imipenem";"Streptococcus group G";8;145;32;2;1;0;0;0;0;0;0;0;0;0;0;0;0;0;0;;4;188
"Imipenem";"Streptococcus intermedius";0;0;2;7;4;4;0;0;0;0;0;0;0;0;0;0;0;0;0;;2;17
"Imipenem";"Streptococcus mitis";0;0;0;5;10;7;10;11;3;0;0;0;0;0;0;0;0;0;0;;2;46
"Imipenem";"Streptococcus oralis";0;20;43;54;41;14;12;5;3;2;2;0;0;0;0;0;0;0;0;;4;196
"Imipenem";"Streptococcus pneumoniae";59;666;386;131;177;110;120;72;16;2;3;1;0;0;0;0;0;0;0;0.016;11;1743
"Imipenem";"Streptococcus pyogenes";62;349;138;99;61;19;1;1;1;0;0;0;0;0;0;0;0;0;0;0.064;11;731
"Imipenem";"Streptococcus, viridans group";0;7;63;127;108;80;37;17;19;6;0;0;0;0;0;1;0;0;0;0.125;5;465
"Imipenem";"Yersinia enterocolitica";0;0;0;0;0;0;0;32;88;1;0;0;0;0;0;0;0;0;0;;1;121
"Isavuconazole";"Aspergillus flavus EUCAST";0;0;0;0;0;0;1;5;44;285;96;3;0;0;0;0;0;0;0;2;6;434
"Isavuconazole";"Aspergillus fumigatus EUCAST";0;0;0;0;0;1;2;21;199;174;12;9;5;3;0;0;0;0;0;2;5;426
"Isavuconazole";"Aspergillus nidulans EUCAST";0;0;0;0;1;19;95;36;5;0;0;0;0;0;0;0;0;0;0;0.25;3;156
"Isavuconazole";"Aspergillus niger EUCAST";0;0;0;0;0;0;0;3;8;53;118;35;7;0;0;0;0;0;0;4;5;224
"Isavuconazole";"Aspergillus terreus EUCAST";0;0;0;0;0;1;8;83;165;75;9;1;7;0;0;0;0;0;0;1;4;349
"Itraconazole";"Aspergillus flavus Etest";0;0;0;0;0;3;2;10;7;0;1;0;0;0;0;0;0;0;0;;1;23
"Itraconazole";"Aspergillus flavus EUCAST";0;0;2;2;0;8;43;146;103;23;8;0;0;4;0;0;0;0;0;1;7;339
"Itraconazole";"Aspergillus fumigatus Etest";0;0;1;0;2;1;5;48;18;8;3;0;0;0;0;1;0;0;0;;2;87
"Itraconazole";"Aspergillus fumigatus EUCAST";0;0;0;2;6;15;150;847;814;194;51;30;14;58;121;0;0;0;0;1;7;2302
"Itraconazole";"Aspergillus nidulans Etest";0;0;0;0;0;0;3;3;4;0;0;1;0;0;0;0;0;0;0;;1;11
"Itraconazole";"Aspergillus nidulans EUCAST";0;0;0;0;2;7;27;31;13;4;4;0;2;4;0;0;0;0;0;1;5;94
"Itraconazole";"Aspergillus niger EUCAST";0;0;0;0;0;1;6;18;104;117;21;7;5;25;3;0;0;0;0;4;6;307
"Itraconazole";"Aspergillus sydowii EUCAST";0;0;0;0;0;1;8;8;18;10;1;2;1;7;0;0;0;0;0;;2;56
"Itraconazole";"Aspergillus terreus Etest";0;0;0;0;0;0;4;4;3;0;1;0;0;0;0;0;0;0;0;;1;12
"Itraconazole";"Aspergillus terreus EUCAST";0;0;0;1;5;23;193;331;50;4;2;0;2;1;0;0;0;0;0;0.5;5;612
"Itraconazole";"Aspergillus versicolor Etest";0;0;0;0;0;0;0;0;1;2;0;0;0;0;0;0;0;0;0;;1;3
"Itraconazole";"Aspergillus versicolor EUCAST";0;0;0;0;0;1;2;3;8;8;1;0;1;1;0;0;0;0;0;;3;25
"Itraconazole";"Candida albicans Etest";0;23;105;240;457;472;392;85;52;34;15;10;2;2;4;0;0;0;0;;8;1893
"Itraconazole";"Candida albicans EUCAST";0;0;5;2154;533;278;240;189;118;56;16;14;20;35;0;0;0;0;0;0.064;16;3658
"Itraconazole";"Candida dubliniensis DIN";0;0;12;18;9;5;0;2;0;1;1;0;0;0;0;0;0;0;0;;1;48
"Itraconazole";"Candida dubliniensis Etest";0;1;2;1;3;4;0;0;0;0;0;0;0;0;1;0;0;0;0;;2;12
"Itraconazole";"Candida dubliniensis EUCAST";0;0;0;6;0;1;0;0;0;0;0;0;0;0;0;0;0;0;0;0.064;4;7
"Itraconazole";"Candida famata DIN";0;0;0;0;0;5;2;1;4;0;0;1;1;0;0;0;0;0;0;;1;14
"Itraconazole";"Candida famata EUCAST";0;0;0;0;2;2;8;7;12;3;0;0;2;0;0;0;0;0;0;;9;36
"Itraconazole";"Candida glabrata DIN";0;0;29;14;40;83;73;131;76;67;41;8;15;10;0;0;0;0;0;;1;587
"Itraconazole";"Candida glabrata Etest";0;0;0;1;1;9;14;58;67;99;118;67;16;10;37;7;0;0;14;;8;518
"Itraconazole";"Candida glabrata EUCAST";0;0;0;0;10;20;67;155;274;181;70;23;15;22;4;0;0;0;0;2;14;841
"Itraconazole";"Candida guilliermondii DIN";0;0;14;7;7;6;7;36;43;32;32;12;5;1;0;0;0;0;0;;1;202
"Itraconazole";"Candida guilliermondii Etest";0;0;0;0;0;0;0;1;2;0;1;1;1;2;0;0;0;0;0;;1;8
"Itraconazole";"Candida guilliermondii EUCAST";0;0;0;4;1;4;20;40;24;3;0;0;0;1;0;0;0;0;0;2;10;97
"Itraconazole";"Candida kefyr DIN";0;0;29;20;39;24;12;5;4;2;1;0;0;1;0;0;0;0;0;;1;137
"Itraconazole";"Candida kefyr EUCAST";0;0;0;5;5;4;1;3;1;0;0;0;0;0;0;0;0;0;0;;7;19
"Itraconazole";"Candida krusei DIN";0;0;18;4;6;9;21;60;96;80;29;5;8;4;2;0;0;0;0;;1;342
"Itraconazole";"Candida krusei Etest";0;4;4;1;4;2;6;2;4;15;15;5;5;0;1;0;0;0;0;;8;68
"Itraconazole";"Candida krusei EUCAST";0;0;0;5;4;17;71;67;42;15;2;0;0;0;0;0;0;0;0;1;12;223
"Itraconazole";"Candida lusitaniae DIN";0;0;37;28;29;31;36;7;0;1;0;0;0;1;0;0;0;0;0;;1;170
"Itraconazole";"Candida lusitaniae Etest";0;0;0;0;3;8;1;0;4;0;0;0;0;0;0;0;0;0;0;;4;16
"Itraconazole";"Candida lusitaniae EUCAST";0;0;0;17;10;9;5;3;3;0;0;0;0;0;0;0;0;0;0;0.125;10;47
"Itraconazole";"Candida norvegensis DIN";0;0;0;0;2;2;8;5;4;3;0;1;0;0;0;0;0;0;0;;1;25
"Itraconazole";"Candida norvegensis Etest";0;0;0;0;0;0;0;0;0;4;5;0;0;0;0;0;0;0;0;;1;9
"Itraconazole";"Candida parapsilosis";0;0;0;0;0;4;6;15;7;1;0;0;0;0;0;0;0;0;0;;1;33
"Itraconazole";"Candida parapsilosis DIN";0;0;94;66;81;76;85;26;7;8;2;4;4;0;0;0;0;0;0;;1;453
"Itraconazole";"Candida parapsilosis Etest";0;0;2;16;12;20;21;6;7;3;0;1;0;0;0;0;0;0;0;;7;88
"Itraconazole";"Candida parapsilosis EUCAST";0;0;0;217;270;114;43;38;14;3;0;0;0;0;0;0;0;0;0;0.125;11;699
"Itraconazole";"Candida pintolopesii EUCAST";0;0;0;1;2;1;1;1;1;0;0;0;0;0;0;0;0;0;0;;4;7
"Itraconazole";"Candida sake DIN";0;0;0;6;9;5;2;2;3;0;0;0;0;0;0;0;0;0;0;;1;27
"Itraconazole";"Candida tropicalis DIN";0;0;34;44;97;149;144;105;43;43;14;2;0;2;3;0;0;0;0;;1;680
"Itraconazole";"Candida tropicalis Etest";0;0;0;21;5;8;9;16;9;10;2;1;0;0;0;0;0;0;0;;7;81
"Itraconazole";"Candida tropicalis EUCAST";0;0;0;92;97;57;45;31;16;8;1;3;2;4;0;0;0;0;0;0.125;11;356
"Itraconazole";"Pichia anomala EUCAST";0;0;0;0;1;2;16;7;2;0;0;0;0;0;0;0;0;0;0;;5;28
"Itraconazole";"Saccharomyces cerevisiae Etest";0;0;0;0;0;0;0;0;5;15;10;12;3;0;9;6;0;0;0;;3;60
"Itraconazole";"Saccharomyces cerevisiae EUCAST";0;0;0;1;1;0;1;5;6;3;3;0;0;2;0;0;0;0;0;;5;22
"Kanamycin";"Enterobacter cloacae";0;0;0;0;0;0;1;0;0;7;102;40;4;6;4;1;9;16;0;;1;190
"Kanamycin";"Escherichia coli";0;0;0;0;0;0;3;127;333;368;720;1238;507;107;59;181;34;183;0;8;4;3860
"Kanamycin";"Klebsiella aerogenes";0;0;0;0;0;0;0;0;0;1;20;16;1;0;2;4;2;1;0;;1;47
"Kanamycin";"Klebsiella oxytoca";0;0;0;0;0;0;1;0;0;3;44;34;12;6;4;5;4;2;0;;1;115
"Kanamycin";"Klebsiella pneumoniae";0;0;0;0;0;0;0;0;5;34;234;31;9;7;11;20;9;56;0;;1;416
"Kanamycin";"Klebsiella spp";0;0;0;0;0;0;13;6;17;33;114;24;3;2;2;0;0;0;7;;1;221
"Kanamycin";"Lactobacillus reuteri";0;0;0;0;0;0;0;0;0;0;0;0;0;1;6;16;15;4;7;;1;49
"Kanamycin";"Lactobacillus spp";0;0;0;0;0;0;0;0;0;0;0;0;0;1;6;16;15;4;7;;1;49
"Kanamycin";"Listeria monocytogenes";0;0;0;0;0;0;0;0;4;20;126;51;0;0;0;0;0;0;0;;2;201
"Kanamycin";"Mycobacterium tuberculosis 7H9";0;0;0;0;0;0;17;34;165;781;2009;774;214;54;422;0;0;0;0;;2;4470
"Kanamycin";"Pasteurella multocida";0;0;0;0;0;0;0;2;2;26;44;83;108;61;10;20;10;7;0;;2;373
"Kanamycin";"Proteus mirabilis";0;0;0;0;0;0;0;0;0;0;8;38;33;18;4;3;1;34;0;;1;139
"Kanamycin";"Pseudomonas aeruginosa";0;0;0;0;0;0;1;0;0;2;4;2;2;16;48;150;115;98;0;;1;438
"Kanamycin";"Salmonella spp";0;0;0;0;0;0;0;16;1042;981;520;422;35;2;0;7;0;1;0;;3;3026
"Kanamycin";"Serratia liquefaciens";0;0;0;0;0;0;0;0;0;0;6;7;3;2;0;0;0;0;0;;1;18
"Kanamycin";"Serratia marcescens";0;0;0;0;0;0;0;0;0;0;26;32;8;4;2;1;0;2;0;;1;75
"Kanamycin";"Staphylococcus aureus";0;0;0;0;0;0;0;0;22;84;150;56;4;0;0;0;0;0;0;8;3;316
"Kanamycin";"Staphylococcus coagulase negative";0;0;0;0;0;0;32;42;78;76;36;10;0;1;4;0;0;0;0;;3;279
"Kanamycin";"Staphylococcus epidermidis";0;0;0;0;0;0;0;0;8;26;2;2;3;0;87;2;0;130;0;;1;260
"Ketoconazole";"Candida albicans DIN";7;81;475;248;168;145;246;68;16;8;9;11;24;5;13;12;4;1;0;;1;1541
"Ketoconazole";"Candida albicans Etest";0;0;8;3;5;5;7;4;4;3;1;0;0;0;2;0;0;0;0;;1;42
"Ketoconazole";"Candida albicans EUCAST";0;0;0;260;3;2;1;2;1;1;0;0;1;0;0;0;0;0;0;;3;271
"Ketoconazole";"Candida dubliniensis DIN";0;0;0;0;2;0;0;2;10;7;0;2;0;0;0;0;0;0;0;;1;23
"Ketoconazole";"Candida dubliniensis Etest";0;0;5;0;4;0;0;0;0;0;0;0;0;0;1;0;0;0;0;;1;10
"Ketoconazole";"Candida dubliniensis EUCAST";0;0;0;4;0;0;0;0;0;0;0;0;0;0;0;0;0;0;0;;3;4
"Ketoconazole";"Candida famata DIN";0;0;12;3;0;0;1;2;2;0;0;0;0;0;0;0;0;0;0;;1;20
"Ketoconazole";"Candida famata EUCAST";0;0;0;5;4;0;1;0;1;1;0;0;1;0;0;0;0;0;0;;6;13
"Ketoconazole";"Candida glabrata DIN";0;0;154;20;15;56;90;85;56;46;19;7;2;0;0;0;0;0;0;;1;550
"Ketoconazole";"Candida glabrata Etest";0;0;0;0;0;0;2;4;5;1;2;2;2;0;1;0;0;0;0;;1;19
"Ketoconazole";"Candida glabrata EUCAST";0;0;0;0;0;2;2;0;0;1;2;0;0;0;0;0;0;0;0;;9;7
"Ketoconazole";"Candida glabrata EUCAST";0;0;0;9;13;74;59;82;89;44;23;14;2;3;0;0;0;0;0;;9;412
"Ketoconazole";"Candida guilliermondii DIN";0;0;0;16;1;0;13;21;14;14;7;9;2;0;0;0;0;0;0;;1;97
"Ketoconazole";"Candida guilliermondii Etest";0;0;0;0;0;1;2;0;0;2;3;0;0;0;0;0;0;0;0;;1;8
"Ketoconazole";"Candida guilliermondii EUCAST";0;0;0;22;15;35;3;5;0;0;0;1;0;0;0;0;0;0;0;;9;81
"Ketoconazole";"Candida kefyr EUCAST";0;0;0;12;1;0;0;0;0;0;0;0;0;0;0;0;0;0;0;;5;13
"Ketoconazole";"Candida krusei DIN";0;0;5;5;0;0;2;5;20;15;12;3;0;0;2;0;0;0;0;;1;69
"Ketoconazole";"Candida krusei Etest";0;0;0;0;0;0;0;0;0;3;5;1;1;0;0;0;0;0;0;;1;10
"Ketoconazole";"Candida krusei EUCAST";0;0;0;7;4;12;8;42;79;38;12;0;0;0;0;0;0;0;0;;9;202
"Ketoconazole";"Candida lusitaniae EUCAST";0;0;0;33;0;0;0;1;0;0;0;0;0;0;0;0;0;0;0;;8;34
"Ketoconazole";"Candida norvegensis Etest";0;0;0;0;0;0;0;0;0;5;4;0;0;0;0;0;0;0;0;;1;9
"Ketoconazole";"Candida parapsilosis DIN";0;0;40;42;6;8;60;22;4;0;0;0;0;0;0;0;0;0;0;;1;182
"Ketoconazole";"Candida parapsilosis Etest";0;0;1;3;1;2;5;3;0;0;0;2;0;0;0;0;0;0;0;;1;17
"Ketoconazole";"Candida parapsilosis EUCAST";0;0;0;459;80;18;5;6;0;1;0;0;0;0;0;0;0;0;0;;8;569
"Ketoconazole";"Candida pintolopesii EUCAST";0;0;0;2;1;1;0;0;1;0;0;0;0;0;0;0;0;0;0;;3;5
"Ketoconazole";"Candida tropicalis DIN";0;0;91;17;7;24;118;37;15;2;0;0;1;0;0;0;0;0;0;;1;312
"Ketoconazole";"Candida tropicalis Etest";0;0;0;3;4;11;3;0;1;2;0;1;1;0;0;0;0;0;0;;1;26
"Ketoconazole";"Candida tropicalis EUCAST";0;0;0;249;17;13;5;2;1;1;2;4;0;2;0;0;0;0;0;;8;296
"Ketoconazole";"Cryptococcus neoformans DIN";0;0;22;0;5;9;73;57;56;9;3;0;0;0;0;0;0;0;0;;1;234
"Ketoconazole";"Pichia anomala EUCAST";0;0;0;4;1;7;3;5;2;0;0;0;0;0;0;0;0;0;0;;4;22
"Ketoconazole";"Saccharomyces cerevisiae DIN";0;0;3;0;2;0;3;15;21;0;0;0;0;0;0;0;0;0;0;;1;44
"Ketoconazole";"Saccharomyces cerevisiae EUCAST";0;0;0;3;0;1;5;3;0;3;0;0;0;0;0;0;0;0;0;;5;15
"Levofloxacin";"Acinetobacter anitratus";0;0;0;0;0;10;11;4;2;4;8;26;0;0;0;0;0;0;0;0.5;1;65
"Levofloxacin";"Acinetobacter baumannii";0;0;0;0;54;374;516;195;51;72;81;414;65;30;19;0;0;0;9;0.5;4;1880
"Levofloxacin";"Acinetobacter lwoffii";0;0;0;0;21;131;155;63;9;11;12;15;0;0;0;0;0;0;17;0.5;2;434
"Levofloxacin";"Acinetobacter spp";0;0;0;0;26;296;525;289;89;44;88;93;136;159;13;2;0;0;24;0.5;6;1784
"Levofloxacin";"Aerococcus sanguinicola";0;0;0;0;0;0;0;0;0;5;1;1;1;16;6;0;0;0;0;;1;30
"Levofloxacin";"Aerococcus spp";0;0;0;0;0;0;0;0;11;16;4;2;5;16;6;0;0;0;0;;1;60
"Levofloxacin";"Aerococcus urinae";0;0;0;0;0;0;0;0;11;11;3;1;4;0;0;0;0;0;0;;1;30
"Levofloxacin";"Bacteroides fragilis";0;0;0;0;0;0;1;6;122;200;78;77;39;15;11;2;0;0;0;;5;551
"Levofloxacin";"Bacteroides fragilis group";0;0;0;0;0;0;0;6;100;136;63;104;60;18;11;17;5;0;0;;1;520
"Levofloxacin";"Bacteroides thetaiotaomicron";0;0;0;0;0;0;0;0;2;1;9;33;20;3;0;2;3;0;0;;1;73
"Levofloxacin";"Burkholderia cepacia";0;0;0;0;0;0;1;2;1;7;15;4;3;5;0;0;0;0;0;;3;38
"Levofloxacin";"Citrobacter freundii";0;0;0;1;75;90;25;25;19;9;7;15;63;4;2;0;0;0;0;;4;335
"Levofloxacin";"Citrobacter spp";0;0;0;8;188;170;59;56;21;24;15;11;79;5;5;0;0;0;0;0.125;3;641
"Levofloxacin";"Corynebacterium striatum";0;0;0;0;0;0;1;2;0;0;0;0;0;1;12;0;0;0;0;;1;16
"Levofloxacin";"Enterobacter cloacae";0;0;0;2;264;466;70;24;63;38;22;40;24;6;14;0;1;0;0;;4;1034
"Levofloxacin";"Enterobacter spp";0;0;1;20;539;912;238;96;95;62;43;48;28;7;1;1;0;0;0;0.25;6;2091
"Levofloxacin";"Enterococcus faecalis";0;0;0;0;1;0;32;35;464;2999;1551;134;1065;117;1205;44;6;1;185;4;10;7839
"Levofloxacin";"Enterococcus faecium";0;0;0;0;0;0;7;6;43;123;288;97;41;105;216;107;40;0;0;4;5;1073
"Levofloxacin";"Escherichia coli";0;0;4;81;4578;2292;458;184;329;139;39;172;550;208;108;2;0;0;0;0.25;5;9144
"Levofloxacin";"Haemophilus influenzae";0;7;3409;16458;2652;233;64;25;21;11;16;4;9;0;1;0;0;0;0;0.064;13;22910
"Levofloxacin";"Haemophilus parainfluenzae";0;0;63;187;128;52;24;3;1;2;1;1;1;0;0;0;0;0;0;0.064;2;463
"Levofloxacin";"Helicobacter pylori";3;0;4;28;107;303;788;539;162;64;57;134;101;68;246;0;0;0;0;0.5;3;2604
"Levofloxacin";"Kingella kingae";0;0;0;22;136;1;0;0;0;0;0;0;0;0;0;0;0;0;0;;1;159
"Levofloxacin";"Klebsiella aerogenes";0;0;0;0;29;97;16;12;14;12;3;3;10;7;4;0;0;0;0;;3;207
"Levofloxacin";"Klebsiella oxytoca";0;0;0;3;182;267;35;20;27;22;14;60;14;2;1;0;0;0;0;0.25;4;647
"Levofloxacin";"Klebsiella pneumoniae";0;0;1;3;330;1789;416;136;268;284;130;99;99;64;54;1;0;0;0;0.25;6;3674
"Levofloxacin";"Klebsiella spp";0;0;0;4;349;664;161;68;61;60;16;20;16;2;0;2;0;0;0;0.25;5;1423
"Levofloxacin";"Legionella pneumophila";0;0;92;28;2;0;0;0;0;0;0;0;0;0;0;0;0;0;0;;2;122
"Levofloxacin";"Listeria monocytogenes";0;0;0;0;0;0;0;0;0;76;16;0;0;0;0;0;0;0;0;;2;92
"Levofloxacin";"Moraxella catarrhalis";0;0;6;114;4080;1003;26;5;4;19;2;0;0;0;0;0;0;0;0;0.125;8;5259
"Levofloxacin";"Morganella morganii";0;0;0;4;174;152;31;6;5;17;19;5;14;1;4;0;1;0;0;0.25;5;433
"Levofloxacin";"Mycobacterium tuberculosis 7H9";0;0;0;0;0;0;145;1101;1530;333;210;484;665;0;0;0;0;0;0;;2;4468
"Levofloxacin";"Neisseria gonorrhoeae";0;20;93;11;21;4;3;2;5;0;1;2;2;0;0;0;0;0;0;0.016;2;164
"Levofloxacin";"Neisseria meningitidis";0;1;56;51;0;0;0;0;0;0;0;0;0;0;0;0;0;0;0;0.032;3;108
"Levofloxacin";"Peptostreptococcus spp";0;0;0;0;0;3;3;34;18;8;29;13;8;3;2;1;0;0;0;;1;122
"Levofloxacin";"Prevotella spp";0;0;0;0;0;11;9;13;23;28;12;8;10;2;2;0;0;0;0;;1;118
"Levofloxacin";"Proteus mirabilis";0;0;0;0;241;1827;634;123;45;75;124;98;55;13;19;3;0;0;0;0.25;9;3257
"Levofloxacin";"Proteus spp";0;0;0;0;28;64;8;1;1;0;0;0;0;0;0;0;0;0;0;0.25;1;102
"Levofloxacin";"Proteus vulgaris";0;0;0;2;20;26;9;2;2;3;2;1;1;0;0;1;0;0;0;0.25;3;69
"Levofloxacin";"Pseudomonas aeruginosa";0;0;0;0;19;98;387;2884;4692;2464;1745;1203;470;289;237;296;87;0;0;2;11;14871
"Levofloxacin";"Pseudomonas fluorescens group";0;0;0;0;0;3;19;42;38;10;6;4;1;4;0;0;0;0;116;;1;243
"Levofloxacin";"Salmonella spp";0;0;0;1;20;93;67;9;7;1;0;0;0;0;0;0;0;0;0;0.25;3;198
"Levofloxacin";"Serratia marcescens";0;0;0;0;5;115;379;177;43;69;68;46;31;11;2;0;2;0;158;;5;1106
"Levofloxacin";"Serratia spp";0;0;0;1;8;34;107;81;9;14;16;5;9;3;0;0;0;0;171;0.5;2;458
"Levofloxacin";"Staphylococcus aureus";0;0;0;0;111;1428;10558;8835;1488;310;366;2507;1781;130;39;2;1;0;0;1;13;27556
"Levofloxacin";"Staphylococcus capitis";0;0;0;0;1;2;85;277;40;5;4;13;22;1;5;0;0;0;212;0.5;4;667
"Levofloxacin";"Staphylococcus coagulase negative";0;0;0;0;4;73;1655;1344;206;46;251;580;328;42;32;2;0;0;0;0.5;8;4563
"Levofloxacin";"Staphylococcus epidermidis";0;0;0;0;17;28;2026;2579;272;121;783;1767;3581;144;402;0;0;0;216;0.5;9;11936
"Levofloxacin";"Staphylococcus haemolyticus";0;0;0;0;0;13;92;14;5;3;14;77;12;9;12;1;0;0;0;0.5;3;252
"Levofloxacin";"Staphylococcus hominis";0;0;0;0;2;16;147;50;12;18;54;48;162;0;0;0;0;0;0;0.5;2;509
"Levofloxacin";"Staphylococcus saprophyticus";0;0;0;0;0;3;41;30;126;13;3;20;15;14;20;0;0;0;241;0.5;5;526
"Levofloxacin";"Staphylococcus warneri";0;0;0;0;0;1;40;134;10;3;1;4;9;2;16;0;0;0;249;0.5;3;469
"Levofloxacin";"Stenotrophomonas maltophilia";0;0;0;1;0;7;23;88;375;466;290;108;73;30;3;0;0;0;149;;6;1613
"Levofloxacin";"Streptococcus agalactiae";0;0;0;0;0;1;26;914;424;984;87;11;3;6;2;0;0;0;195;2;10;2653
"Levofloxacin";"Streptococcus bovis";0;0;0;0;0;0;0;1;5;120;43;1;0;0;0;0;0;0;0;2;1;170
"Levofloxacin";"Streptococcus group C";0;0;0;0;0;1;2;28;123;53;0;1;0;0;0;0;0;0;0;1;3;208
"Levofloxacin";"Streptococcus group G";0;0;0;0;0;1;2;103;351;64;5;0;0;0;0;0;0;0;0;1;4;526
"Levofloxacin";"Streptococcus mitis";0;0;0;0;0;1;0;0;36;205;51;2;0;0;0;0;0;0;0;2;1;295
"Levofloxacin";"Streptococcus oralis";0;0;0;0;0;0;0;0;5;81;17;2;0;0;0;0;0;0;0;2;1;105
"Levofloxacin";"Streptococcus pneumoniae";0;0;0;0;0;11;83;380;16757;64740;2574;123;196;374;66;23;4;2;231;2;18;85564
"Levofloxacin";"Streptococcus pyogenes";0;0;0;1;0;1;23;1903;20389;2647;1578;8;10;10;0;0;0;0;238;2;13;26808
"Levofloxacin";"Streptococcus sanguinis";0;0;0;0;0;0;1;2;47;49;16;0;0;0;0;0;0;0;0;2;1;115
"Levofloxacin";"Streptococcus, viridans group";0;0;0;0;0;0;2;16;109;188;70;11;3;3;0;1;0;0;0;2;6;403
"Levofloxacin";"Yersinia enterocolitica";0;0;0;5;60;7;1;0;0;0;0;0;0;0;0;0;0;0;0;0.125;1;73
"Lincomycin";"Listeria monocytogenes";0;0;0;0;0;0;0;0;0;0;1;3;10;165;22;0;0;0;0;;2;201
"Lincomycin";"Staphylococcus aureus";0;0;0;0;0;0;1;1;155;681;39;2;1;10;16;9;0;0;396;2;4;1311
"Lincomycin";"Staphylococcus coagulase negative";0;0;0;0;0;0;0;9;69;103;26;13;8;12;32;7;0;0;0;;3;279
"Linezolid";"Clostridium difficile";0;0;0;0;0;0;1;8;50;111;30;13;1;1;0;0;0;0;0;;1;215
"Linezolid";"Corynebacterium amycolatum";0;0;0;0;0;0;0;10;2;0;0;0;0;0;0;0;0;0;0;;1;12
"Linezolid";"Corynebacterium jeikeium";0;0;0;0;0;0;0;0;9;3;0;0;0;0;0;0;0;0;0;;1;12
"Linezolid";"Corynebacterium pseudodiphtheriticum";0;0;1;0;0;1;5;1;3;0;0;0;0;0;0;0;0;0;0;;1;11
"Linezolid";"Corynebacterium spp";0;0;1;0;0;2;6;23;23;4;0;0;0;0;0;0;0;0;0;;5;59
"Linezolid";"Corynebacterium striatum";0;0;0;0;0;0;0;7;5;0;0;0;0;0;0;0;0;0;0;;1;12
"Linezolid";"Corynebacterium urealyticum";0;0;0;0;0;1;1;5;4;1;0;0;0;0;0;0;0;0;0;;1;12
"Linezolid";"Enterococcus faecalis";0;0;0;0;0;0;15;36;437;3840;3613;381;6;3;5;0;0;0;0;4;26;8336
"Linezolid";"Enterococcus faecium";0;0;0;0;0;0;9;27;373;1680;2889;227;8;1;0;0;0;0;0;4;24;5214
"Linezolid";"Haemophilus influenzae";0;0;0;0;0;6;2;7;5;36;121;1478;10796;8927;2732;178;0;0;0;32;2;24288
"Linezolid";"Lactobacillus reuteri";0;0;0;0;0;0;0;0;0;13;31;5;0;0;0;0;0;0;0;;1;49
"Linezolid";"Lactobacillus spp";0;0;0;0;0;0;0;0;0;13;31;5;0;0;0;0;0;0;0;;1;49
"Linezolid";"Listeria monocytogenes";0;0;0;0;0;0;0;0;0;7;75;49;0;0;0;0;0;0;0;4;2;131
"Linezolid";"Mycobacterium tuberculosis 7H9";0;0;0;0;0;4;99;775;2393;1017;118;30;15;19;0;0;0;0;0;;2;4470
"Linezolid";"Propionibacterium acnes";0;0;0;0;0;0;0;20;195;96;6;0;0;0;0;0;0;0;0;;2;317
"Linezolid";"Staphylococcus aureus";0;0;0;0;0;9;115;183;1624;20065;39100;5403;29;5;1;0;0;0;0;4;28;66534
"Linezolid";"Staphylococcus aureus MRSA";0;0;0;0;0;0;0;0;0;36;1392;1143;2;1;0;0;0;0;0;;6;2574
"Linezolid";"Staphylococcus aureus MSSA";0;0;0;0;0;0;0;0;0;17;1249;350;0;0;0;0;0;0;0;;6;1616
"Linezolid";"Staphylococcus capitis";0;0;0;0;0;0;5;10;69;170;28;0;0;0;0;0;0;0;0;2;2;282
"Linezolid";"Staphylococcus coagulase negative";0;0;0;0;0;4;8;65;557;4175;1476;110;0;0;0;0;0;0;0;2;11;6395
"Linezolid";"Staphylococcus coagulase negative MRSE";0;0;0;0;0;0;0;0;22;470;35;0;0;1;0;0;0;0;0;;4;528
"Linezolid";"Staphylococcus epidermidis";0;0;0;0;0;4;41;375;2078;3945;798;27;1;1;0;0;0;0;0;2;10;7270
"Linezolid";"Staphylococcus epidermidis MSSE";0;0;0;0;0;0;0;0;8;67;9;0;0;0;0;0;0;0;0;;2;84
"Linezolid";"Staphylococcus haemolyticus";0;0;0;0;0;0;2;35;354;701;88;4;1;0;0;0;0;0;0;2;10;1185
"Linezolid";"Staphylococcus hominis";0;0;0;0;0;1;1;17;115;490;42;1;0;1;1;0;0;0;0;2;2;669
"Linezolid";"Staphylococcus lugdunensis";0;0;0;0;0;0;0;1;16;37;12;0;0;0;0;0;0;0;0;2;3;66
"Linezolid";"Staphylococcus saprophyticus";0;0;0;0;0;0;0;0;7;66;61;8;0;0;0;0;0;0;0;2;3;142
"Linezolid";"Staphylococcus warneri";0;0;0;0;0;0;1;0;22;107;17;1;0;0;0;0;0;0;0;2;2;148
"Linezolid";"Streptococcus agalactiae";0;0;0;0;0;0;0;8;145;1703;282;4;0;0;0;0;0;0;0;2;15;2142
"Linezolid";"Streptococcus anginosus";0;0;0;0;0;0;0;11;27;140;17;0;0;0;0;0;0;0;0;;9;195
"Linezolid";"Streptococcus bovis";0;0;0;0;0;0;0;1;19;85;25;0;0;0;0;0;0;0;0;2;1;130
"Linezolid";"Streptococcus constellatus";0;0;0;0;0;0;1;6;33;62;1;0;0;0;0;0;0;0;0;;3;103
"Linezolid";"Streptococcus dysgalactiae";0;0;0;0;0;0;0;0;1;5;0;0;0;0;0;0;0;0;0;;1;6
"Linezolid";"Streptococcus group C";0;0;0;0;0;0;3;1;12;123;10;0;0;0;0;0;0;0;0;2;3;149
"Linezolid";"Streptococcus group G";0;0;0;0;0;0;0;0;14;554;96;10;0;0;0;0;0;0;0;2;8;674
"Linezolid";"Streptococcus intermedius";0;0;0;0;0;0;0;9;2;1;0;0;0;0;0;0;0;0;0;;2;12
"Linezolid";"Streptococcus mitis";0;0;0;0;0;0;1;3;41;152;4;0;0;0;0;0;0;0;0;2;1;201
"Linezolid";"Streptococcus oralis";0;0;0;0;0;0;0;0;40;218;19;0;1;0;0;0;0;0;0;2;5;278
"Linezolid";"Streptococcus pneumoniae";0;0;0;0;0;10;35;593;4665;39282;15577;18;0;0;0;0;0;0;0;2;18;60180
"Linezolid";"Streptococcus pyogenes";0;0;0;0;0;11;252;287;2941;15716;4206;13;1;0;0;0;0;0;0;2;17;23427
"Linezolid";"Streptococcus sanguinis";0;0;0;0;0;0;0;1;23;69;3;0;0;0;0;0;0;0;0;;1;96
"Linezolid";"Streptococcus, viridans group";0;0;0;0;0;0;0;6;80;555;114;0;0;0;0;0;0;0;0;2;6;755
"Loracarbef";"Acinetobacter spp";0;0;0;0;0;0;2;2;1;1;1;1;2;8;13;1;0;0;0;;1;32
"Loracarbef";"Citrobacter freundii";0;0;0;0;0;0;0;0;2;3;5;2;1;1;0;0;0;0;3;;1;17
"Loracarbef";"Citrobacter spp";0;0;0;0;0;0;0;1;7;8;13;3;0;0;0;0;0;0;3;;1;35
"Loracarbef";"Enterobacter cloacae";0;0;0;0;0;0;0;1;3;11;17;14;6;3;0;1;0;0;22;;1;78
"Loracarbef";"Enterobacter spp";0;0;0;0;0;0;0;1;10;23;16;25;15;3;1;1;2;18;20;;2;135
"Loracarbef";"Enterococcus faecalis";0;0;0;0;0;0;0;0;0;0;0;0;0;2;4;25;6;3;0;;1;40
"Loracarbef";"Escherichia coli";0;0;0;0;0;0;0;10;122;288;90;22;7;4;4;2;0;0;1;;2;550
"Loracarbef";"Haemophilus influenzae";0;0;0;0;0;0;0;3;11;106;137;16;15;44;10;5;2;0;0;4;2;349
"Loracarbef";"Klebsiella aerogenes";0;0;0;0;0;0;0;0;2;7;6;1;1;1;0;0;0;0;1;;1;19
"Loracarbef";"Klebsiella oxytoca";0;0;0;0;0;0;0;0;3;7;4;0;1;0;0;1;0;0;1;;1;17
"Loracarbef";"Klebsiella pneumoniae";0;0;0;0;0;0;0;5;66;26;4;2;0;0;0;0;1;0;2;;1;106
"Loracarbef";"Klebsiella spp";0;0;0;0;0;0;65;109;110;53;13;8;0;1;0;0;2;2;0;;3;363
"Loracarbef";"Morganella morganii";0;0;0;0;0;0;0;2;0;1;1;0;2;0;0;0;0;12;16;;1;34
"Loracarbef";"Proteus mirabilis";0;0;0;0;0;0;0;3;24;138;127;60;11;5;3;0;1;1;5;;3;378
"Loracarbef";"Proteus spp";0;0;0;0;0;0;0;0;0;0;0;1;2;4;6;13;4;19;0;;1;49
"Loracarbef";"Streptococcus pneumoniae";0;0;0;0;0;0;0;5;20;86;84;44;9;19;21;120;57;0;0;;2;465
"Loracarbef";"Streptococcus pyogenes";0;0;0;0;0;0;4;2;0;0;0;0;0;0;0;0;0;0;0;;1;6
"Mecillinam";"Acinetobacter spp";0;0;0;0;0;0;0;1;0;0;0;0;1;1;2;0;0;0;1;;1;6
"Mecillinam";"Citrobacter freundii";0;0;0;0;0;0;0;0;1;8;3;4;2;1;0;0;0;1;2;;1;22
"Mecillinam";"Citrobacter koseri";0;0;0;0;0;0;0;0;1;8;3;1;1;0;0;0;0;0;0;;1;14
"Mecillinam";"Citrobacter spp";0;0;0;0;0;0;0;0;1;4;0;0;1;1;1;0;0;0;3;;1;11
"Mecillinam";"Enterobacter cloacae";0;0;0;0;0;0;0;2;3;19;16;6;0;0;0;1;0;0;2;;1;49
"Mecillinam";"Enterobacter spp";0;0;0;0;0;0;0;0;0;1;2;0;0;0;0;0;0;0;0;;1;3
"Mecillinam";"Escherichia coli";0;0;0;0;7;224;649;250;165;156;70;27;33;12;15;7;7;8;6;1;4;1636
"Mecillinam";"Klebsiella aerogenes";0;0;0;0;0;0;0;0;0;5;7;10;6;1;0;0;0;0;3;;1;32
"Mecillinam";"Klebsiella pneumoniae";0;0;0;0;1;4;32;51;16;10;2;1;0;0;0;2;1;0;13;1;1;133
"Mecillinam";"Morganella morganii";0;0;0;0;0;0;0;0;0;1;0;0;0;1;0;1;1;1;13;;1;18
"Mecillinam";"Proteus mirabilis";0;0;0;0;0;0;0;0;2;13;12;14;2;1;1;1;3;2;3;;1;54
"Mecillinam";"Proteus vulgaris";0;0;0;0;0;0;0;0;1;5;7;1;2;0;0;2;1;1;6;;1;26
"Mecillinam";"Providencia spp";0;0;0;0;0;0;0;0;0;1;0;1;0;1;0;0;0;2;5;;1;10
"Mecillinam";"Providencia stuartii";0;0;0;0;0;0;0;0;0;0;2;1;2;0;2;0;0;2;0;;1;9
"Mecillinam";"Salmonella spp";0;0;0;0;0;0;0;0;2;5;5;3;5;6;12;2;0;2;2;;2;44
"Mecillinam";"Serratia liquefaciens";0;0;0;0;0;0;0;0;0;0;0;0;1;0;0;0;0;0;0;;1;1
"Mecillinam";"Serratia marcescens";0;0;0;0;0;0;0;0;0;1;0;0;0;0;0;1;0;0;4;;1;6
"Mecillinam";"Staphylococcus saprophyticus";0;0;0;0;0;0;0;0;0;0;0;0;5;12;6;1;0;1;0;;1;25
"Meropenem";"Acinetobacter baumannii";0;0;1;15;41;119;418;913;967;907;714;319;264;570;62;59;54;8;10;2;71;5441
"Meropenem";"Acinetobacter lwoffii";0;0;3;2;2;88;58;93;53;34;28;10;4;18;6;1;0;0;0;2;2;400
"Meropenem";"Acinetobacter spp";0;0;1;6;13;434;516;1492;1541;1728;1610;520;333;1198;10;1;0;0;0;2;7;9403
"Meropenem";"Actinomyces israelii";0;47;28;12;3;5;1;1;1;0;0;0;0;0;0;0;0;0;0;;1;98
"Meropenem";"Actinomyces spp";8;76;60;53;24;31;29;16;7;1;0;0;0;0;0;0;0;0;0;;1;305
"Meropenem";"Aerococcus sanguinicola";0;0;0;0;9;16;5;0;0;0;0;0;0;0;0;0;0;0;0;;1;30
"Meropenem";"Aerococcus spp";0;0;1;3;17;33;6;0;0;0;0;0;0;0;0;0;0;0;0;;1;60
"Meropenem";"Aerococcus urinae";0;0;1;3;8;17;1;0;0;0;0;0;0;0;0;0;0;0;0;;1;30
"Meropenem";"Anaerobic cocci Gram positive";0;0;0;26;30;22;19;12;1;2;0;0;0;0;0;0;0;0;0;;1;112
"Meropenem";"Bacteroides distasonis";1;0;8;10;58;100;68;38;3;6;3;2;0;0;0;0;0;0;0;0.25;24;297
"Meropenem";"Bacteroides fragilis";3;17;105;303;925;828;646;220;112;50;42;17;4;4;2;3;3;0;0;0.25;48;3284
"Meropenem";"Bacteroides fragilis group";0;0;0;49;14;47;101;170;73;32;23;10;2;3;5;0;3;0;0;;2;532
"Meropenem";"Bacteroides ovatus";1;0;3;5;29;128;94;37;14;3;0;1;0;0;0;0;0;0;0;0.25;23;315
"Meropenem";"Bacteroides thetaiotaomicron";13;4;14;25;142;430;185;78;18;11;3;1;0;0;0;0;0;0;0;0.25;32;924
"Meropenem";"Bacteroides uniformis";0;2;5;7;19;42;45;11;7;0;0;1;0;0;0;0;0;0;0;0.25;13;139
"Meropenem";"Bacteroides ureolyticus";13;8;2;4;6;1;0;0;0;0;0;0;0;0;0;0;0;0;0;;6;34
"Meropenem";"Bacteroides vulgatus";3;0;9;19;94;113;109;26;15;4;1;0;0;0;0;0;0;0;0;0.25;29;393
"Meropenem";"Burkholderia cepacia";0;0;0;0;0;1;2;8;4;12;23;17;4;5;0;5;0;0;0;0.25;3;81
"Meropenem";"Citrobacter freundii";0;0;0;40;141;883;67;13;8;7;2;8;0;0;1;0;0;0;0;0.25;2;1170
"Meropenem";"Citrobacter koseri";0;0;0;27;15;476;4;0;0;0;1;0;0;0;0;0;0;0;0;0.25;1;523
"Meropenem";"Citrobacter spp";0;0;8;43;34;4;13;0;0;0;0;0;0;0;0;0;0;0;0;0.25;3;102
"Meropenem";"Clostridium difficile";0;0;0;0;0;0;1;1;8;99;376;85;13;0;1;0;0;0;0;;4;584
"Meropenem";"Enterobacter cloacae";69;216;532;587;712;4551;884;331;148;72;31;14;15;14;0;2;0;0;0;0.125;46;8178
"Meropenem";"Enterobacter spp";0;1;8;38;51;9;7;4;0;0;0;0;0;0;0;0;0;0;0;0.125;3;118
"Meropenem";"Enterococcus faecalis";0;0;0;5;5;12;66;64;172;643;3004;4208;2873;944;168;17;1;0;187;8;14;12369
"Meropenem";"Enterococcus faecium";0;0;0;0;0;3;7;3;6;13;25;29;33;483;912;5;13;141;0;8;6;1673
"Meropenem";"Escherichia coli";0;0;999;4128;2450;293;76;41;12;8;1;1;1;1;0;0;0;0;0;0.125;69;8011
"Meropenem";"Haemophilus influenzae";0;0;42;255;2682;2804;494;211;44;7;2;0;0;0;0;0;0;0;0;0.25;4;6541
"Meropenem";"Kingella kingae";0;0;162;40;0;0;0;0;0;0;0;0;0;0;0;0;0;0;0;;1;202
"Meropenem";"Klebsiella aerogenes";0;0;32;112;412;1810;338;91;31;14;29;25;15;6;2;7;1;1;0;0.125;47;2926
"Meropenem";"Klebsiella oxytoca";0;0;101;376;753;2289;93;20;15;10;5;4;1;2;0;1;0;0;0;0.125;48;3670
"Meropenem";"Klebsiella pneumoniae";0;0;273;1206;3021;11382;536;220;136;89;50;35;25;21;4;1;0;0;0;0.125;64;16999
"Meropenem";"Klebsiella spp";1;1;12;298;392;25;0;0;0;0;0;0;0;0;0;0;0;0;0;0.125;5;729
"Meropenem";"Listeria monocytogenes";0;0;0;0;1;6;262;48;0;0;0;0;0;0;0;0;0;0;0;0.25;4;317
"Meropenem";"Moraxella catarrhalis";10;25;7;8;0;0;0;0;0;0;0;0;0;0;0;0;0;0;0;;2;50
"Meropenem";"Morganella morganii";0;0;7;41;107;687;491;143;34;12;1;1;1;0;0;0;0;0;0;0.25;8;1525
"Meropenem";"Neisseria gonorrhoeae";0;14;0;10;0;0;0;0;0;0;0;0;0;0;0;0;0;0;0;;1;24
"Meropenem";"Neisseria meningitidis";0;3;103;99;53;40;3;0;0;0;0;0;0;0;0;0;0;0;0;;2;301
"Meropenem";"Peptostreptococcus spp";0;0;5;6;11;35;17;1;0;2;1;0;0;0;0;0;0;0;0;;2;78
"Meropenem";"Proteus mirabilis";0;0;11;109;710;3513;482;128;75;17;3;4;0;2;0;0;0;0;0;0.25;7;5054
"Meropenem";"Proteus vulgaris";0;0;2;16;90;398;63;12;7;5;2;0;0;0;0;0;0;0;0;0.25;9;595
"Meropenem";"Providencia rettgeri";0;0;0;0;9;66;20;2;1;0;1;0;0;0;0;0;0;0;0;0.25;3;99
"Meropenem";"Providencia spp";0;0;0;8;3;10;11;0;0;0;0;0;0;0;0;0;0;0;0;;1;32
"Meropenem";"Providencia stuartii";0;0;1;2;12;138;38;15;3;5;4;1;0;1;0;0;0;0;0;0.25;3;220
"Meropenem";"Pseudomonas aeruginosa";0;0;7;41;147;2632;6017;10882;11987;8805;5197;3791;3265;3959;392;443;33;14;0;2;74;57612
"Meropenem";"Pseudomonas fluorescens group";0;0;0;0;3;10;13;15;9;30;25;41;14;20;1;0;0;0;0;;3;181
"Meropenem";"Salmonella enteritidis";0;0;1;15;179;326;2;0;0;0;0;0;0;0;0;0;0;0;0;0.125;2;523
"Meropenem";"Salmonella spp";0;0;0;29;362;1178;9;8;0;1;0;0;1;0;0;0;0;0;0;0.125;2;1588
"Meropenem";"Salmonella typhi";0;0;0;11;20;289;1;1;0;0;0;0;0;0;0;0;0;0;0;0.125;1;322
"Meropenem";"Salmonella typhimurium";0;0;0;2;51;121;1;0;0;0;0;0;0;0;0;0;0;0;0;0.125;1;175
"Meropenem";"Serratia liquefaciens";0;0;0;2;7;68;13;3;1;0;3;0;0;0;0;0;0;0;0;0.25;2;97
"Meropenem";"Serratia marcescens";0;0;13;36;269;5422;778;219;74;44;29;8;9;16;0;1;0;0;0;0.25;6;6918
"Meropenem";"Shigella flexneri";0;0;0;29;93;187;3;0;0;1;0;0;0;0;0;0;0;0;0;;1;313
"Meropenem";"Shigella sonnei";0;0;0;19;14;383;1;0;1;0;0;0;0;0;0;0;0;0;0;;1;418
"Meropenem";"Staphylococcus aureus";0;0;34;215;1084;2170;2586;1040;235;104;36;53;33;11;12;6;0;2;0;0.5;48;7621
"Meropenem";"Staphylococcus capitis";0;0;1;2;14;31;38;13;2;7;4;6;5;1;0;0;0;0;0;0.5;3;124
"Meropenem";"Staphylococcus coagulase negative";0;0;0;1;9;25;26;25;10;7;4;6;12;18;0;0;0;0;0;0.5;3;143
"Meropenem";"Staphylococcus epidermidis";0;0;0;21;108;372;216;172;195;190;241;175;146;152;19;4;0;0;0;0.5;3;2011
"Meropenem";"Staphylococcus haemolyticus";0;0;2;2;3;15;33;31;12;9;15;17;21;47;46;9;1;0;0;0.5;3;263
"Meropenem";"Staphylococcus hominis";0;0;0;2;6;29;51;58;28;27;17;28;14;13;10;1;0;0;0;0.5;3;284
"Meropenem";"Staphylococcus lugdunensis";0;0;0;0;2;7;8;26;10;2;5;3;0;1;1;0;0;0;0;0.5;3;65
"Meropenem";"Staphylococcus saprophyticus";0;0;0;0;0;3;24;48;8;2;3;4;1;3;4;0;0;0;0;0.5;4;100
"Meropenem";"Staphylococcus simulans";0;0;0;0;0;2;5;4;2;2;0;5;2;2;1;0;0;0;0;;1;25
"Meropenem";"Staphylococcus warneri";0;0;1;0;1;2;29;4;2;1;3;4;0;4;0;0;0;0;0;;1;51
"Meropenem";"Staphylococcus xylosis";0;0;0;0;0;3;4;1;1;0;8;3;1;1;1;0;0;0;0;;1;23
"Meropenem";"Stenotrophomonas maltophilia";0;0;0;0;0;4;6;17;34;24;29;80;167;3820;111;2;2;0;0;;5;4296
"Meropenem";"Streptococcus agalactiae";0;0;21;118;407;535;39;12;4;2;2;2;0;1;1;2;0;0;0;0.125;8;1146
"Meropenem";"Streptococcus anginosus";0;0;1;5;25;39;6;2;2;0;0;0;0;0;0;0;0;0;0;;4;80
"Meropenem";"Streptococcus group G";6;44;69;20;10;75;0;0;0;0;0;0;0;0;0;0;0;0;0;;3;224
"Meropenem";"Streptococcus mitis";0;0;1;9;32;30;17;7;14;8;6;3;0;1;0;0;0;0;0;;2;128
"Meropenem";"Streptococcus oralis";0;0;9;38;27;24;9;9;3;3;4;0;0;0;0;0;0;0;0;;3;126
"Meropenem";"Streptococcus pneumoniae";18;275;205;50;20;18;17;39;28;4;0;0;1;0;0;0;0;0;0;0.016;5;675
"Meropenem";"Streptococcus pyogenes";67;148;27;5;1;1;0;0;0;0;0;0;0;0;0;0;0;0;0;;5;249
"Meropenem";"Streptococcus, viridans group";0;2;37;105;95;112;57;25;10;12;6;2;0;0;0;3;0;0;0;0.125;5;466
"Metronidazole";"Anaerobic cocci Gram positive";0;0;0;0;1;32;23;110;64;33;14;3;1;0;2;11;7;0;0;;1;301
"Metronidazole";"Bacteroides fragilis";0;0;0;4;20;65;95;295;548;835;349;84;18;13;3;2;0;1;0;;5;2332
"Metronidazole";"Bacteroides fragilis group";0;0;0;1;30;35;103;243;614;1412;531;120;34;19;2;12;4;0;0;;8;3160
"Metronidazole";"Bacteroides ovatus";0;0;0;0;1;2;2;15;20;10;4;0;0;0;0;0;0;0;0;;3;54
"Metronidazole";"Bacteroides thetaiotaomicron";0;0;0;0;5;7;12;37;88;97;18;9;3;0;0;0;0;1;0;;3;277
"Metronidazole";"Bacteroides vulgatus";0;0;0;0;0;3;4;17;11;9;4;3;0;0;0;0;0;0;0;;3;51
"Metronidazole";"Clostridium difficile";0;0;0;2;96;485;1291;2595;2119;896;302;52;3;0;0;1;0;0;0;2;17;7842
"Metronidazole";"Clostridium spp";0;0;0;1;4;15;21;31;49;14;8;1;1;0;0;0;0;0;0;;4;145
"Metronidazole";"Fusobacterium spp";0;0;0;0;17;80;22;17;16;6;4;2;2;0;0;0;0;0;0;;1;166
"Metronidazole";"Helicobacter pylori";0;0;0;93;136;218;500;597;1089;1786;1781;336;133;224;324;421;384;3024;122;8;11;11168
"Metronidazole";"Prevotella spp";0;0;0;7;21;172;69;75;157;104;64;19;7;30;0;0;0;0;0;;2;725
"Micafungin";"Candida albicans EUCAST";4;286;360;763;146;7;1;0;0;2;0;0;0;0;0;0;0;0;0;0.016;6;1569
"Micafungin";"Candida glabrata EUCAST";0;90;182;273;135;3;5;0;1;1;2;0;0;0;0;0;0;0;0;0.032;7;692
"Micafungin";"Candida krusei EUCAST";0;1;0;4;26;185;215;37;9;2;4;0;0;0;0;0;0;0;0;0.25;7;483
"Micafungin";"Candida parapsilosis EUCAST";0;0;0;3;1;0;1;35;113;332;244;14;0;0;0;0;0;0;0;2;7;743
"Micafungin";"Candida tropicalis EUCAST";0;48;51;247;298;59;15;2;1;6;5;0;0;0;0;0;0;0;0;0.064;7;732
"Minocycline";"Acinetobacter baumannii";0;0;0;0;0;0;0;0;30;7;18;15;22;8;0;0;0;0;0;;1;100
"Minocycline";"Acinetobacter spp";0;0;0;0;0;82;55;23;9;3;13;8;5;0;0;0;0;0;0;;5;198
"Minocycline";"Citrobacter spp";0;0;0;0;0;0;0;1;6;73;68;30;5;7;2;0;0;0;0;8;6;192
"Minocycline";"Enterobacter agglomerans";0;0;0;0;0;0;0;16;83;22;4;1;0;0;0;0;0;0;0;;1;126
"Minocycline";"Enterobacter cloacae";0;0;0;0;0;0;0;0;6;17;185;366;128;39;35;23;0;0;0;16;5;799
"Minocycline";"Enterobacter dissolvens";0;0;0;0;0;0;0;0;1;3;26;7;0;0;0;0;0;0;0;;1;37
"Minocycline";"Enterobacter spp";0;0;0;0;0;0;0;2;8;38;38;13;1;0;0;0;0;0;0;;1;100
"Minocycline";"Enterococcus faecalis";0;0;0;0;7;23;59;25;0;1;3;4;32;174;226;0;1;0;0;0.5;4;555
"Minocycline";"Enterococcus faecium";0;0;0;0;5;105;59;15;0;0;1;3;19;73;45;0;0;0;0;0.5;4;325
"Minocycline";"Escherichia coli";0;0;0;0;0;0;1;16;212;588;292;113;82;138;48;8;0;0;0;4;6;1498
"Minocycline";"Haemophilus influenzae";0;0;0;0;4;12;162;1896;1507;324;57;11;5;0;0;0;0;0;0;1;11;3978
"Minocycline";"Klebsiella aerogenes";0;0;0;0;0;0;0;1;1;7;62;30;4;0;4;1;0;0;0;16;5;110
"Minocycline";"Klebsiella oxytoca";0;0;0;0;0;0;0;0;4;135;106;24;13;4;4;0;0;0;0;8;6;290
"Minocycline";"Klebsiella pneumoniae";0;0;0;0;0;0;2;3;18;106;432;193;60;48;58;18;0;0;0;8;6;938
"Minocycline";"Klebsiella spp";0;0;0;0;0;0;1;8;9;105;74;11;5;6;2;0;0;0;0;;1;221
"Minocycline";"Moraxella catarrhalis";0;0;0;0;8;338;1295;64;2;0;0;0;0;0;0;0;0;0;0;0.25;4;1707
"Minocycline";"Morganella morganii";0;0;0;0;0;0;0;0;0;0;16;39;29;23;17;6;0;0;0;;5;130
"Minocycline";"Neisseria meningitidis";0;0;0;0;0;3;14;184;94;5;0;0;0;0;0;0;0;0;0;1;2;300
"Minocycline";"Proteus mirabilis";0;0;0;0;0;0;0;0;1;1;3;15;109;347;318;83;0;0;0;;5;877
"Minocycline";"Serratia liquefaciens";0;0;0;0;0;0;0;1;2;12;6;2;0;0;0;0;0;0;0;64;1;23
"Minocycline";"Serratia spp";0;0;0;0;0;1;0;0;0;7;63;57;9;2;0;1;0;0;0;;2;140
"Minocycline";"Staphylococcus aureus";0;0;0;5;35;535;677;115;6;7;12;16;8;1;0;0;0;0;0;0.25;2;1417
"Minocycline";"Staphylococcus aureus MRSA";0;0;0;0;0;6;300;89;6;0;1;1;1;0;0;0;0;0;0;0.5;4;404
"Minocycline";"Staphylococcus aureus MSSA";0;0;0;0;0;8;419;118;20;3;1;1;1;0;0;0;0;0;0;0.5;4;571
"Minocycline";"Staphylococcus coagulase negative";0;0;0;0;0;50;58;51;43;4;2;1;0;0;0;0;0;0;0;;2;209
"Minocycline";"Staphylococcus coagulase negative MRSE";0;0;0;0;0;49;133;123;187;22;7;2;0;3;2;0;0;0;0;;4;528
"Minocycline";"Staphylococcus epidermidis";0;0;0;0;0;63;98;98;108;5;4;0;0;0;0;0;0;0;0;;3;376
"Minocycline";"Staphylococcus epidermidis MSSE";0;0;0;0;0;17;32;14;20;0;0;0;1;0;0;0;0;0;0;;2;84
"Minocycline";"Staphylococcus haemolyticus";0;0;0;0;0;6;8;20;20;5;2;3;1;1;0;0;0;0;0;;3;66
"Minocycline";"Stenotrophomonas maltophilia";0;0;0;0;0;1;45;52;32;7;1;0;0;0;0;0;0;0;0;1;5;138
"Minocycline";"Streptococcus agalactiae";0;0;0;0;3;8;29;15;8;0;2;3;9;102;159;0;0;0;0;0.5;5;338
"Minocycline";"Streptococcus anginosus";0;0;0;0;0;32;22;11;10;2;3;1;2;2;0;0;0;0;0;0.5;4;85
"Minocycline";"Streptococcus group G";0;0;0;0;8;4;61;50;9;3;4;3;8;18;20;0;0;0;0;0.5;4;188
"Minocycline";"Streptococcus oralis";0;0;0;0;1;17;46;55;23;4;2;12;19;14;3;0;0;0;0;0.5;4;196
"Minocycline";"Streptococcus pneumoniae";0;0;0;8;420;2023;1027;169;77;27;21;58;92;119;21;0;0;0;0;0.5;9;4062
"Minocycline";"Streptococcus pyogenes";0;0;0;0;41;41;181;51;18;3;6;8;14;27;13;0;0;0;0;0.5;5;403
"Minocycline";"Streptococcus, viridans group";0;0;0;0;6;72;194;57;25;13;14;19;50;60;32;9;0;0;0;0.5;3;551
"Minocycline";"Yersinia enterocolitica";0;0;0;0;0;0;0;11;50;78;14;2;0;0;0;0;0;0;0;4;1;155
"Moxifloxacin";"Acinetobacter baumannii";0;0;0;0;56;45;13;8;10;4;5;15;39;23;34;3;0;0;0;0.25;3;255
"Moxifloxacin";"Acinetobacter spp";0;0;0;9;21;18;13;3;2;0;1;2;1;4;4;22;0;0;0;0.25;3;100
"Moxifloxacin";"Bacteroides caccae";0;0;0;0;0;0;0;5;10;15;13;3;1;4;2;0;0;0;0;;2;53
"Moxifloxacin";"Bacteroides distasonis";0;0;0;0;0;2;6;33;56;15;4;1;2;3;2;0;0;0;0;;3;124
"Moxifloxacin";"Bacteroides fragilis";0;0;0;0;2;47;142;544;786;287;133;113;104;42;19;19;0;0;0;2;7;2238
"Moxifloxacin";"Bacteroides fragilis group";0;0;0;0;0;4;61;72;33;75;19;17;1;7;2;0;0;0;0;;4;291
"Moxifloxacin";"Bacteroides ovatus";0;0;0;0;0;1;3;9;20;42;59;22;4;5;10;0;0;0;0;;3;175
"Moxifloxacin";"Bacteroides spp";0;0;0;0;0;18;15;37;82;68;20;7;2;2;4;0;0;0;0;;3;255
"Moxifloxacin";"Bacteroides thetaiotaomicron";0;0;0;0;0;0;4;4;46;200;66;13;9;16;6;3;0;0;0;;4;367
"Moxifloxacin";"Bacteroides uniformis";0;0;0;0;0;1;1;2;8;29;26;11;10;8;9;1;0;0;0;;3;106
"Moxifloxacin";"Bacteroides vulgatus";0;0;0;0;0;2;3;17;53;22;10;6;2;15;12;1;0;0;0;;3;143
"Moxifloxacin";"Citrobacter freundii";0;0;0;0;21;80;52;21;33;10;5;8;76;0;1;0;0;0;0;0.25;3;307
"Moxifloxacin";"Citrobacter spp";0;0;0;1;66;184;130;59;50;32;15;20;93;3;3;2;0;0;0;0.25;3;658
"Moxifloxacin";"Clostridium difficile";0;0;0;0;0;0;0;17;347;1186;1371;70;32;184;284;1732;2;0;0;4;16;5225
"Moxifloxacin";"Clostridium perfringens";0;0;0;0;0;0;4;49;56;5;2;0;0;0;0;0;0;0;0;;2;116
"Moxifloxacin";"Clostridium spp";0;0;0;0;0;2;10;47;32;37;11;14;25;1;0;0;0;0;0;;3;179
"Moxifloxacin";"Corynebacterium amycolatum";0;0;0;0;1;0;0;0;0;0;0;0;0;10;1;0;0;0;0;;1;12
"Moxifloxacin";"Corynebacterium jeikeium";0;0;0;0;0;1;0;0;0;0;1;1;3;2;4;0;0;0;0;;1;12
"Moxifloxacin";"Corynebacterium pseudodiphtheriticum";0;0;2;0;0;1;2;0;2;0;2;2;0;0;0;0;0;0;0;;1;11
"Moxifloxacin";"Corynebacterium spp";0;0;2;0;1;2;3;0;2;0;3;9;9;19;8;0;0;0;0;;5;58
"Moxifloxacin";"Corynebacterium striatum";0;0;0;0;0;0;2;1;0;0;0;3;6;12;4;0;0;0;0;;2;28
"Moxifloxacin";"Corynebacterium urealyticum";0;0;0;0;0;0;1;0;0;0;0;4;0;3;3;0;0;0;0;;1;11
"Moxifloxacin";"Enterobacter cloacae";0;0;0;0;91;500;195;31;63;40;17;30;39;10;16;1;1;0;0;0.25;4;1034
"Moxifloxacin";"Enterobacter spp";0;0;0;6;338;916;511;120;101;43;34;39;34;7;16;4;1;0;0;0.25;6;2170
"Moxifloxacin";"Enterococcus faecalis";0;0;0;0;3;44;250;2397;1647;143;88;66;1314;659;12;0;0;0;188;1;9;6811
"Moxifloxacin";"Enterococcus faecium";0;0;0;0;0;4;9;16;21;60;128;84;108;93;46;2;0;0;0;1;4;571
"Moxifloxacin";"Escherichia coli";0;0;9;78;932;1048;164;79;111;51;20;21;153;227;244;67;14;1;0;0.25;7;3219
"Moxifloxacin";"Haemophilus influenzae";0;47;662;7349;5043;855;147;33;13;8;11;7;1;0;1;0;0;0;0;0.125;18;14177
"Moxifloxacin";"Haemophilus parainfluenzae";0;0;12;48;75;129;112;86;26;5;3;1;0;0;0;0;0;0;0;;2;497
"Moxifloxacin";"Klebsiella aerogenes";0;0;0;0;16;54;71;7;13;14;9;2;8;4;9;0;0;0;0;0.25;3;207
"Moxifloxacin";"Klebsiella oxytoca";0;0;0;0;42;276;156;28;15;23;29;9;66;1;2;0;0;0;0;0.25;4;647
"Moxifloxacin";"Klebsiella pneumoniae";0;0;1;1;219;1398;1240;278;347;301;117;93;116;63;73;8;2;0;0;0.25;7;4257
"Moxifloxacin";"Klebsiella spp";0;0;0;0;162;548;412;144;65;45;30;13;18;0;0;0;0;0;0;0.25;5;1437
"Moxifloxacin";"Listeria monocytogenes";0;0;0;0;0;1;3;24;300;66;0;0;0;0;0;0;0;0;0;;3;394
"Moxifloxacin";"Moraxella catarrhalis";0;0;1;45;653;2827;586;80;7;4;1;2;0;0;0;0;0;0;0;0.25;11;4206
"Moxifloxacin";"Morganella morganii";0;0;0;2;16;127;343;152;23;15;9;30;42;14;4;6;2;0;0;0.5;8;785
"Moxifloxacin";"Mycobacterium tuberculosis 7H9";0;0;0;0;0;483;1009;1308;462;262;433;403;66;0;0;0;0;0;0;;3;4426
"Moxifloxacin";"Neisseria gonorrhoeae";128;100;223;396;282;42;15;13;9;32;47;81;144;43;3;0;0;0;0;0.032;6;1558
"Moxifloxacin";"Neisseria meningitidis";0;0;10;20;18;1;0;0;0;0;0;0;0;0;0;0;0;0;0;0.064;3;49
"Moxifloxacin";"Peptostreptococcus micros";0;0;0;0;1;1;6;74;20;1;6;2;0;0;0;0;0;0;0;;1;111
"Moxifloxacin";"Peptostreptococcus spp";0;0;0;0;1;11;46;54;32;9;6;3;2;0;1;0;0;0;0;;2;165
"Moxifloxacin";"Proteus mirabilis";0;0;0;0;12;89;487;1550;714;116;46;79;199;45;30;5;2;0;0;1;10;3374
"Moxifloxacin";"Proteus vulgaris";0;0;0;0;18;72;277;299;73;28;14;2;11;2;1;0;1;0;0;1;8;798
"Moxifloxacin";"Pseudomonas aeruginosa";0;0;0;1;17;19;86;236;758;1924;976;620;671;208;180;182;443;8;0;4;9;6329
"Moxifloxacin";"Serratia marcescens";0;0;0;0;2;12;88;171;97;33;34;15;10;2;0;0;0;0;0;1;4;464
"Moxifloxacin";"Serratia spp";0;0;0;0;0;6;11;22;37;4;5;9;3;3;1;0;0;0;0;1;2;101
"Moxifloxacin";"Staphylococcus aureus";0;0;0;144;5428;6123;1821;232;131;255;649;530;1171;4;2;0;0;0;0;0.25;11;16490
"Moxifloxacin";"Staphylococcus capitis";0;0;0;0;11;99;174;14;4;9;6;8;11;2;0;0;0;0;214;0.25;2;552
"Moxifloxacin";"Staphylococcus coagulase negative";0;0;0;0;19;145;69;11;9;83;88;75;12;2;1;0;0;0;0;0.25;4;514
"Moxifloxacin";"Staphylococcus epidermidis";0;0;0;0;298;1750;1360;163;570;1600;1948;1049;557;181;0;0;0;0;218;0.25;5;9694
"Moxifloxacin";"Staphylococcus hominis";0;0;0;0;10;71;20;7;12;54;27;86;48;0;0;0;0;0;0;0.25;1;335
"Moxifloxacin";"Staphylococcus lugdunensis";0;0;0;0;0;0;0;7;1;0;0;0;0;0;0;0;0;0;0;;1;8
"Moxifloxacin";"Staphylococcus saprophyticus";0;0;0;0;1;22;67;23;6;16;19;12;5;5;0;0;0;0;243;0.25;3;419
"Moxifloxacin";"Staphylococcus warneri";0;0;0;0;2;41;86;4;1;1;6;6;6;8;0;0;0;0;251;0.25;2;412
"Moxifloxacin";"Stenotrophomonas maltophilia";0;0;0;1;16;39;145;183;134;125;55;27;20;2;3;0;0;0;0;;6;750
"Moxifloxacin";"Streptococcus agalactiae";0;0;1;0;6;56;371;435;61;11;0;9;0;0;0;0;0;0;197;0.5;15;1147
"Moxifloxacin";"Streptococcus anginosus";0;0;0;1;12;27;122;98;4;0;1;0;0;0;0;0;0;0;0;0.5;5;265
"Moxifloxacin";"Streptococcus bovis";0;0;1;0;2;1;17;62;18;1;1;1;0;0;0;0;0;0;0;0.5;6;104
"Moxifloxacin";"Streptococcus constellatus";0;0;1;0;15;44;158;124;18;4;2;0;0;0;0;0;0;0;0;0.5;6;366
"Moxifloxacin";"Streptococcus dysgalactiae";0;0;0;0;7;11;80;72;12;1;2;0;0;0;0;0;0;0;0;;3;185
"Moxifloxacin";"Streptococcus group C";0;0;0;0;1;3;21;5;0;0;0;0;0;0;0;0;0;0;0;0.25;3;30
"Moxifloxacin";"Streptococcus group G";0;0;0;0;0;7;29;5;0;0;0;0;0;0;0;0;0;0;0;0.25;3;41
"Moxifloxacin";"Streptococcus intermedius";0;0;0;0;2;6;16;1;0;0;0;0;0;0;0;0;0;0;0;0.5;4;25
"Moxifloxacin";"Streptococcus milleri";0;0;0;0;0;7;25;18;0;0;0;0;0;0;0;0;0;0;0;0.5;2;50
"Moxifloxacin";"Streptococcus mitis";0;0;0;0;12;18;152;82;12;1;0;3;3;0;0;0;0;0;0;0.5;6;283
"Moxifloxacin";"Streptococcus mutans";0;0;0;0;0;0;6;14;1;0;0;0;0;0;0;0;0;0;0;0.5;1;21
"Moxifloxacin";"Streptococcus oralis";0;0;0;0;21;19;95;60;8;0;1;0;2;0;0;0;0;0;0;;1;206
"Moxifloxacin";"Streptococcus pneumoniae";0;0;1;12;167;3570;18150;4183;313;35;97;67;17;1;0;0;0;0;233;0.5;26;26846
"Moxifloxacin";"Streptococcus pyogenes";0;0;0;2;36;696;3518;1051;129;6;1;1;0;1;0;0;0;0;240;0.5;15;5681
"Moxifloxacin";"Streptococcus salivarius";0;0;0;0;11;7;47;40;12;1;0;0;0;0;0;0;0;0;0;0.5;5;118
"Moxifloxacin";"Streptococcus sanguinis";0;0;0;0;1;6;44;22;4;0;0;0;1;0;0;0;0;0;0;0.5;6;78
"Moxifloxacin";"Streptococcus, viridans group";0;0;0;0;1;42;145;64;8;3;3;0;0;0;0;0;0;0;0;0.5;3;266
"Mupirocin";"Staphylococcus aureus";0;0;0;4;14;478;4248;8141;2272;129;52;95;94;194;86;35;56;24;433;1;14;16355
"Mupirocin";"Staphylococcus aureus MRSA";0;0;0;0;1;10;123;1452;733;30;7;22;15;19;11;0;0;0;34;1;4;2457
"Mupirocin";"Staphylococcus aureus MSSA";0;0;0;0;0;5;117;881;162;5;0;1;0;0;0;0;0;0;2;1;3;1173
"Mupirocin";"Staphylococcus coagulase negative MRSE";0;0;0;0;0;0;16;49;21;5;1;1;1;1;8;0;0;3;36;;1;142
"Mupirocin";"Staphylococcus lugdunensis";0;0;0;0;6;25;60;3;0;0;0;0;0;0;0;0;0;0;0;;1;94
"Mupirocin";"Streptococcus agalactiae";0;0;0;0;0;6;25;55;402;514;35;11;5;8;2;2;3;3;0;;2;1071
"Mupirocin";"Streptococcus pyogenes";0;0;0;0;35;870;1327;303;139;26;11;11;8;0;5;2;25;2;7;0.5;3;2771
"Nalidixic acid";"Acinetobacter baumannii";0;0;0;0;0;0;0;0;0;3;7;30;53;25;6;2;5;27;0;16;1;158
"Nalidixic acid";"Campylobacter coli";0;0;0;0;0;0;0;0;0;17;57;1800;1575;345;88;255;603;105;5;16;38;4850
"Nalidixic acid";"Campylobacter jejuni";0;0;0;0;0;0;0;0;2;37;142;6503;1880;279;75;253;1906;153;45;16;41;11275
"Nalidixic acid";"Citrobacter freundii";0;0;0;0;0;0;0;0;0;1;14;31;8;3;1;0;1;0;0;;1;59
"Nalidixic acid";"Citrobacter spp";0;0;0;0;0;0;0;0;2;6;42;79;18;15;4;0;2;17;0;;2;185
"Nalidixic acid";"Enterobacter agglomerans";0;0;0;0;0;0;0;0;0;66;87;24;4;0;0;0;0;1;0;;1;182
"Nalidixic acid";"Enterobacter cloacae";0;0;0;0;0;0;0;0;0;3;60;91;28;11;1;2;4;34;0;;2;234
"Nalidixic acid";"Enterobacter cloacae";0;0;0;0;0;0;0;0;0;0;26;72;5;0;3;1;0;3;0;;2;110
"Nalidixic acid";"Enterobacter dissolvens";0;0;0;0;0;0;0;0;0;0;13;53;12;0;2;0;0;1;0;;1;81
"Nalidixic acid";"Enterobacter spp";0;0;0;0;0;0;0;0;1;6;73;72;5;2;0;0;1;13;0;;1;173
"Nalidixic acid";"Escherichia coli";0;0;0;0;0;0;0;0;192;4751;23654;8395;441;124;151;1227;288;94;0;16;10;39317
"Nalidixic acid";"Haemophilus influenzae";0;0;0;0;0;0;0;0;1;14;18;1;0;1;3;14;11;0;0;4;1;63
"Nalidixic acid";"Hafnia alvei";0;0;0;0;0;0;0;0;3;0;34;17;2;0;0;0;0;0;0;;1;56
"Nalidixic acid";"Klebsiella aerogenes";0;0;0;0;0;0;0;0;0;0;14;22;2;3;3;1;1;7;0;;1;53
"Nalidixic acid";"Klebsiella oxytoca";0;0;0;0;0;0;0;0;0;12;131;54;6;1;1;2;4;2;0;;2;213
"Nalidixic acid";"Klebsiella pneumoniae";0;0;0;0;0;0;0;0;0;9;147;177;26;12;9;8;4;51;0;;2;443
"Nalidixic acid";"Kluyvera spp";0;0;0;0;0;0;0;0;1;0;16;15;2;1;0;0;2;5;0;;1;42
"Nalidixic acid";"Moraxella catarrhalis";0;0;0;0;0;0;0;1;0;22;110;52;0;0;0;0;0;0;0;8;1;185
"Nalidixic acid";"Morganella morganii";0;0;0;0;0;0;0;0;0;14;41;12;0;0;0;1;0;0;0;;1;68
"Nalidixic acid";"Proteus mirabilis";0;0;0;0;0;0;0;0;0;4;37;114;30;6;1;2;3;0;0;;1;197
"Nalidixic acid";"Proteus vulgaris";0;0;0;0;0;0;0;0;0;14;38;10;3;0;1;0;0;0;0;;1;66
"Nalidixic acid";"Raoultella spp";0;0;0;0;0;0;0;0;0;0;28;15;2;0;0;0;0;4;0;;1;49
"Nalidixic acid";"Salmonella spp";0;0;0;0;0;0;0;0;11;183;10718;26966;3316;260;40;211;220;202;1;16;13;42128
"Nalidixic acid";"Serratia liquefaciens";0;0;0;0;0;0;0;0;0;26;26;9;7;0;0;0;0;0;0;;1;68
"Nalidixic acid";"Serratia spp";0;0;0;0;0;0;0;0;10;11;30;12;0;0;0;1;1;4;0;;1;69
"Nalidixic acid";"Stenotrophomonas maltophilia";0;0;0;0;0;0;0;0;0;0;1;12;68;53;31;13;4;0;0;;1;182
"Nalidixic acid";"Yersinia spp";0;0;0;0;0;0;0;0;3;37;3;4;1;0;0;1;0;4;0;;1;53
"Narasin";"Enterococcus faecalis";0;0;0;0;0;0;0;12;23;5;0;2;4;0;0;0;0;0;0;2;10;46
"Narasin";"Enterococcus faecalis";0;0;0;0;0;0;19;116;289;57;22;47;30;6;2;0;0;0;0;2;10;588
"Narasin";"Enterococcus faecium";0;0;0;0;0;0;0;1;18;48;2;1;0;0;0;0;0;0;0;4;1;70
"Neomycin";"Campylobacter coli";0;0;0;0;0;0;0;0;194;567;120;9;1;4;3;0;0;0;0;4;11;898
"Neomycin";"Enterococcus faecalis";0;0;0;0;0;0;0;0;0;0;2;2;8;30;95;194;209;2;90;;10;632
"Neomycin";"Enterococcus faecium";0;0;0;0;0;0;0;0;0;0;23;175;341;313;159;49;8;0;5;;9;1073
"Neomycin";"Enterococcus hirae";0;0;0;0;0;0;0;0;0;0;15;49;73;153;145;104;26;0;3;;8;568
"Neomycin";"Escherichia coli";0;0;0;0;0;0;0;1;4;1475;1421;741;94;17;91;61;21;20;0;8;15;3946
"Neomycin";"Klebsiella spp";0;0;0;0;0;0;19;21;80;77;17;1;0;0;5;2;0;0;0;;1;222
"Neomycin";"Mannheimia haemolytica";0;0;0;0;0;0;0;0;0;0;4;87;47;6;2;1;0;0;0;;4;147
"Neomycin";"Pasteurella multocida";0;0;0;0;0;0;0;4;4;32;66;169;84;93;64;54;19;0;0;;6;589
"Neomycin";"Salmonella spp";0;0;0;0;0;0;0;0;0;7127;1531;159;8;7;9;13;22;16;0;4;7;8892
"Neomycin";"Staphylococcus aureus";0;0;0;0;0;0;10;102;156;45;3;0;0;0;0;0;0;0;0;1;3;316
"Neomycin";"Staphylococcus coagulase negative";0;0;0;0;0;0;210;54;6;6;0;1;1;1;0;0;0;0;0;;3;279
"Netilmicin";"Acinetobacter baumannii";0;0;0;0;0;0;0;2;11;15;16;16;22;15;16;15;40;42;0;;3;210
"Netilmicin";"Acinetobacter spp";0;0;0;2;3;5;13;7;9;5;1;0;1;0;4;0;0;0;0;;1;50
"Netilmicin";"Enterobacter spp";0;0;0;0;1;1;2;31;62;7;3;6;1;1;0;0;0;0;0;2;2;115
"Netilmicin";"Enterococcus faecium";0;0;0;0;0;0;0;0;1;6;5;8;9;17;135;146;71;12;0;;1;410
"Netilmicin";"Escherichia coli";0;0;0;0;0;0;10;1413;2609;1286;344;96;108;76;44;20;2;3;0;2;5;6011
"Netilmicin";"Klebsiella spp";0;0;0;0;0;19;23;127;209;13;6;1;0;0;0;0;0;0;0;2;3;398
"Netilmicin";"Lactobacillus reuteri";0;0;0;0;0;0;0;1;0;11;34;3;0;0;0;0;0;0;0;;1;49
"Netilmicin";"Lactobacillus spp";0;0;0;0;0;0;0;1;0;11;34;3;0;0;0;0;0;0;0;;1;49
"Netilmicin";"Proteus mirabilis";0;0;0;0;0;0;0;7;57;53;25;2;2;0;0;0;0;0;0;4;2;146
"Netilmicin";"Proteus spp";0;0;0;0;0;0;6;30;57;15;12;4;2;0;0;0;0;0;0;;2;126
"Netilmicin";"Pseudomonas aeruginosa";0;0;0;0;0;2;4;8;53;175;235;192;74;36;9;1;7;42;25;4;5;863
"Netilmicin";"Salmonella spp";0;0;0;0;0;0;3;8;23;3;0;0;0;0;0;0;0;0;0;;1;37
"Netilmicin";"Staphylococcus aureus";0;0;0;0;0;1;9;12;5;3;3;4;1;1;1;0;0;0;0;1;1;40
"Netilmicin";"Staphylococcus capitis";0;0;0;1;0;0;0;0;0;0;2;1;0;0;0;0;0;0;3;;1;7
"Netilmicin";"Staphylococcus coagulase negative";0;0;0;1;3;16;4;1;1;5;6;2;1;0;0;0;0;0;0;;1;40
"Netilmicin";"Staphylococcus epidermidis";0;0;0;0;3;16;17;3;0;3;13;23;11;30;5;4;0;2;0;;1;130
"Netilmicin";"Staphylococcus haemolyticus";0;0;0;0;0;0;0;0;0;0;1;2;6;4;0;0;2;4;2;;1;21
"Netilmicin";"Staphylococcus hominis";0;0;0;2;1;3;1;0;2;0;1;0;0;0;0;0;0;0;1;;1;11
"Netilmicin";"Staphylococcus saprophyticus";0;0;0;12;5;1;0;0;0;0;0;0;0;0;0;0;0;0;0;;1;18
"Netilmicin";"Staphylococcus warneri";0;0;0;1;3;5;3;0;0;2;2;0;0;1;0;0;0;0;4;;1;21
"Netilmicin";"Stenotrophomonas maltophilia";0;0;0;0;0;0;0;0;0;0;0;0;0;0;0;0;120;0;0;;1;120
"Netilmicin";"Streptococcus pneumoniae";0;0;0;0;0;0;0;0;0;0;0;4;8;7;3;2;1;0;0;;1;25
"Netilmicin";"Streptococcus, viridans group";0;0;0;0;0;0;0;0;0;2;6;10;3;4;0;0;0;0;0;;1;25
"Nitrofurantoin";"Acinetobacter spp";0;0;0;0;0;0;0;0;0;0;0;0;0;1;1;4;2;34;0;;1;42
"Nitrofurantoin";"Aerococcus spp";0;0;0;0;0;0;1;3;7;16;12;23;33;25;0;0;0;0;0;;2;120
"Nitrofurantoin";"Aerococcus urinae";0;0;0;0;0;0;1;3;7;3;9;7;0;0;0;0;0;0;0;;1;30
"Nitrofurantoin";"Enterobacter spp";0;0;0;0;0;0;0;0;0;1;3;5;6;6;10;7;2;2;0;;1;42
"Nitrofurantoin";"Enterococcus faecalis";0;0;0;0;0;0;0;0;0;1;1;31;535;163;7;7;1;0;0;32;3;746
"Nitrofurantoin";"Enterococcus faecium";0;0;0;0;0;0;0;0;0;0;0;1;15;40;331;754;781;263;0;256;13;2185
"Nitrofurantoin";"Escherichia coli";0;0;0;0;0;0;0;0;0;1;15;155;1304;2022;323;96;17;5;0;64;9;3938
"Nitrofurantoin";"Proteus mirabilis";0;0;0;0;0;0;0;0;0;0;0;0;0;0;0;5;7;13;0;;1;25
"Nitrofurantoin";"Proteus spp";0;0;0;0;0;0;0;0;0;0;0;0;0;0;3;10;9;28;0;;1;50
"Nitrofurantoin";"Staphylococcus aureus";0;0;0;0;0;0;0;0;0;2;9;35;742;794;34;0;0;0;0;32;3;1616
"Nitrofurantoin";"Staphylococcus coagulase negative";0;0;0;0;0;0;0;0;0;0;0;0;10;4;1;0;0;0;0;;1;15
"Nitrofurantoin";"Staphylococcus epidermidis";0;0;0;0;0;0;0;0;0;0;0;0;1;127;3;0;0;0;0;;1;131
"Nitrofurantoin";"Staphylococcus saprophyticus";0;0;0;0;0;0;0;0;0;0;0;3;40;28;0;0;0;0;0;32;2;71
"Nitrofurantoin";"Streptococcus agalactiae";0;0;0;0;0;0;0;0;0;0;3;31;10;2;0;0;0;0;0;16;2;46
"Norfloxacin";"Acinetobacter spp";0;0;0;0;0;1;1;1;3;12;11;6;2;1;0;0;0;0;0;;1;38
"Norfloxacin";"Burkholderia cepacia";0;0;0;0;0;0;0;0;0;3;5;4;0;1;2;0;0;0;0;;1;15
"Norfloxacin";"Citrobacter spp";0;0;0;1;6;14;13;20;1;1;0;0;0;0;0;0;0;0;0;;1;56
"Norfloxacin";"Enterobacter dissolvens";0;0;0;0;0;9;6;2;0;2;0;0;0;0;0;0;0;0;0;;1;19
"Norfloxacin";"Enterobacter spp";0;0;0;1;5;36;9;5;1;0;2;3;4;2;0;1;1;0;0;0.25;2;70
"Norfloxacin";"Enterococcus faecalis";0;0;0;0;0;0;0;0;2;6;120;91;5;9;10;15;0;0;0;8;2;258
"Norfloxacin";"Enterococcus faecium";0;0;0;0;0;0;0;0;0;1;1;2;3;3;4;4;0;0;0;;1;18
"Norfloxacin";"Escherichia coli";0;0;0;24;116;433;51;3;24;1;0;0;0;0;1;1;0;0;0;0.25;2;654
"Norfloxacin";"Hafnia alvei";0;0;0;3;29;8;0;1;0;0;0;0;0;0;0;0;0;0;0;;1;41
"Norfloxacin";"Klebsiella oxytoca";0;0;0;0;1;17;1;0;0;0;0;0;0;0;0;0;0;0;0;;1;19
"Norfloxacin";"Klebsiella pneumoniae";0;0;0;0;6;14;16;6;5;4;0;0;0;0;0;0;0;0;0;;1;51
"Norfloxacin";"Klebsiella spp";0;0;0;0;6;117;82;26;7;9;2;2;0;0;0;0;0;0;0;0.25;2;251
"Norfloxacin";"Listeria monocytogenes";0;0;0;0;0;0;0;0;0;0;0;11;13;1;0;0;0;0;0;;1;25
"Norfloxacin";"Proteus mirabilis";0;0;0;0;0;16;6;2;1;0;0;0;0;0;0;0;0;0;0;0.25;1;25
"Norfloxacin";"Providencia spp";0;0;0;0;5;33;7;2;1;0;0;1;0;0;0;0;0;0;0;0.25;1;49
"Norfloxacin";"Pseudomonas aeruginosa";0;0;0;0;0;0;6;49;139;38;17;8;0;0;0;1;0;0;0;2;2;258
"Norfloxacin";"Serratia liquefaciens";0;0;0;5;26;2;2;0;0;0;0;0;0;0;0;0;0;0;0;;1;35
"Norfloxacin";"Serratia spp";0;0;0;1;11;4;0;1;0;0;0;0;0;0;2;0;0;0;0;;1;19
"Norfloxacin";"Staphylococcus aureus";0;0;0;0;0;0;0;3;46;171;68;9;4;20;15;32;0;0;0;4;3;368
"Norfloxacin";"Staphylococcus coagulase negative";0;0;0;0;0;0;0;2;10;22;5;1;0;1;0;0;0;0;0;4;1;41
"Norfloxacin";"Staphylococcus saprophyticus";0;0;0;0;0;0;0;0;0;0;10;9;0;0;0;0;0;0;0;;1;19
"Norfloxacin";"Stenotrophomonas maltophilia";0;0;0;0;0;0;0;0;0;0;0;5;13;8;4;3;0;0;0;;1;33
"Norfloxacin";"Streptococcus pneumoniae";0;0;0;0;0;0;0;0;0;9;57;287;299;47;2;0;0;0;0;16;1;701
"Norfloxacin";"Streptococcus, viridans group";0;0;0;0;0;0;0;0;0;0;1;4;5;14;3;1;2;0;0;;1;30
"Norvancomycin";"Staphylococcus aureus";0;0;0;0;0;0;0;42;529;28;1;0;0;0;0;0;0;0;0;1;5;600
"Norvancomycin";"Staphylococcus epidermidis";0;0;0;0;0;0;0;4;69;118;9;0;0;0;0;0;0;0;0;2;5;200
"Norvancomycin";"Staphylococcus haemolyticus";0;0;0;0;0;0;0;21;58;103;18;0;0;0;0;0;0;0;0;2;5;200
"Norvancomycin";"Staphylococcus hominis";0;0;0;0;0;0;1;63;110;22;3;0;0;0;0;0;0;0;0;1;5;199
"Ofloxacin";"Acinetobacter baumannii";0;0;0;0;2;4;67;43;21;6;12;2;5;0;0;0;0;0;0;1;1;162
"Ofloxacin";"Acinetobacter spp";0;0;0;1;2;6;47;61;40;21;6;1;10;13;13;30;0;0;0;1;4;251
"Ofloxacin";"Aeromonas hydrophila";0;0;2;16;6;1;0;0;0;0;0;0;1;0;0;0;0;0;0;;1;26
"Ofloxacin";"Burkholderia cepacia";0;0;0;0;0;0;0;1;2;1;7;2;1;2;0;0;0;0;0;;1;16
"Ofloxacin";"Citrobacter spp";0;0;0;0;8;65;59;17;16;4;4;1;7;1;1;0;0;0;0;0.25;2;183
"Ofloxacin";"Enterobacter spp";0;0;0;1;34;266;321;49;36;37;16;18;3;1;1;0;0;0;0;0.25;5;783
"Ofloxacin";"Enterococcus faecalis";0;0;0;0;0;0;0;0;4;161;341;36;4;7;8;84;0;0;0;4;2;645
"Ofloxacin";"Enterococcus faecium";0;0;0;0;0;0;0;0;1;3;4;9;3;6;15;22;0;0;0;;1;63
"Ofloxacin";"Escherichia coli";0;0;0;8;275;1878;629;82;110;135;33;12;131;94;290;3;0;0;0;0.25;5;3680
"Ofloxacin";"Haemophilus influenzae";0;0;4;285;3113;340;15;3;1;0;1;0;0;0;0;0;0;0;0;0.125;6;3762
"Ofloxacin";"Klebsiella pneumoniae";0;0;0;0;11;81;119;14;5;8;10;1;4;0;0;0;0;0;0;0.25;1;253
"Ofloxacin";"Klebsiella spp";0;0;0;0;19;287;404;73;30;48;33;8;12;2;0;2;0;0;0;0.25;5;918
"Ofloxacin";"Legionella pneumophila";0;0;3;19;0;0;0;0;0;0;0;0;0;0;0;0;0;0;0;;1;22
"Ofloxacin";"Listeria monocytogenes";0;0;0;0;0;0;0;0;0;3;57;7;0;0;0;0;0;0;0;;1;67
"Ofloxacin";"Moraxella catarrhalis";0;0;0;0;6;21;235;4;0;0;0;0;0;0;0;0;0;0;0;0.25;3;266
"Ofloxacin";"Morganella morganii";0;0;0;3;11;54;83;16;6;0;0;0;0;0;0;6;0;0;0;0.5;3;179
"Ofloxacin";"Mycobacterium tuberculosis 7H9";0;0;0;0;0;25;95;145;1148;1467;358;214;488;680;1;0;0;0;0;;3;4621
"Ofloxacin";"Neisseria gonorrhoeae";0;0;22;58;16;15;2;0;2;5;0;0;0;0;0;0;0;0;0;0.064;1;120
"Ofloxacin";"Plesiomonas shigelloides";0;0;0;17;1;0;0;0;0;0;0;0;0;0;0;0;0;0;0;;1;18
"Ofloxacin";"Proteus mirabilis";0;0;0;0;1;83;617;242;31;10;20;10;6;6;6;10;0;0;0;0.5;5;1042
"Ofloxacin";"Proteus vulgaris";0;0;0;0;6;114;77;12;0;0;0;1;0;0;0;0;0;0;0;0.25;3;210
"Ofloxacin";"Providencia spp";0;0;0;1;6;33;34;48;45;20;6;4;2;3;5;1;0;0;0;;3;208
"Ofloxacin";"Pseudomonas aeruginosa";0;0;0;0;3;6;26;98;586;561;275;180;133;48;145;102;0;0;0;2;8;2163
"Ofloxacin";"Salmonella spp";0;0;0;0;0;0;67;41;0;2;1;0;0;0;0;0;0;0;0;0.25;2;111
"Ofloxacin";"Salmonella spp";0;0;0;0;1;3;22;1;8;2;0;0;0;0;0;0;0;0;0;0.25;2;37
"Ofloxacin";"Serratia spp";0;0;0;0;1;8;15;45;31;9;3;8;3;0;1;0;0;0;0;1;1;124
"Ofloxacin";"Shigella spp";0;0;0;0;6;64;3;0;0;0;0;0;0;0;1;0;0;0;0;;1;74
"Ofloxacin";"Staphylococcus aureus";0;0;0;0;3;5;150;1225;744;90;20;33;284;176;60;38;0;0;0;1;4;2828
"Ofloxacin";"Staphylococcus coagulase negative";0;0;0;0;0;1;11;338;201;42;4;17;46;69;25;16;0;0;0;1;2;770
"Ofloxacin";"Staphylococcus epidermidis";0;0;0;0;1;1;3;110;144;6;4;22;285;0;0;0;0;0;0;1;1;576
"Ofloxacin";"Staphylococcus saprophyticus";0;0;0;0;0;0;0;0;0;17;1;0;0;0;0;0;0;0;0;;1;18
"Ofloxacin";"Stenotrophomonas maltophilia";0;0;0;0;1;0;2;0;13;23;27;22;7;0;4;0;0;0;0;;2;99
"Ofloxacin";"Streptococcus agalactiae";0;0;0;0;0;0;0;0;2;110;84;6;0;5;0;0;0;0;0;4;4;207
"Ofloxacin";"Streptococcus group C";0;0;0;0;0;0;0;0;0;48;14;0;0;0;0;0;0;0;0;;1;62
"Ofloxacin";"Streptococcus group G";0;0;0;0;0;0;0;0;3;50;19;1;0;0;0;0;0;0;0;;1;73
"Ofloxacin";"Streptococcus pneumoniae";0;0;0;0;0;0;0;10;75;914;3293;194;2;18;6;0;0;0;0;4;7;4512
"Ofloxacin";"Streptococcus pyogenes";0;0;0;0;0;0;0;0;20;180;106;15;0;1;0;0;0;0;0;4;4;322
"Ofloxacin";"Streptococcus, viridans group";0;0;0;0;0;0;0;0;1;21;76;19;3;1;0;1;0;0;0;;2;122
"Ofloxacin";"Yersinia enterocolitica";0;0;0;0;0;8;33;1;0;1;0;0;0;0;0;0;0;0;0;;1;43
"Oritavancin (with P80)";"Enterococcus faecalis";2;7;548;1211;765;274;99;43;9;1;0;0;0;0;0;0;0;0;0;0.064;3;2959
"Oritavancin (with P80)";"Enterococcus faecium";7;49;84;46;73;54;43;9;0;0;0;0;0;0;0;0;0;0;0;;3;365
"Oritavancin (with P80)";"Staphylococcus aureus";46;60;1590;15434;30222;15701;4708;969;14;8;2;2;0;0;0;0;0;0;0;0.125;20;68756
"Oritavancin (with P80)";"Staphylococcus coagulase negative";0;5;381;359;730;709;269;45;1;0;0;0;0;0;0;0;0;0;0;;4;2499
"Oritavancin (with P80)";"Streptococcus agalactiae";6;2;39;249;427;544;305;130;17;0;0;0;0;0;0;0;0;0;0;0.25;4;1719
"Oritavancin (with P80)";"Streptococcus group C";0;0;23;10;24;31;17;10;0;0;0;0;0;0;0;0;0;0;0;0.25;1;115
"Oritavancin (with P80)";"Streptococcus group G";0;0;12;24;38;46;54;40;6;0;0;0;0;0;0;0;0;0;0;0.25;1;220
"Oritavancin (with P80)";"Streptococcus pyogenes";9;3;130;284;418;392;260;144;6;0;0;0;0;0;0;0;0;0;0;0.25;4;1646
"Oritavancin (with P80)";"Streptococcus, viridans group";0;0;467;134;93;87;46;7;1;0;0;0;0;0;0;0;0;0;0;;1;835
"Oxacillin";"Clostridium spp";0;0;0;0;0;1;0;2;4;4;2;25;4;19;0;0;0;0;0;;1;61
"Oxacillin";"Corynebacterium jeikeium";0;0;0;0;0;0;0;1;0;1;0;14;2;42;0;0;0;0;0;;1;60
"Oxacillin";"Enterococcus faecalis";0;0;0;0;0;2;1;9;12;18;20;2328;312;5854;0;0;0;0;0;;3;8556
"Oxacillin";"Enterococcus faecium";0;0;0;0;0;1;1;12;11;15;36;1406;93;2265;0;1;0;0;0;;4;3841
"Oxacillin";"Enterococcus gallinarum";0;0;0;0;0;0;0;0;1;0;1;36;0;73;0;0;0;0;0;;1;111
"Oxacillin";"Listeria monocytogenes";0;0;0;0;0;0;0;0;0;1;17;176;17;2;0;0;0;0;0;;2;213
"Oxacillin";"Staphylococcus aureus";0;0;0;5;23;201;1350;5976;9460;1951;340;3695;102;1913;354;85;178;496;199;2;21;26328
"Oxacillin";"Staphylococcus aureus MRSA";0;0;0;0;0;0;0;0;1;0;0;8;7;1;7;14;38;328;0;2;4;404
"Oxacillin";"Staphylococcus aureus MSSA";0;0;0;0;0;4;115;290;106;28;28;0;0;0;0;0;0;0;0;2;4;571
"Oxacillin";"Staphylococcus auricularis";0;0;0;0;0;3;4;14;11;1;5;6;2;19;0;0;0;0;0;;1;65
"Oxacillin";"Staphylococcus capitis";0;0;0;0;0;3;22;94;28;3;2;17;2;52;0;0;0;0;0;;3;223
"Oxacillin";"Staphylococcus coagulase negative";0;0;0;0;13;92;311;949;324;336;546;1897;298;646;9;21;66;142;151;1;8;5801
"Oxacillin";"Staphylococcus coagulase negative MRSE";0;0;0;0;0;2;2;2;9;22;43;104;68;25;65;98;73;173;0;1;5;686
"Oxacillin";"Staphylococcus epidermidis";0;0;0;0;0;84;566;884;137;366;895;1916;504;1846;37;39;26;41;12;1;7;7353
"Oxacillin";"Staphylococcus haemolyticus";0;0;0;0;0;10;34;61;50;18;22;255;10;443;1;1;1;59;11;;7;976
"Oxacillin";"Staphylococcus hominis";0;0;0;0;0;13;78;104;23;23;49;166;23;213;0;0;0;1;0;;4;693
"Oxacillin";"Staphylococcus lugdunensis";0;0;0;0;0;3;6;38;83;28;7;6;2;7;0;0;0;0;0;2;2;180
"Oxacillin";"Staphylococcus saprophyticus";0;0;0;0;0;0;9;6;23;59;9;16;3;48;0;0;0;0;0;;1;173
"Oxacillin";"Staphylococcus simulans";0;0;0;0;0;1;12;24;6;3;7;14;2;39;0;0;0;0;0;;1;108
"Oxacillin";"Staphylococcus warneri";0;0;0;0;0;1;7;48;42;7;5;16;2;45;0;0;1;1;4;;2;179
"Oxacillin";"Staphylococcus xylosis";0;0;0;0;0;0;3;9;5;1;6;11;1;12;0;0;0;0;0;;1;48
"Oxacillin";"Streptococcus agalactiae";0;0;0;0;0;51;124;2256;726;23;1;4;2;0;0;0;0;0;0;;5;3187
"Oxacillin";"Streptococcus anginosus";0;0;0;0;0;17;7;64;40;14;3;1;1;0;0;0;1;13;0;;3;161
"Oxacillin";"Streptococcus bovis";0;0;0;0;0;5;8;66;4;0;0;1;0;0;0;0;0;0;0;;1;84
"Oxacillin";"Streptococcus constellatus";0;0;0;0;0;37;19;51;17;2;0;0;1;2;0;0;0;0;0;;1;129
"Oxacillin";"Streptococcus group C";0;0;0;0;0;119;17;57;1;2;0;1;0;0;0;0;0;0;0;;2;197
"Oxacillin";"Streptococcus group F";0;0;0;0;0;15;7;18;8;0;0;0;0;0;0;0;0;0;0;;1;48
"Oxacillin";"Streptococcus group G";0;0;0;0;21;635;34;314;12;1;0;0;0;0;0;0;0;0;0;;6;1017
"Oxacillin";"Streptococcus intermedius";0;0;0;0;0;15;5;20;6;3;2;1;2;0;0;0;0;0;0;;1;54
"Oxacillin";"Streptococcus milleri";0;0;0;0;0;27;20;43;19;1;0;0;0;0;0;0;0;0;0;;1;110
"Oxacillin";"Streptococcus mitis";0;0;0;0;0;160;24;187;30;33;24;13;5;3;0;0;0;0;0;;2;479
"Oxacillin";"Streptococcus mutans";0;0;0;0;0;16;1;5;4;0;0;0;1;1;0;0;0;0;0;;1;28
"Oxacillin";"Streptococcus oralis";0;0;0;0;0;72;41;58;15;23;11;11;8;4;2;0;0;0;0;;3;245
"Oxacillin";"Streptococcus pneumoniae";0;0;0;0;19;81;216;74;31;3;3;4;8;7;1;0;0;0;0;0.5;2;447
"Oxacillin";"Streptococcus pyogenes";0;0;0;0;43;73;0;1;1;0;0;0;0;0;0;0;0;0;0;;2;118
"Oxacillin";"Streptococcus, viridans group";0;0;0;0;0;118;19;354;65;26;21;19;4;0;1;3;0;0;0;;2;630
"Oxytetracycline";"Listeria monocytogenes";0;0;0;0;0;0;0;0;0;7;26;162;5;0;0;1;0;0;0;;2;201
"Oxytetracycline";"Pasteurella multocida";0;0;0;0;0;0;10;15;35;28;37;5;1;2;6;0;0;0;0;;1;139
"Paraaminosalicylic acid (PAS)";"Mycobacterium tuberculosis 7H9";0;0;0;0;0;0;24;35;82;51;24;16;10;14;10;3;2;0;0;;2;271
"Pefloxacin";"Enterococcus faecalis";0;0;0;0;0;0;0;0;0;0;1;23;5;0;0;0;0;0;0;;1;29
"Pefloxacin";"Enterococcus faecium";0;0;0;0;0;0;0;0;0;0;0;0;4;2;0;1;0;0;0;;1;7
"Phenoxymethylpenicillin";"Enterococcus faecalis";0;0;0;0;0;0;0;0;0;4;16;7;0;0;0;0;0;0;0;;1;27
"Phenoxymethylpenicillin";"Enterococcus faecium";0;0;0;0;0;0;0;0;0;2;3;4;1;0;0;0;4;2;0;;1;16
"Phenoxymethylpenicillin";"Haemophilus influenzae";0;0;0;0;0;2;0;9;39;129;294;124;46;44;23;10;5;53;0;8;2;778
"Phenoxymethylpenicillin";"Neisseria meningitidis";0;0;0;8;11;13;107;226;140;39;9;0;0;0;0;0;0;0;0;;10;553
"Phenoxymethylpenicillin";"Staphylococcus aureus";0;0;1;338;309;96;234;539;613;460;206;77;37;23;10;4;4;16;0;;4;2967
"Phenoxymethylpenicillin";"Staphylococcus coagulase negative";0;0;0;6;5;4;6;4;7;1;2;1;2;0;1;0;1;0;0;;1;40
"Phenoxymethylpenicillin";"Staphylococcus saprophyticus";0;0;0;0;5;10;3;0;0;0;0;0;0;0;0;0;0;0;0;;1;18
"Phenoxymethylpenicillin";"Streptococcus pneumoniae";0;41;327;594;103;24;20;27;30;16;16;3;0;0;0;0;0;0;0;;4;1201
"Phenoxymethylpenicillin";"Streptococcus pyogenes";0;0;40;73;1;0;0;0;0;0;0;0;0;0;0;0;0;0;0;;2;114
"Phenoxymethylpenicillin";"Streptococcus, viridans group";0;0;0;0;0;7;6;8;3;0;0;1;0;0;0;0;0;0;0;;1;25
"Piperacillin";"Acinetobacter baumannii";0;0;0;0;0;0;0;0;0;12;38;88;455;726;546;159;257;1631;83;;5;3995
"Piperacillin";"Acinetobacter lwoffii";0;0;0;0;0;0;0;0;0;63;67;121;148;112;65;12;12;65;18;;2;683
"Piperacillin";"Acinetobacter spp";0;0;0;0;1;0;0;0;1;92;123;248;661;797;596;214;354;2214;29;;7;5330
"Piperacillin";"Bacteroides capillosus";0;0;0;0;0;0;1;0;0;0;0;0;0;1;0;0;0;0;0;;1;2
"Piperacillin";"Bacteroides fragilis";0;0;0;0;0;0;3;4;8;15;13;21;24;12;5;7;7;31;3;;2;153
"Piperacillin";"Bacteroides fragilis group";0;0;0;3;1;10;18;31;37;68;142;113;119;168;114;83;59;83;14;;4;1063
"Piperacillin";"Bacteroides uniformis";0;0;0;0;0;0;0;0;1;0;0;1;0;1;0;0;0;1;0;;1;4
"Piperacillin";"Burkholderia cepacia";0;0;0;0;0;0;0;4;6;1;3;1;4;3;3;5;0;1;0;;2;31
"Piperacillin";"Citrobacter freundii";0;0;0;0;0;0;1;0;11;60;430;169;45;41;42;55;106;164;38;;7;1162
"Piperacillin";"Citrobacter spp";0;0;0;0;0;2;0;0;0;12;108;80;110;57;22;11;22;42;42;;2;508
"Piperacillin";"Clostridium butyricum";0;0;0;1;0;0;0;0;0;0;0;0;0;0;0;0;0;0;0;;1;1
"Piperacillin";"Clostridium difficile";0;0;0;1;1;0;0;0;1;0;17;225;393;173;72;22;3;22;0;;4;930
"Piperacillin";"Clostridium perfringens";0;0;12;23;35;27;18;10;4;3;2;2;1;1;0;0;0;0;0;;4;138
"Piperacillin";"Corynebacterium jeikeium";0;0;0;0;0;4;0;3;4;2;0;0;0;47;0;0;0;0;0;;1;60
"Piperacillin";"Enterobacter cloacae";0;0;0;0;0;0;1;0;10;358;1313;521;166;120;123;181;258;402;102;;8;3555
"Piperacillin";"Enterobacter spp";0;0;0;0;0;0;2;14;39;93;387;227;60;35;30;50;52;65;86;;4;1140
"Piperacillin";"Enterococcus faecalis";0;0;0;0;0;13;82;135;484;3713;3401;1205;306;111;5;5;1;2;0;8;5;9463
"Piperacillin";"Enterococcus faecium";0;0;0;0;0;20;24;22;60;86;100;304;136;6242;18;22;4;10;94;;4;7142
"Piperacillin";"Enterococcus gallinarum";0;0;0;0;0;0;0;0;36;56;48;16;8;58;0;0;0;0;0;;1;222
"Piperacillin";"Escherichia coli";0;0;0;0;0;12;30;67;507;6314;8421;1445;479;924;1454;1225;1250;2185;1593;8;15;25906
"Piperacillin";"Klebsiella aerogenes";0;0;0;0;0;0;0;0;6;21;215;157;32;31;37;51;52;58;52;;6;712
"Piperacillin";"Klebsiella oxytoca";0;0;0;0;0;0;0;0;8;79;221;621;823;370;101;45;167;255;113;;8;2803
"Piperacillin";"Klebsiella pneumoniae";0;0;0;0;0;0;0;2;21;199;509;1567;1024;422;226;166;279;435;219;;7;5069
"Piperacillin";"Klebsiella spp";0;0;0;0;0;0;3;8;23;53;64;63;8;4;3;3;2;9;7;;2;250
"Piperacillin";"Morganella morganii";0;0;0;0;0;2;8;25;40;164;571;207;13;7;4;6;2;12;2;;4;1063
"Piperacillin";"Proteus mirabilis";0;0;0;0;0;0;24;112;105;68;13;7;3;4;4;5;12;55;1;;6;413
"Piperacillin";"Proteus spp";0;0;0;0;0;1;5;15;14;9;2;1;0;2;0;0;0;0;1;;1;50
"Piperacillin";"Proteus vulgaris";0;0;0;0;0;0;13;35;62;120;97;21;2;2;0;4;1;5;0;;3;362
"Piperacillin";"Providencia rettgeri";0;0;0;0;0;0;0;1;23;33;22;2;0;0;0;0;2;2;0;;2;85
"Piperacillin";"Providencia stuartii";0;0;0;0;0;0;2;14;54;75;32;9;2;0;0;0;0;5;0;;2;193
"Piperacillin";"Pseudomonas aeruginosa";0;0;0;0;0;0;9;4;45;340;1095;3429;1446;884;331;237;199;245;192;16;12;8456
"Piperacillin";"Pseudomonas fluorescens group";0;0;0;0;0;1;3;3;31;53;64;72;47;28;5;3;2;6;117;;3;435
"Piperacillin";"Pseudomonas stutzeri group";0;0;0;0;0;0;0;1;1;18;16;2;0;0;0;0;0;0;0;;2;38
"Piperacillin";"Salmonella enteritidis";0;0;0;0;0;0;38;208;309;0;0;0;0;0;0;0;0;0;0;;1;555
"Piperacillin";"Salmonella paratyphi";0;0;0;0;0;0;13;22;34;0;0;0;0;0;0;0;0;0;0;;1;69
"Piperacillin";"Salmonella spp";0;0;0;0;0;6;251;623;767;5;28;30;2;0;2;1;3;1;6;;3;1725
"Piperacillin";"Salmonella typhi";0;0;0;0;0;2;123;87;110;0;1;0;0;0;0;0;0;0;0;;1;323
"Piperacillin";"Salmonella typhimurium";0;0;0;0;0;1;15;72;100;0;1;0;0;0;0;0;0;0;0;;1;189
"Piperacillin";"Serratia liquefaciens";0;0;0;0;0;0;2;10;30;19;16;6;0;1;0;0;0;0;0;;1;84
"Piperacillin";"Serratia marcescens";0;0;0;0;0;0;0;2;21;215;384;127;57;32;36;19;39;136;163;;7;1231
"Piperacillin";"Serratia spp";0;0;0;0;0;0;0;0;0;41;111;47;21;6;5;9;5;4;172;;1;421
"Piperacillin";"Shigella flexneri";0;0;0;0;0;14;85;48;173;1;0;0;0;0;0;0;0;0;0;;1;321
"Piperacillin";"Shigella sonnei";0;0;0;0;0;30;215;59;121;1;0;0;0;0;0;0;0;0;0;;1;426
"Piperacillin";"Staphylococcus aureus";0;0;0;0;0;2;29;106;193;145;308;273;114;104;53;55;15;4;0;2;3;1401
"Piperacillin";"Staphylococcus coagulase negative";0;0;0;1;7;52;105;114;195;253;194;145;82;49;25;12;15;35;26;;5;1310
"Piperacillin";"Stenotrophomonas maltophilia";0;0;0;0;0;0;0;0;1;5;5;28;83;2259;62;30;19;71;42;;8;2605
"Piperacillin";"Streptococcus agalactiae";0;0;0;3;3;12;130;50;3;3;0;0;0;0;0;0;0;0;0;;4;204
"Piperacillin";"Streptococcus pneumoniae";1;7;268;296;30;4;8;8;8;6;10;4;2;0;0;0;0;0;0;;4;652
"Piperacillin";"Streptococcus, viridans group";0;0;6;16;18;16;36;22;11;6;5;1;2;4;0;1;0;0;0;;2;144
"Piperacillin-tazobactam";"Acinetobacter baumannii";0;0;79;9;10;10;68;10;20;11;21;31;58;54;74;80;170;184;61;;55;950
"Piperacillin-tazobactam";"Acinetobacter lwoffii";0;0;0;0;0;0;6;2;169;22;17;25;31;20;9;6;37;1;3;;1;348
"Piperacillin-tazobactam";"Acinetobacter spp";0;0;0;17;2;0;72;15;704;231;182;272;376;459;350;443;1697;120;30;;12;4970
"Piperacillin-tazobactam";"Anaerobic cocci Gram positive";0;0;0;0;0;29;85;8;7;1;2;2;6;3;0;2;0;0;0;;1;145
"Piperacillin-tazobactam";"Bacteroides fragilis";0;0;0;15;4;67;414;323;207;244;195;171;119;78;39;10;6;6;10;1;5;1908
"Piperacillin-tazobactam";"Bacteroides fragilis group";0;0;2;25;14;149;309;585;277;345;458;370;297;165;175;281;16;22;8;1;7;3498
"Piperacillin-tazobactam";"Bacteroides ovatus";0;0;0;1;0;0;1;2;3;6;6;8;9;9;8;0;0;0;0;;2;53
"Piperacillin-tazobactam";"Bacteroides thetaiotaomicron";0;0;0;0;0;2;10;4;2;9;10;24;49;49;27;5;1;7;4;;4;203
"Piperacillin-tazobactam";"Burkholderia cepacia";0;0;0;1;0;0;1;6;18;14;6;11;5;10;5;3;5;1;1;;4;87
"Piperacillin-tazobactam";"Citrobacter freundii";0;0;0;0;0;1;1;1;62;297;782;236;148;143;122;160;135;25;38;8;6;2151
"Piperacillin-tazobactam";"Citrobacter koseri";0;0;0;0;0;1;0;1;14;69;377;94;51;23;3;4;3;1;0;8;3;641
"Piperacillin-tazobactam";"Citrobacter spp";0;0;0;0;0;4;0;0;4;122;339;92;85;41;21;21;13;9;44;8;10;795
"Piperacillin-tazobactam";"Clostridium difficile";0;0;0;0;0;0;0;1;18;162;716;1157;869;135;29;2;0;0;0;;5;3089
"Piperacillin-tazobactam";"Clostridium perfringens";0;0;11;24;36;33;18;8;3;7;1;1;2;0;0;0;0;0;0;0.125;3;144
"Piperacillin-tazobactam";"Clostridium spp";0;0;0;0;8;18;34;9;14;13;10;8;10;8;2;5;1;0;0;;2;140
"Piperacillin-tazobactam";"Enterobacter agglomerans";0;0;0;0;0;0;0;3;25;20;5;5;0;0;0;0;0;0;0;;1;58
"Piperacillin-tazobactam";"Enterobacter cloacae";0;0;0;2;9;15;42;166;672;1607;4117;1715;728;557;682;807;986;168;97;8;59;12370
"Piperacillin-tazobactam";"Enterobacter dissolvens";0;0;0;0;0;0;0;0;1;4;24;4;2;1;2;0;0;0;0;8;1;38
"Piperacillin-tazobactam";"Enterobacter spp";0;0;0;0;0;0;3;15;50;101;100;30;17;12;7;6;8;2;17;8;5;368
"Piperacillin-tazobactam";"Enterococcus faecalis";0;0;0;6;6;5;12;9;50;210;1093;4393;1325;331;134;30;74;22;4;16;10;7704
"Piperacillin-tazobactam";"Enterococcus faecium";0;0;0;0;0;0;0;0;3;14;17;30;40;95;92;67;1680;357;507;;6;2902
"Piperacillin-tazobactam";"Escherichia coli";0;0;8;6;9;47;105;221;2978;16376;20910;5495;1905;1233;801;526;752;187;89;8;81;51648
"Piperacillin-tazobactam";"Fusobacterium spp";0;0;0;1;1;4;64;3;3;7;3;1;0;4;0;1;0;0;0;;1;92
"Piperacillin-tazobactam";"Haemophilus influenzae";0;8;97;116;78;30;16;13;11;7;2;1;1;1;0;0;0;0;1;0.064;5;382
"Piperacillin-tazobactam";"Klebsiella aerogenes";0;0;0;0;2;0;2;5;44;243;1012;646;314;346;431;340;146;70;53;8;53;3654
"Piperacillin-tazobactam";"Klebsiella oxytoca";0;0;3;2;2;8;12;39;300;1201;1502;523;201;94;54;62;359;193;66;8;59;4621
"Piperacillin-tazobactam";"Klebsiella pneumoniae";0;0;2;0;3;11;24;46;444;2539;7785;5041;1802;1076;560;397;1280;336;209;8;77;21555
"Piperacillin-tazobactam";"Klebsiella spp";0;0;0;0;1;1;3;8;33;101;307;155;33;17;3;3;1;14;3;8;4;683
"Piperacillin-tazobactam";"Listeria monocytogenes";0;0;0;0;0;0;0;1;6;18;48;50;6;0;0;0;0;0;0;8;3;129
"Piperacillin-tazobactam";"Morganella morganii";0;0;0;1;2;8;94;144;749;166;62;43;31;17;14;11;7;0;0;2;9;1349
"Piperacillin-tazobactam";"Neisseria meningitidis";0;1;10;10;4;1;31;0;119;2;0;0;0;0;0;0;0;0;0;;3;178
"Piperacillin-tazobactam";"Prevotella spp";0;0;0;5;1;0;116;8;2;13;8;7;1;4;0;1;0;0;0;;1;166
"Piperacillin-tazobactam";"Proteus mirabilis";0;0;0;2;5;21;365;831;3405;553;135;78;40;29;25;18;8;2;3;2;14;5520
"Piperacillin-tazobactam";"Proteus spp";0;0;0;0;0;4;19;25;19;17;5;1;0;3;0;0;0;0;1;;2;94
"Piperacillin-tazobactam";"Proteus vulgaris";0;0;0;0;6;4;42;61;242;61;15;3;6;4;1;0;2;0;0;2;5;447
"Piperacillin-tazobactam";"Providencia rettgeri";0;0;0;0;0;0;1;2;70;15;5;3;0;3;0;0;0;0;0;2;3;99
"Piperacillin-tazobactam";"Providencia stuartii";0;0;0;1;0;0;0;1;15;33;60;64;26;11;2;5;2;0;0;8;3;220
"Piperacillin-tazobactam";"Pseudomonas aeruginosa";0;0;5;1;0;4;23;37;453;886;3147;10479;5692;3595;1879;1506;3135;863;161;16;71;31866
"Piperacillin-tazobactam";"Pseudomonas fluorescens group";0;0;0;0;0;0;1;0;5;24;69;95;74;41;14;8;19;3;118;16;5;471
"Piperacillin-tazobactam";"Pseudomonas stutzeri group";0;0;0;0;0;0;0;2;6;15;14;1;0;0;0;0;0;0;0;;2;38
"Piperacillin-tazobactam";"Raoultella spp";0;0;0;0;0;0;0;0;4;10;25;8;6;3;0;1;1;2;0;;2;60
"Piperacillin-tazobactam";"Salmonella enteritidis";0;0;0;0;0;0;0;0;4;9;205;327;17;4;0;0;1;0;0;8;2;567
"Piperacillin-tazobactam";"Salmonella spp";0;0;0;0;0;0;0;0;17;144;674;710;112;15;7;8;8;9;8;8;3;1712
"Piperacillin-tazobactam";"Salmonella typhi";0;0;0;0;0;0;0;0;5;106;152;42;12;1;1;1;1;2;0;8;1;323
"Piperacillin-tazobactam";"Salmonella typhimurium";0;0;0;0;0;0;0;0;1;8;52;65;38;4;3;3;2;6;7;8;1;189
"Piperacillin-tazobactam";"Serratia liquefaciens";0;0;0;0;0;0;0;0;17;95;133;31;8;7;14;7;5;2;142;8;5;461
"Piperacillin-tazobactam";"Serratia marcescens";0;0;1;0;0;0;1;4;292;1138;1331;516;189;158;213;141;140;29;1;8;8;4154
"Piperacillin-tazobactam";"Serratia spp";0;0;0;0;0;0;0;3;5;125;152;41;13;15;17;32;7;4;173;8;4;587
"Piperacillin-tazobactam";"Shigella flexneri";0;0;0;0;0;0;0;1;59;47;146;57;10;0;0;0;1;0;0;8;1;321
"Piperacillin-tazobactam";"Shigella sonnei";0;0;0;0;0;0;0;0;16;165;231;11;3;0;0;0;0;0;0;8;1;426
"Piperacillin-tazobactam";"Staphylococcus aureus";0;0;16;17;19;34;187;526;1374;1526;1523;578;140;77;50;47;30;43;0;2;45;6187
"Piperacillin-tazobactam";"Staphylococcus aureus MRSA";0;0;0;0;0;0;0;0;1;1;5;6;9;2;17;103;227;33;0;;4;404
"Piperacillin-tazobactam";"Staphylococcus aureus MSSA";0;0;0;0;0;0;1;2;100;210;187;51;18;1;1;0;0;0;0;;4;571
"Piperacillin-tazobactam";"Staphylococcus capitis";0;0;0;0;1;1;8;11;79;31;15;10;11;6;3;9;4;0;0;;2;189
"Piperacillin-tazobactam";"Staphylococcus coagulase negative";0;0;0;1;7;44;131;124;205;225;142;51;32;21;7;7;23;34;1;;5;1055
"Piperacillin-tazobactam";"Staphylococcus coagulase negative MRSE";0;0;0;0;0;0;0;1;4;37;76;30;28;11;4;4;11;22;0;;2;228
"Piperacillin-tazobactam";"Staphylococcus epidermidis";0;0;0;5;5;10;92;130;663;819;823;477;271;123;79;82;91;28;1;;5;3699
"Piperacillin-tazobactam";"Staphylococcus epidermidis MSSE";0;0;0;0;0;0;22;20;19;18;2;3;0;0;0;0;0;0;0;;2;84
"Piperacillin-tazobactam";"Staphylococcus haemolyticus";0;0;1;1;1;0;2;5;25;42;21;33;39;31;20;34;131;38;9;;4;433
"Piperacillin-tazobactam";"Staphylococcus hominis";0;0;0;1;1;0;2;3;76;46;40;51;80;22;6;11;20;0;0;;2;359
"Piperacillin-tazobactam";"Staphylococcus saprophyticus";0;0;0;0;0;1;6;1;17;27;39;13;11;7;2;2;7;3;0;;3;136
"Piperacillin-tazobactam";"Staphylococcus warneri";0;0;0;0;0;0;2;1;34;32;7;4;11;8;4;1;2;1;0;;1;107
"Piperacillin-tazobactam";"Stenotrophomonas maltophilia";0;0;0;0;0;0;0;0;8;16;29;120;354;685;726;554;2208;258;90;;16;5048
"Piperacillin-tazobactam";"Streptococcus agalactiae";0;0;4;8;7;30;156;372;1775;120;3;3;0;1;1;0;2;2;0;1;8;2484
"Piperacillin-tazobactam";"Streptococcus anginosus";0;0;0;1;2;10;32;36;78;15;4;2;2;5;1;1;1;5;0;1;6;195
"Piperacillin-tazobactam";"Streptococcus group G";0;0;0;11;47;144;49;6;13;1;0;0;0;0;0;0;0;0;0;0.25;6;271
"Piperacillin-tazobactam";"Streptococcus milleri";0;0;0;0;2;6;8;9;61;13;2;0;1;0;0;0;0;0;0;1;2;102
"Piperacillin-tazobactam";"Streptococcus oralis";0;1;15;32;52;11;20;23;16;8;5;7;3;3;0;0;0;0;0;;4;196
"Piperacillin-tazobactam";"Streptococcus pneumoniae";2;12;421;694;183;72;13;43;145;24;48;47;12;0;0;0;0;0;0;0.064;7;1716
"Piperacillin-tazobactam";"Streptococcus pyogenes";0;0;3;22;188;290;73;8;64;3;1;1;0;0;0;0;0;0;0;0.25;7;653
"Piperacillin-tazobactam";"Streptococcus, viridans group";0;2;17;49;70;54;149;132;88;35;23;30;22;11;2;2;0;1;0;;6;687
"Posaconazole";"Candida albicans EUCAST";0;0;167;3429;1161;372;84;34;19;4;0;3;11;13;0;0;0;0;0;;5;5297
"Posaconazole";"Candida dubliniensis EUCAST";0;0;0;52;17;5;0;0;0;0;0;0;0;0;0;0;0;0;0;;3;74
"Posaconazole";"Candida glabrata EUCAST";0;0;2;11;22;132;310;382;315;131;63;55;51;2;11;0;0;0;0;;5;1487
"Posaconazole";"Candida guilliermondii EUCAST";0;0;0;4;23;49;38;25;7;2;2;0;0;3;0;0;0;0;0;;5;153
"Posaconazole";"Candida kefyr EUCAST";0;0;1;9;6;9;1;1;1;0;0;0;0;0;0;0;0;0;0;;5;28
"Posaconazole";"Candida krusei EUCAST";0;0;0;3;27;91;153;74;14;0;0;0;0;0;0;0;0;0;0;;5;362
"Posaconazole";"Candida lusitaniae EUCAST";0;0;0;34;8;0;1;0;0;0;0;0;0;0;0;0;0;0;0;;3;43
"Posaconazole";"Candida parapsilosis EUCAST";0;0;20;698;331;145;11;4;2;0;0;1;0;0;0;0;0;0;0;;5;1212
"Posaconazole";"Candida tropicalis EUCAST";0;0;7;359;253;64;16;13;3;3;10;10;7;9;0;0;0;0;0;;5;754
"Posaconazole";"Saccharomyces cerevisiae EUCAST";0;0;0;0;1;2;7;9;8;4;1;0;1;0;0;0;0;0;0;;2;33
"Pyrazinamide";"Mycobacterium tuberculosis";0;0;0;0;0;0;0;0;0;0;0;0;0;11;38;23;11;4;2;;2;89
"Quinupristin-dalfopristin";"Bacteroides fragilis group";0;0;0;0;0;0;0;0;0;0;0;0;0;6;46;4;0;0;0;;1;56
"Quinupristin-dalfopristin";"Clostridium spp";0;0;0;0;0;1;1;3;1;8;4;1;0;0;1;0;0;0;0;;1;20
"Quinupristin-dalfopristin";"Enterococcus faecalis";0;0;0;0;0;0;0;11;60;208;775;1706;1474;569;199;6;0;173;0;;14;5181
"Quinupristin-dalfopristin";"Enterococcus faecium";0;0;0;0;0;0;4;144;812;500;1432;928;256;370;212;4;1;0;0;;26;4663
"Quinupristin-dalfopristin";"Lactobacillus reuteri";0;0;0;0;0;0;0;32;12;2;0;0;1;2;0;0;0;0;0;;1;49
"Quinupristin-dalfopristin";"Lactobacillus spp";0;0;0;0;0;0;0;32;12;2;0;0;1;2;0;0;0;0;0;;1;49
"Quinupristin-dalfopristin";"Peptostreptococcus spp";0;0;0;0;0;0;0;2;2;3;2;0;0;0;0;0;0;0;0;;1;9
"Quinupristin-dalfopristin";"Staphylococcus aureus";0;0;0;0;5;15;985;8346;4444;669;40;18;16;12;0;0;0;0;0;1;9;14550
"Quinupristin-dalfopristin";"Staphylococcus capitis";0;0;0;0;0;11;27;142;73;12;2;0;0;1;0;0;0;0;0;;2;268
"Quinupristin-dalfopristin";"Staphylococcus coagulase negative";0;0;0;0;0;1;86;477;160;42;9;1;0;0;0;0;0;0;0;;4;776
"Quinupristin-dalfopristin";"Staphylococcus epidermidis";0;0;0;0;0;2;432;1935;236;84;36;2;0;1;1;0;0;0;0;;2;2729
"Quinupristin-dalfopristin";"Staphylococcus haemolyticus";0;0;0;0;0;1;34;391;191;37;1;1;1;0;0;0;0;0;0;;3;657
"Quinupristin-dalfopristin";"Staphylococcus hominis";0;0;0;0;0;1;42;294;131;20;0;2;0;0;0;0;0;0;0;;2;490
"Quinupristin-dalfopristin";"Staphylococcus lugdunensis";0;0;0;0;0;0;7;14;1;0;0;0;0;0;0;0;0;0;0;;2;22
"Quinupristin-dalfopristin";"Staphylococcus saprophyticus";0;0;0;0;0;2;48;383;21;13;0;0;0;0;0;0;0;0;0;;3;467
"Quinupristin-dalfopristin";"Staphylococcus simulans";0;0;0;0;0;1;6;81;2;0;0;0;0;0;0;0;0;0;0;;1;90
"Quinupristin-dalfopristin";"Staphylococcus warneri";0;0;0;0;0;0;7;40;79;3;1;0;0;0;0;0;0;0;0;;2;130
"Quinupristin-dalfopristin";"Streptococcus agalactiae";0;0;0;0;0;0;7;31;145;16;0;5;9;5;0;0;0;0;0;;3;218
"Quinupristin-dalfopristin";"Streptococcus bovis";0;0;0;0;0;0;0;2;1;3;5;2;3;2;0;0;0;0;0;;1;18
"Quinupristin-dalfopristin";"Streptococcus mitis";0;0;0;0;0;0;0;3;4;11;5;4;1;0;0;0;0;0;0;;1;28
"Quinupristin-dalfopristin";"Streptococcus oralis";0;0;0;0;0;0;0;0;6;17;5;2;0;1;0;0;0;0;0;;1;31
"Quinupristin-dalfopristin";"Streptococcus pneumoniae";0;0;0;0;2;5;121;1986;15027;7069;341;24;10;5;0;0;0;0;0;;5;24590
"Quinupristin-dalfopristin";"Streptococcus pyogenes";0;0;0;0;50;916;6004;480;103;9;1;0;0;0;0;0;0;0;0;;4;7563
"Quinupristin-dalfopristin";"Streptococcus, viridans group";0;0;0;0;0;0;0;0;9;14;22;4;1;0;0;0;0;0;0;;1;50
"Retapamulin";"Staphylococcus aureus";0;1;10;34;251;3634;1831;224;35;1;5;0;0;0;1;2;0;0;0;0.5;7;6029
"Retapamulin";"Staphylococcus aureus MRSA";0;0;0;0;10;160;30;0;0;0;0;0;0;0;0;0;0;0;0;;2;200
"Retapamulin";"Staphylococcus aureus MSSA";0;0;0;0;5;127;66;0;0;0;0;0;0;0;1;1;0;0;0;;2;200
"Retapamulin";"Staphylococcus lugdunensis";0;0;4;38;146;11;0;0;0;0;0;0;0;0;0;0;0;0;0;;2;199
"Retapamulin";"Streptococcus agalactiae";0;0;5;83;790;173;17;3;0;0;0;0;0;0;0;0;0;0;0;0.125;2;1071
"Retapamulin";"Streptococcus pyogenes";4;10;105;938;1467;191;54;2;0;0;0;0;0;0;0;0;0;0;0;0.125;3;2771
"Rifampicin";"Acinetobacter baumannii";0;0;0;0;0;0;0;0;3;9;20;39;2;2;4;14;9;0;0;;1;102
"Rifampicin";"Actinomyces israelii";61;33;4;0;0;0;0;0;0;0;0;0;0;0;0;0;0;0;0;;1;98
"Rifampicin";"Actinomyces spp";127;113;47;10;6;1;1;0;0;0;0;0;0;0;0;0;0;0;0;;1;305
"Rifampicin";"Aerococcus sanguinicola";0;0;0;3;5;52;8;0;0;0;0;0;0;0;0;0;0;0;0;;2;68
"Rifampicin";"Clostridium difficile";1905;1407;2;1;1;2;0;0;4;4;0;1;0;0;7;50;9;0;0;0.004;8;3393
"Rifampicin";"Corynebacterium amycolatum";0;0;0;10;1;0;0;0;0;0;0;0;0;0;1;0;0;0;0;;1;12
"Rifampicin";"Corynebacterium jeikeium";0;0;6;0;0;0;0;0;0;0;0;0;0;1;5;0;0;0;0;;1;12
"Rifampicin";"Corynebacterium pseudodiphtheriticum";0;0;11;0;0;0;0;0;0;0;0;0;0;0;0;0;0;0;0;;1;11
"Rifampicin";"Corynebacterium spp";0;0;30;10;2;0;0;0;1;0;0;1;2;2;11;0;0;0;0;;5;59
"Rifampicin";"Corynebacterium striatum";0;0;6;12;0;0;0;0;1;0;0;0;0;0;9;0;0;0;0;;2;28
"Rifampicin";"Corynebacterium urealyticum";0;0;7;0;1;0;0;0;0;0;0;1;2;1;0;0;0;0;0;;1;12
"Rifampicin";"Enterococcus faecalis";0;0;0;0;0;29;5;29;445;961;650;476;202;103;0;0;0;0;0;4;2;2900
"Rifampicin";"Haemophilus influenzae";0;0;0;0;1;28;218;555;153;14;0;0;0;0;0;0;0;0;0;1;4;969
"Rifampicin";"Helicobacter pylori";0;0;0;1;6;7;14;30;21;17;14;1;1;0;0;0;0;0;0;;2;112
"Rifampicin";"Kingella kingae";0;0;0;1;1;43;103;49;5;0;0;0;0;0;0;0;0;0;0;;1;202
"Rifampicin";"Legionella pneumophila";0;5;7;132;39;0;0;0;0;0;0;0;0;0;0;0;0;0;0;;1;183
"Rifampicin";"Mycobacterium avium";0;0;0;0;0;0;2;8;19;73;133;203;160;232;0;0;0;0;0;;3;830
"Rifampicin";"Mycobacterium intracellulare";0;0;0;0;0;0;2;7;9;27;49;82;50;61;0;0;0;0;0;;3;287
"Rifampicin";"Neisseria meningitidis";40;251;534;553;298;194;89;81;30;4;0;0;3;0;32;0;0;30;0;;14;2139
"Rifampicin";"Staphylococcus aureus";1;197;677;203;15;3;3;2;2;9;8;3;0;0;1;3;8;17;2;0.032;3;1154
"Rifampicin";"Staphylococcus aureus MRSA";0;93;195;22;0;0;0;0;0;0;0;5;0;0;0;0;0;0;2;0.032;3;317
"Rifampicin";"Staphylococcus aureus MSSA";0;84;131;175;24;0;0;0;0;0;0;1;0;0;0;0;0;0;1;0.032;3;416
"Rifampicin";"Staphylococcus coagulase negative";2;54;174;275;92;13;2;0;1;0;3;1;0;1;1;2;8;54;14;0.064;3;697
"Rifampicin";"Staphylococcus coagulase negative MRSE";0;50;103;115;33;5;1;0;1;2;3;7;0;0;3;0;7;10;30;0.064;3;370
"Rifampicin";"Staphylococcus epidermidis";0;55;52;108;65;41;1;0;0;1;0;4;0;0;1;0;8;4;36;0.064;3;376
"Rifampicin";"Staphylococcus epidermidis MSSE";0;11;24;36;12;0;0;0;0;0;0;0;0;0;0;0;0;1;0;0.064;2;84
"Rifampicin";"Staphylococcus haemolyticus";0;1;11;14;23;6;8;0;0;0;0;1;0;0;0;0;0;0;2;0.064;3;66
"Rifampicin";"Streptococcus agalactiae";0;0;0;0;6;24;1;0;1;0;0;0;0;0;0;0;0;0;0;;1;32
"Rifampicin";"Streptococcus pneumoniae";0;0;18;198;638;207;24;2;3;3;2;0;3;0;0;0;0;0;0;0.125;3;1098
"Roxithromycin";"Bacteroides fragilis group";0;0;0;0;0;0;0;1;0;11;25;12;3;0;0;0;0;0;0;;1;52
"Roxithromycin";"Clostridium perfringens";0;0;0;0;0;0;0;0;0;3;7;0;0;0;0;0;0;0;0;;1;10
"Roxithromycin";"Enterococcus faecalis";0;0;0;0;0;1;7;6;9;23;60;97;120;35;355;0;0;69;0;8;2;782
"Roxithromycin";"Enterococcus faecium";0;0;0;0;0;1;0;0;0;1;0;17;1;2;0;2;1;72;0;;1;97
"Roxithromycin";"Haemophilus influenzae";0;0;0;0;0;0;0;0;0;1;0;12;68;91;19;3;0;0;0;;2;194
"Roxithromycin";"Moraxella catarrhalis";0;0;0;0;16;25;5;1;0;0;0;1;0;0;0;0;0;0;0;0.25;1;48
"Roxithromycin";"Neisseria gonorrhoeae";0;0;0;0;2;2;9;20;8;2;0;0;0;0;0;0;0;0;0;;1;43
"Roxithromycin";"Peptostreptococcus spp";0;0;0;0;1;6;0;1;0;3;6;0;0;1;0;0;0;0;0;;1;18
"Roxithromycin";"Staphylococcus aureus";0;0;0;0;0;0;55;269;2288;471;12;15;23;29;839;0;0;0;0;1;2;4001
"Roxithromycin";"Staphylococcus aureus MRSA";0;0;0;0;0;0;0;1;7;0;0;0;0;0;0;0;0;42;0;1;1;50
"Roxithromycin";"Staphylococcus aureus MSSA";0;0;0;0;0;0;0;2;37;0;0;0;0;0;0;0;1;10;0;1;1;50
"Roxithromycin";"Staphylococcus capitis";0;0;0;0;0;0;10;60;44;2;0;0;2;2;29;0;0;0;0;1;1;149
"Roxithromycin";"Staphylococcus coagulase negative";0;0;0;0;0;0;20;60;38;5;2;2;2;27;190;0;0;0;0;1;1;346
"Roxithromycin";"Staphylococcus epidermidis";0;0;0;0;0;1;37;233;184;11;0;3;4;18;935;3;2;9;0;1;2;1440
"Roxithromycin";"Staphylococcus saprophyticus";0;0;0;0;0;1;4;4;15;0;0;0;0;0;0;1;2;3;0;1;1;30
"Roxithromycin";"Staphylococcus warneri";0;0;0;0;0;0;0;22;15;0;0;0;0;0;16;0;0;0;0;1;1;53
"Roxithromycin";"Streptococcus acidominimus";0;0;0;0;0;0;9;3;2;1;1;0;1;0;1;0;0;0;0;;1;18
"Roxithromycin";"Streptococcus milleri";0;0;0;0;11;17;2;0;0;0;0;0;0;0;0;0;0;0;0;;1;30
"Roxithromycin";"Streptococcus pneumoniae";0;0;1;0;7;26;29;0;0;0;3;7;13;7;49;4;0;4;0;;2;150
"Roxithromycin";"Streptococcus pyogenes";0;0;0;0;6;23;9;0;0;1;1;2;1;0;10;0;0;0;0;;2;53
"Secnidazole";"Bacteroides fragilis";0;0;0;0;0;0;2;2;13;17;19;7;3;5;0;0;0;0;0;;1;68
"Secnidazole";"Bacteroides fragilis group";0;0;0;0;0;0;4;2;25;40;32;9;6;5;0;0;0;0;0;;1;123
"Sparfloxacin";"Acinetobacter spp";0;0;30;46;25;14;5;6;9;13;14;15;41;35;12;6;0;0;0;;2;271
"Sparfloxacin";"Aeromonas hydrophila";0;0;0;4;14;7;0;0;0;0;0;0;1;0;0;0;0;0;0;;1;26
"Sparfloxacin";"Bacteroides fragilis";0;0;0;0;0;0;0;0;3;56;37;16;4;3;1;1;0;0;0;;2;121
"Sparfloxacin";"Citrobacter spp";0;0;2;37;51;32;10;8;22;11;6;4;1;5;1;0;0;0;0;;2;190
"Sparfloxacin";"Clostridium perfringens";0;0;0;0;3;7;34;46;11;0;0;0;0;0;0;0;0;0;0;;2;101
"Sparfloxacin";"Enterobacter spp";0;0;14;94;194;125;27;26;20;13;11;4;0;1;1;0;0;0;0;;2;530
"Sparfloxacin";"Enterococcus faecalis";0;0;0;0;1;3;9;180;209;42;4;5;1;31;29;3;5;0;0;1;2;522
"Sparfloxacin";"Enterococcus faecium";0;0;0;0;0;0;0;4;7;11;5;2;0;0;0;0;0;0;0;;1;29
"Sparfloxacin";"Escherichia coli";0;0;69;227;203;36;12;16;8;5;1;1;4;5;9;2;0;0;0;0.064;2;598
"Sparfloxacin";"Haemophilus influenzae";0;14;152;126;30;8;4;7;1;3;4;4;10;1;1;0;0;0;0;0.064;3;365
"Sparfloxacin";"Haemophilus parainfluenzae";0;0;23;10;8;1;1;2;0;0;0;0;0;0;0;0;0;0;0;;1;45
"Sparfloxacin";"Klebsiella pneumoniae";0;0;2;6;49;63;15;8;10;5;5;3;3;9;0;0;0;0;0;;1;178
"Sparfloxacin";"Klebsiella spp";0;0;3;118;176;228;42;18;27;15;6;3;2;1;3;1;0;0;0;;3;643
"Sparfloxacin";"Legionella pneumophila";20;1;1;0;0;0;0;0;0;0;0;0;0;0;0;0;0;0;0;;1;22
"Sparfloxacin";"Listeria monocytogenes";0;0;0;0;0;0;0;0;1;23;49;1;0;0;0;0;0;0;0;;2;74
"Sparfloxacin";"Moraxella catarrhalis";0;0;16;45;132;15;0;0;0;0;0;0;0;0;0;0;0;0;0;;2;208
"Sparfloxacin";"Morganella morganii";0;0;0;0;2;18;39;29;5;2;3;0;2;1;1;2;0;0;0;;1;104
"Sparfloxacin";"Neisseria gonorrhoeae";19;35;72;11;2;1;2;3;1;0;0;0;0;0;0;0;0;0;0;;2;146
"Sparfloxacin";"Neisseria meningitidis";0;5;61;16;1;0;0;0;0;0;0;0;0;0;0;0;0;0;0;;2;83
"Sparfloxacin";"Plesiomonas shigelloides";0;2;1;12;2;1;0;0;0;0;0;0;0;0;0;0;0;0;0;;1;18
"Sparfloxacin";"Proteus mirabilis";0;0;0;0;0;5;43;243;203;18;8;10;2;9;6;6;0;0;0;;2;553
"Sparfloxacin";"Proteus spp";0;0;0;0;0;7;18;45;28;2;2;0;0;0;0;0;0;0;0;;1;102
"Sparfloxacin";"Proteus vulgaris";0;0;0;0;1;4;22;24;28;6;1;0;0;0;0;0;0;0;0;;1;86
"Sparfloxacin";"Providencia spp";0;0;0;0;0;3;16;12;4;4;2;6;2;0;3;0;0;0;0;;1;52
"Sparfloxacin";"Pseudomonas aeruginosa";0;0;0;0;0;1;9;46;119;183;84;40;34;31;21;26;10;3;0;;2;607
"Sparfloxacin";"Salmonella spp";0;0;1;15;47;119;0;1;2;0;0;0;0;0;0;0;0;0;0;;2;185
"Sparfloxacin";"Salmonella typhi";0;0;4;32;3;1;0;0;0;0;0;0;0;0;0;0;0;0;0;;1;40
"Sparfloxacin";"Serratia spp";0;0;0;2;5;9;23;37;72;31;33;30;20;12;2;1;0;0;0;;2;277
"Sparfloxacin";"Shigella spp";0;1;35;48;15;5;2;0;0;0;0;0;0;1;0;0;0;0;0;;2;107
"Sparfloxacin";"Staphylococcus aureus";0;0;0;9;202;673;154;7;10;8;9;59;208;45;3;0;0;0;0;0.25;2;1387
"Sparfloxacin";"Staphylococcus coagulase negative";0;0;1;5;24;497;608;88;10;5;24;144;161;57;0;0;0;0;0;;2;1624
"Sparfloxacin";"Streptococcus agalactiae";0;0;0;0;0;0;0;3;70;14;4;0;0;0;0;0;0;0;0;;1;91
"Sparfloxacin";"Streptococcus group C";0;0;0;0;0;0;0;29;30;3;0;0;0;0;0;0;0;0;0;;1;62
"Sparfloxacin";"Streptococcus group G";0;0;0;0;0;0;1;35;30;7;0;0;0;0;0;0;0;0;0;;1;73
"Sparfloxacin";"Streptococcus pneumoniae";0;0;0;0;0;8;215;390;130;13;0;4;15;3;0;0;0;0;0;;3;778
"Sparfloxacin";"Streptococcus pyogenes";0;0;0;0;1;2;17;95;126;59;5;0;0;0;0;0;0;0;0;;2;305
"Sparfloxacin";"Streptococcus, viridans group";0;0;0;0;0;0;3;16;57;18;2;0;0;0;0;1;0;0;0;;1;97
"Spectinomycin";"Escherichia coli";0;0;0;0;0;0;0;0;0;0;0;7;132;2071;342;200;357;581;0;64;15;3690
"Spectinomycin";"Mannheimia haemolytica";0;0;0;0;0;0;0;0;0;0;0;0;17;45;0;0;1;0;0;;2;63
"Spectinomycin";"Neisseria gonorrhoeae";0;0;0;0;0;9;2;8;6;13;100;637;2108;1772;625;73;10;0;1;64;15;5364
"Spectinomycin";"Pasteurella multocida";0;0;0;0;0;0;0;0;0;0;0;8;28;88;29;0;1;6;0;;4;160
"Spectinomycin";"Salmonella spp";0;0;0;0;0;0;0;0;0;0;0;1;3;1442;7836;857;158;2158;1;;11;12456
"Spectinomycin";"Serratia spp";0;0;0;0;0;0;0;0;0;0;0;1;22;275;320;21;1;20;0;;2;660
"Spectinomycin";"Staphylococcus aureus";0;0;0;0;0;0;0;0;0;0;0;0;0;0;4;97;19;0;4;128;4;124
"Spectinomycin";"Staphylococcus haemolyticus";0;0;0;0;0;0;0;0;1;1;5;2;1;0;0;0;0;0;0;;1;10
"Spectinomycin";"Staphylococcus hominis";0;0;0;0;0;0;0;0;0;4;35;74;7;2;1;6;1;0;0;;1;130
"Spectinomycin";"Staphylococcus hyicus";0;0;0;0;0;0;0;0;0;0;0;0;1;0;41;130;4;0;38;;2;214
"Spectinomycin";"Staphylococcus warneri";0;0;0;0;0;0;0;0;0;0;3;1;0;0;0;0;0;0;0;;1;4
"Spiramycin";"Streptococcus pneumoniae";0;0;0;0;1;6;84;9;0;0;0;1;0;0;0;1;0;0;0;;1;102
"Spiramycin";"Streptococcus pyogenes";0;0;0;0;0;0;1;14;24;1;0;0;0;1;0;0;0;0;0;;1;41
"Streptomycin";"Bifidobacterium longum";0;0;0;0;0;0;0;0;0;0;0;0;6;14;27;13;16;0;3;;1;79
"Streptomycin";"Bifidobacterium pseudolongum";0;0;0;0;0;0;0;0;0;0;0;0;0;1;14;39;27;1;0;;1;82
"Streptomycin";"Bifidobacterium spp";0;0;0;0;0;0;0;0;0;0;0;2;13;43;67;112;97;11;19;;2;364
"Streptomycin";"Bifidobacterium thermophilum";0;0;0;0;0;0;0;0;0;0;0;0;0;1;3;39;31;5;1;;1;80
"Streptomycin";"Campylobacter coli";0;0;0;0;0;0;0;0;0;67;114;95;26;102;257;110;100;120;0;4;9;991
"Streptomycin";"Campylobacter jejuni";0;0;0;0;0;0;0;7;229;634;56;4;2;5;2;5;6;2;0;4;14;952
"Streptomycin";"Citrobacter spp";0;0;0;0;0;0;0;0;0;7;22;24;17;1;0;1;11;0;0;;1;83
"Streptomycin";"Enterobacter agglomerans";0;0;0;0;0;0;0;1;1;22;31;3;0;0;0;0;0;0;0;;1;58
"Streptomycin";"Enterobacter cloacae";0;0;0;0;0;0;0;0;0;1;35;40;8;4;1;1;0;2;0;;1;92
"Streptomycin";"Enterobacter dissolvens";0;0;0;0;0;0;0;0;0;0;19;24;0;0;1;0;0;0;0;;1;44
"Streptomycin";"Enterobacter spp";0;0;0;0;0;0;0;0;1;4;27;24;6;0;0;5;6;1;0;;1;74
"Streptomycin";"Enterococcus faecalis";0;0;0;0;0;0;0;0;0;0;2;5;4;21;90;279;388;208;232;512;15;1229
"Streptomycin";"Enterococcus faecium";0;0;0;0;0;0;0;0;0;2;5;2;5;99;550;427;34;10;160;128;14;1294
"Streptomycin";"Enterococcus hirae";0;0;0;0;0;0;0;0;0;0;0;1;0;21;154;315;72;0;5;128;8;568
"Streptomycin";"Escherichia coli";0;0;0;0;0;0;0;0;0;76;586;2269;3099;1028;446;1085;1124;166;38;16;26;9917
"Streptomycin";"Hafnia alvei";0;0;0;0;0;0;0;0;1;1;32;13;0;0;0;0;0;0;0;;1;47
"Streptomycin";"Klebsiella oxytoca";0;0;0;0;0;0;0;0;0;2;20;19;5;0;1;1;1;1;0;;1;50
"Streptomycin";"Klebsiella pneumoniae";0;0;0;0;0;0;0;0;0;7;63;33;15;0;4;4;8;7;0;;1;141
"Streptomycin";"Klebsiella spp";0;0;0;0;0;0;5;11;15;11;54;100;8;3;8;4;1;1;0;;1;221
"Streptomycin";"Kluyvera spp";0;0;0;0;0;0;0;0;0;5;15;6;1;1;4;0;2;0;0;;1;34
"Streptomycin";"Lactobacillus acidophilus";0;0;0;0;0;0;0;0;0;0;3;4;3;1;0;0;0;0;0;;1;11
"Streptomycin";"Lactobacillus amylovorus";0;0;0;0;0;0;0;0;0;0;3;9;6;3;0;1;1;4;4;;1;31
"Streptomycin";"Lactobacillus crispatus";0;0;0;0;0;0;0;0;1;0;0;1;4;1;0;0;0;0;0;;1;7
"Streptomycin";"Lactobacillus delbrueckii";0;0;0;0;0;0;0;0;1;2;8;15;12;4;1;1;0;0;0;;1;44
"Streptomycin";"Lactobacillus fermentum";0;0;0;0;0;0;0;0;0;0;0;0;1;9;28;16;2;0;0;;1;56
"Streptomycin";"Lactobacillus gallinarum";0;0;0;0;0;0;0;0;0;0;3;1;0;1;0;0;0;0;3;;1;8
"Streptomycin";"Lactobacillus gasseri";0;0;0;0;0;0;0;0;0;1;1;11;18;2;3;0;0;0;0;;1;36
"Streptomycin";"Lactobacillus helveticus";0;0;0;0;0;0;0;2;1;15;7;0;0;2;0;0;0;0;0;;1;27
"Streptomycin";"Lactobacillus johnsonii";0;0;0;0;0;0;0;0;0;0;3;8;8;3;1;2;1;0;0;;1;26
"Streptomycin";"Lactobacillus lactis";0;0;0;0;0;0;0;2;3;1;9;0;8;20;26;15;0;5;0;;1;89
"Streptomycin";"Lactobacillus plantarum";0;0;0;0;0;0;0;0;0;0;1;2;7;23;31;51;79;8;0;;2;202
"Streptomycin";"Lactobacillus reuteri";0;0;0;0;0;0;0;0;0;0;0;0;4;21;61;26;0;0;0;;2;112
"Streptomycin";"Lactobacillus rhamnosus";0;0;0;0;0;0;0;0;0;0;22;103;57;24;7;0;0;12;0;;3;225
"Streptomycin";"Lactobacillus sakei";0;0;0;0;0;0;0;0;0;0;0;0;0;0;1;2;27;53;0;;1;83
"Streptomycin";"Lactococcus lactis";0;0;0;0;0;0;0;2;3;1;9;0;8;20;26;15;0;5;0;;1;89
"Streptomycin";"Listeria monocytogenes";0;0;0;0;0;0;0;0;0;0;0;17;183;1;0;0;0;0;0;;2;201
"Streptomycin";"Raoultella spp";0;0;0;0;0;0;0;0;1;4;20;10;0;0;3;1;1;0;0;;1;40
"Streptomycin";"Salmonella spp";0;0;0;0;0;0;0;0;0;0;5;1566;4884;2781;895;1125;2246;17;12;16;17;13531
"Streptomycin";"Serratia liquefaciens";0;0;0;0;0;0;0;0;0;29;10;6;0;0;0;0;0;0;0;;1;45
"Streptomycin";"Serratia spp";0;0;0;0;0;0;0;1;0;8;20;11;1;3;1;0;2;1;0;;1;48
"Streptomycin";"Staphylococcus aureus";0;0;0;0;0;0;0;0;0;6;58;218;267;79;4;6;4;2;0;16;7;644
"Streptomycin";"Staphylococcus coagulase negative";0;0;0;0;0;0;0;2;15;41;80;72;32;8;10;16;3;0;0;;3;279
"Streptomycin";"Staphylococcus hyicus";0;0;0;0;0;0;0;0;0;0;24;74;28;6;8;11;21;42;0;;2;214
"Streptomycin";"Staphylococcus intermedius";0;0;0;0;0;0;0;0;0;1;45;27;3;1;1;1;3;9;8;;1;99
"Streptomycin";"Streptococcus thermophilus";0;0;0;0;0;0;0;0;0;0;0;17;45;46;18;0;2;0;0;;2;128
"Streptomycin";"Yersinia spp";0;0;0;0;0;0;0;1;2;4;16;26;0;0;1;0;0;1;0;;1;51
"Sulbactam";"Acinetobacter baumannii";0;0;0;0;0;0;0;0;8;45;50;9;22;23;15;25;8;0;0;;2;205
"Sulbactam";"Citrobacter freundii";0;0;0;0;0;0;0;0;0;0;0;0;1;2;20;18;16;1;4;;1;62
"Sulbactam";"Enterobacter cloacae";0;0;0;0;0;0;0;0;0;1;1;0;0;1;13;65;23;3;6;;1;113
"Sulbactam";"Enterococcus faecalis";0;0;0;0;0;0;0;0;0;0;0;0;0;0;0;2;5;0;675;;1;682
"Sulbactam";"Escherichia coli";0;0;0;0;0;0;0;0;3;1;0;0;8;51;395;109;35;11;16;128;1;629
"Sulbactam";"Klebsiella oxytoca";0;0;0;0;0;0;0;0;0;0;0;0;4;25;37;15;3;2;8;;1;94
"Sulbactam";"Klebsiella pneumoniae";0;0;0;0;0;0;0;0;1;0;1;0;0;19;116;49;7;7;11;;1;211
"Sulbactam";"Proteus mirabilis";0;0;0;0;0;0;0;0;0;2;0;0;0;1;1;90;53;2;5;;1;154
"Sulbactam";"Proteus vulgaris";0;0;0;0;0;0;0;0;0;0;1;0;0;1;0;8;26;6;1;;1;43
"Sulbactam";"Pseudomonas aeruginosa";0;0;0;0;0;0;0;0;0;1;2;0;0;0;1;2;8;5;328;;1;347
"Sulbactam";"Serratia marcescens";0;0;0;0;0;0;0;0;0;0;0;0;0;0;1;34;26;3;6;;1;70
"Sulbactam";"Staphylococcus aureus";0;0;0;0;0;0;0;0;5;1;0;0;1;1;6;35;630;55;72;;1;806
"Sulbactam";"Staphylococcus coagulase negative";0;0;0;0;0;0;0;0;2;0;0;0;0;1;3;32;54;14;235;;1;341
"Sulbactam";"Stenotrophomonas maltophilia";0;0;0;0;0;0;0;0;0;0;0;0;0;1;0;3;7;11;45;;1;67
"Sulfamethoxazole";"Citrobacter spp";0;0;0;0;0;0;0;0;0;0;5;9;33;63;39;13;4;0;18;;2;184
"Sulfamethoxazole";"Enterobacter agglomerans";0;0;0;0;0;0;0;0;0;0;5;45;87;21;17;6;1;0;0;;1;182
"Sulfamethoxazole";"Enterobacter cloacae";0;0;0;0;0;0;0;0;0;0;2;7;28;38;15;7;2;0;5;;1;104
"Sulfamethoxazole";"Enterobacter dissolvens";0;0;0;0;0;0;0;0;0;0;0;9;28;13;22;7;2;0;5;;1;86
"Sulfamethoxazole";"Enterobacter spp";0;0;0;0;0;0;0;0;0;0;5;18;27;55;31;17;2;4;10;;1;169
"Sulfamethoxazole";"Escherichia coli";0;0;0;0;0;0;0;0;0;0;24;62;250;477;254;42;6;2;318;64;1;1435
"Sulfamethoxazole";"Klebsiella oxytoca";0;0;0;0;0;0;0;0;0;0;1;1;4;25;21;13;5;2;3;;1;75
"Sulfamethoxazole";"Klebsiella pneumoniae";0;0;0;0;0;0;0;0;0;0;2;6;19;47;36;31;10;0;16;;1;167
"Sulfamethoxazole";"Klebsiella spp";0;0;0;0;0;0;0;0;0;4;3;3;4;15;22;31;24;15;100;;1;221
"Sulfamethoxazole";"Listeria monocytogenes";0;0;0;0;0;0;0;0;0;0;0;0;1;35;41;25;4;0;0;;1;106
"Sulfamethoxazole";"Salmonella spp";0;0;0;0;0;0;0;0;0;0;0;0;838;1310;733;1505;772;258;19;;8;5435
"Sulfamethoxazole";"Staphylococcus aureus";0;0;0;0;0;0;0;0;0;0;0;0;39;40;34;8;2;0;0;128;3;123
"Sulfamethoxazole";"Staphylococcus hyicus";0;0;0;0;0;0;0;0;0;0;0;0;52;87;42;18;12;2;1;;2;214
"Sulfamethoxazole";"Streptococcus agalactiae";0;0;0;0;0;0;0;0;1;10;46;19;0;0;0;0;0;0;0;;1;76
"Tedizolid";"Enterococcus faecalis";0;0;0;4;0;3;33;430;345;5;1;0;1;0;0;0;0;0;0;;7;822
"Tedizolid";"Enterococcus faecium";0;0;0;0;1;0;23;190;172;8;2;1;0;0;0;0;0;0;0;;5;397
"Tedizolid";"Peptostreptococcus spp";0;0;0;2;3;3;7;3;12;6;3;1;0;0;0;0;0;0;0;;2;40
"Tedizolid";"Staphylococcus aureus";0;0;0;4;2;11;539;4754;2450;15;4;5;2;1;0;0;0;0;0;;9;7787
"Tedizolid";"Staphylococcus aureus MRSA";0;0;0;2;0;7;264;2028;922;11;3;5;1;1;0;0;0;0;0;;9;3244
"Tedizolid";"Staphylococcus aureus MSSA";0;0;0;2;2;4;275;2726;1528;4;1;0;1;0;0;0;0;0;0;;9;4543
"Tedizolid";"Staphylococcus haemolyticus";0;0;0;0;0;0;27;122;5;1;0;0;0;0;0;0;0;0;0;;7;155
"Tedizolid";"Staphylococcus lugdunensis";0;0;0;0;0;0;68;74;3;0;0;0;0;0;0;0;0;0;0;;7;145
"Tedizolid";"Streptococcus agalactiae";0;0;0;1;0;3;238;459;7;0;0;0;0;0;0;0;0;0;0;;7;708
"Tedizolid";"Streptococcus anginosus";0;0;0;11;11;13;40;16;0;0;0;0;0;0;0;0;0;0;0;;4;91
"Tedizolid";"Streptococcus pyogenes";0;0;0;2;1;21;386;301;1;0;0;0;0;0;0;0;0;0;0;;7;712
"Tedizolid";"Streptococcus, viridans group";0;0;0;0;0;2;6;29;2;0;0;0;0;0;0;0;0;0;0;;3;39
"Teicoplanin";"Clostridium difficile";0;0;0;1;29;204;147;18;2;0;0;0;0;0;0;0;0;0;0;;1;401
"Teicoplanin";"Enterococcus faecalis";0;0;0;0;11;139;885;1114;2089;1460;157;13;7;9;5;23;3;1;189;2;16;6105
"Teicoplanin";"Enterococcus faecium";0;0;0;0;0;13;340;1737;2600;1207;142;15;23;82;34;153;8;2;193;2;28;6549
"Teicoplanin";"Enterococcus spp";0;0;0;0;0;0;0;24;17;27;0;0;0;0;0;0;0;0;0;;1;68
"Teicoplanin";"Staphylococcus aureus";0;0;0;0;4;11;116;6675;26961;18151;3736;763;118;24;1;1;0;0;0;2;19;56561
"Teicoplanin";"Staphylococcus aureus MRSA";0;0;0;0;1;0;3;31;224;239;61;6;0;1;0;0;0;0;0;2;5;566
"Teicoplanin";"Staphylococcus aureus MSSA";0;0;0;0;0;0;0;5;145;321;94;5;1;0;0;0;0;0;0;2;4;571
"Teicoplanin";"Staphylococcus capitis";0;0;0;0;0;0;37;50;44;21;7;5;4;1;0;0;0;0;0;;1;169
"Teicoplanin";"Staphylococcus coagulase negative";0;0;0;0;0;1;248;687;742;1141;1650;1574;963;290;7;3;0;0;0;;9;7306
"Teicoplanin";"Staphylococcus coagulase negative MRSE";0;0;0;0;0;0;1;29;30;49;81;204;118;13;2;1;0;0;0;;4;528
"Teicoplanin";"Staphylococcus cohnii";0;0;0;0;0;0;2;1;4;5;7;0;1;0;0;0;0;0;0;;1;20
"Teicoplanin";"Staphylococcus epidermidis";0;0;0;0;0;0;67;443;849;1796;2539;2005;729;148;1;1;0;0;0;;9;8578
"Teicoplanin";"Staphylococcus epidermidis MSSE";0;0;0;0;0;0;0;11;17;22;11;17;4;2;0;0;0;0;0;;2;84
"Teicoplanin";"Staphylococcus haemolyticus";0;0;0;0;0;0;11;33;64;231;358;300;178;63;2;1;0;0;0;;10;1241
"Teicoplanin";"Staphylococcus hominis";0;0;0;0;0;0;68;331;81;90;79;57;22;6;0;0;0;0;0;;2;734
"Teicoplanin";"Staphylococcus intermedius";0;0;0;0;0;0;17;0;2;5;4;0;2;0;0;0;0;0;0;;1;30
"Teicoplanin";"Staphylococcus lugdunensis";0;0;0;0;0;0;7;39;16;1;2;1;1;1;0;0;0;0;0;;1;68
"Teicoplanin";"Staphylococcus saprophyticus";0;0;0;0;0;0;6;12;30;74;68;14;5;4;0;0;0;0;0;;3;213
"Teicoplanin";"Staphylococcus simulans";0;0;0;0;0;0;8;20;17;10;12;10;5;3;0;0;0;0;0;;1;85
"Teicoplanin";"Staphylococcus warneri";0;0;0;0;0;0;5;33;31;25;27;24;19;6;0;0;0;0;0;;2;170
"Teicoplanin";"Staphylococcus xylosis";0;0;0;0;0;0;2;2;2;4;6;6;1;1;0;0;0;0;0;;1;24
"Teicoplanin";"Streptococcus agalactiae";0;0;0;0;22;55;136;184;45;0;0;0;0;0;0;0;0;0;0;;9;442
"Teicoplanin";"Streptococcus anginosus";0;0;0;0;0;16;25;26;0;0;0;0;0;0;0;0;0;0;0;;3;67
"Teicoplanin";"Streptococcus group C";0;0;0;0;0;3;8;0;0;0;0;0;0;0;0;0;0;0;0;;3;11
"Teicoplanin";"Streptococcus group G";0;0;0;0;0;19;135;48;1;0;0;0;0;0;0;0;0;0;0;;7;203
"Teicoplanin";"Streptococcus oralis";0;0;0;0;23;84;77;10;2;0;0;0;0;0;0;0;0;0;0;;4;196
"Teicoplanin";"Streptococcus pneumoniae";0;0;0;11;8104;12568;1351;43;4;0;0;0;0;0;0;0;0;0;0;0.25;11;22081
"Teicoplanin";"Streptococcus pyogenes";0;0;0;18;42;93;267;57;1;0;0;0;0;0;0;0;0;0;0;0.5;8;478
"Teicoplanin";"Streptococcus, viridans group";0;0;0;5;26;63;280;129;26;4;0;0;0;0;0;0;0;0;0;0.5;5;533
"Telavancin (w P80)";"Enterococcus faecalis";0;0;0;11;38;491;1171;35;1;4;7;23;0;0;0;0;0;0;0;;3;1781
"Telavancin (w P80)";"Enterococcus faecium";0;0;0;285;215;54;12;19;85;205;123;31;0;0;0;0;0;0;0;;3;1029
"Telavancin (w P80)";"Staphylococcus aureus";0;0;0;349;6996;6448;120;5;0;0;0;0;0;0;0;0;0;0;0;;4;13918
"Telavancin (w P80)";"Staphylococcus aureus MRSA";0;0;0;105;2638;2976;95;4;0;0;0;0;0;0;0;0;0;0;0;;4;5818
"Telavancin (w P80)";"Staphylococcus aureus MSSA";0;0;0;245;4358;3472;25;1;0;0;0;0;0;0;0;0;0;0;0;;4;8101
"Telavancin (w P80)";"Staphylococcus epidermidis";0;0;0;44;223;578;8;1;0;0;0;0;0;0;0;0;0;0;0;;3;854
"Telavancin (w P80)";"Staphylococcus epidermidis MRSE";0;0;0;20;159;438;5;1;0;0;0;0;0;0;0;0;0;0;0;;3;623
"Telavancin (w P80)";"Staphylococcus haemolyticus";0;0;0;9;47;111;6;0;0;0;0;0;0;0;0;0;0;0;0;;2;173
"Telavancin (w P80)";"Streptococcus agalactiae";0;0;0;64;355;303;59;1;0;0;0;0;0;0;0;0;0;0;0;;3;782
"Telavancin (w P80)";"Streptococcus anginosus";0;0;0;29;48;6;0;0;0;0;0;0;0;0;0;0;0;0;0;;2;83
"Telavancin (w P80)";"Streptococcus constellatus";0;0;0;60;34;0;0;0;0;0;0;0;0;0;0;0;0;0;0;;3;94
"Telavancin (w P80)";"Streptococcus dysgalactiae";0;0;0;39;48;20;3;0;0;0;0;0;0;0;0;0;0;0;0;;3;110
"Telavancin (w P80)";"Streptococcus group G";0;0;0;106;69;39;1;0;0;0;0;0;0;0;0;0;0;0;0;;2;215
"Telavancin (w P80)";"Streptococcus intermedius";0;0;0;11;7;3;0;0;0;0;0;0;0;0;0;0;0;0;0;;3;21
"Telavancin (w P80)";"Streptococcus mitis";0;0;0;53;64;18;1;0;0;0;0;0;0;0;0;0;0;0;0;;2;136
"Telavancin (w P80)";"Streptococcus oralis";0;0;0;27;46;4;0;0;0;0;0;0;0;0;0;0;0;0;0;;2;77
"Telavancin (w P80)";"Streptococcus pneumoniae";0;0;9;4119;67;4;0;0;0;0;0;0;0;0;0;0;0;0;0;;3;4199
"Telavancin (w P80)";"Streptococcus pyogenes";0;0;0;602;230;120;2;0;0;0;0;0;0;0;0;0;0;0;0;;3;954
"Telithromycin";"Bacteroides fragilis group";0;0;0;0;0;1;5;4;10;12;35;22;7;6;2;2;0;0;0;;2;106
"Telithromycin";"Campylobacter coli";0;0;0;6;0;18;302;1764;990;3290;3984;1148;316;932;0;0;0;0;0;;3;12750
"Telithromycin";"Campylobacter jejuni";0;0;0;19;14;26;309;3282;9251;6288;1977;217;73;137;0;0;0;0;0;4;20;21593
"Telithromycin";"Clostridium perfringens";0;0;0;0;2;7;1;0;0;0;0;0;0;0;0;0;0;0;0;;1;10
"Telithromycin";"Clostridium spp";0;3;0;3;2;0;11;0;0;0;0;1;0;0;0;0;0;0;0;;1;20
"Telithromycin";"Enterococcus faecalis";0;2;8;37;15;4;1;4;1;34;29;0;0;0;0;0;0;0;0;0.064;2;135
"Telithromycin";"Haemophilus influenzae";0;0;0;1;5;4;16;54;279;1846;2662;486;38;14;2;5;0;0;0;8;6;5412
"Telithromycin";"Moraxella catarrhalis";0;1;2;17;33;13;9;0;1;0;0;0;0;0;0;0;0;0;0;;2;76
"Telithromycin";"Neisseria gonorrhoeae";1;0;3;1;35;2;1;0;0;0;0;0;0;0;0;0;0;0;0;;1;43
"Telithromycin";"Peptostreptococcus spp";2;10;7;0;0;0;0;1;0;0;0;0;0;0;0;0;0;0;0;;1;20
"Telithromycin";"Staphylococcus aureus MRSA";0;0;0;0;0;3;6;8;25;3;0;0;0;0;0;0;0;5;0;;1;50
"Telithromycin";"Staphylococcus aureus MSSA";0;0;0;1;23;15;5;5;0;0;0;0;0;0;1;0;0;0;0;;1;50
"Telithromycin";"Staphylococcus epidermidis";0;0;0;0;7;8;6;4;1;0;0;0;0;0;0;0;0;4;0;;1;30
"Telithromycin";"Staphylococcus saprophyticus";0;0;0;3;4;17;4;2;0;0;0;0;0;0;0;0;0;0;0;;1;30
"Telithromycin";"Streptococcus agalactiae";0;1;32;16;9;2;4;2;4;0;0;0;0;0;0;0;0;0;0;;3;70
"Telithromycin";"Streptococcus milleri";0;0;3;21;6;0;0;0;0;0;0;0;0;0;0;0;0;0;0;;1;30
"Telithromycin";"Streptococcus pneumoniae";28;116;1110;3184;1466;482;250;210;181;64;30;6;5;1;1;0;0;0;0;0.064;11;7134
"Telithromycin";"Streptococcus pyogenes";7;6;112;1296;685;119;11;22;47;15;13;16;35;20;5;5;0;0;0;0.125;7;2414
"Telithromycin";"Streptococcus, viridans group";0;18;5;1;2;0;0;0;0;0;0;0;0;0;0;0;0;0;0;;1;26
"Temocillin";"Citrobacter freundii";0;0;0;0;0;0;0;0;0;9;65;35;41;4;1;1;0;0;0;;6;156
"Temocillin";"Citrobacter spp";0;0;0;0;0;0;0;0;2;4;12;24;34;10;4;0;0;0;0;;7;90
"Temocillin";"Enterobacter cloacae";0;0;0;0;0;0;0;0;2;11;127;88;67;80;27;6;2;1;0;;12;411
"Temocillin";"Enterobacter spp";0;0;0;0;0;0;2;1;6;75;163;308;370;374;203;70;65;10;0;;25;1647
"Temocillin";"Escherichia coli";0;0;0;0;0;0;2;1;18;165;534;1411;1537;725;308;118;128;12;31;;38;4990
"Temocillin";"Escherichia coli ATCC 25922";0;0;0;0;0;0;0;0;0;0;0;17;92;85;15;1;0;0;0;;1;210
"Temocillin";"Escherichia coli ATCC 35218";0;0;0;0;0;0;0;0;0;0;45;131;33;1;0;0;0;0;0;;1;210
"Temocillin";"Haemophilus influenzae";0;0;0;0;0;0;0;26;67;7;0;0;0;0;0;0;0;0;0;;3;100
"Temocillin";"Haemophilus influenzae";0;0;0;0;0;0;0;26;67;7;0;0;0;0;0;0;0;0;0;;3;100
"Temocillin";"Klebsiella aerogenes";0;0;0;0;0;0;0;0;0;1;11;40;81;93;48;3;1;0;0;;8;278
"Temocillin";"Klebsiella oxytoca";0;0;0;0;0;0;0;0;0;7;14;26;9;2;0;0;0;0;0;;3;58
"Temocillin";"Klebsiella pneumoniae";0;0;0;0;0;0;4;4;4;66;189;83;34;18;16;5;5;0;1;;8;429
"Temocillin";"Klebsiella spp";0;0;0;0;0;0;0;0;10;93;249;387;735;589;416;159;274;1;0;;19;2913
"Temocillin";"Moraxella catarrhalis";0;0;0;0;6;10;4;0;0;0;0;0;0;0;0;0;0;0;0;;3;20
"Temocillin";"Morganella morganii";0;0;0;0;0;0;0;2;8;44;80;66;17;4;3;0;1;1;0;;10;226
"Temocillin";"Neisseria gonorrhoeae";0;0;6;24;28;34;62;72;96;238;296;52;2;0;0;0;0;0;0;;6;910
"Temocillin";"Proteus mirabilis";0;0;0;0;0;0;0;2;14;123;150;20;4;2;0;0;3;0;0;;8;318
"Temocillin";"Proteus spp";0;0;0;0;0;0;1;1;1;12;28;4;4;2;1;1;0;0;0;;4;55
"Temocillin";"Proteus vulgaris";0;0;0;0;0;0;0;0;9;79;28;4;0;0;0;0;0;0;0;;5;120
"Temocillin";"Providencia spp";0;0;0;0;0;0;0;0;3;21;32;11;0;3;0;0;0;0;0;;4;70
"Temocillin";"Salmonella spp";0;0;0;0;0;0;0;0;1;0;22;171;108;36;23;7;4;4;15;;5;391
"Temocillin";"Serratia marcescens";0;0;0;0;0;0;0;0;0;0;2;16;131;228;77;32;13;11;0;;10;510
"Temocillin";"Serratia spp";0;0;0;0;0;0;0;0;3;1;9;30;45;42;10;7;4;2;1;;5;154
"Temocillin";"Shigella spp";0;0;0;0;0;0;0;0;0;0;2;31;1;0;0;0;0;0;0;;1;34
"Temocillin";"Yersinia enterocolitica";0;0;0;0;0;0;0;0;0;2;5;8;0;0;0;0;0;0;0;;1;15
"Tetracycline";"Acinetobacter baumannii";0;0;0;0;1;1;0;9;8;8;14;18;22;9;47;4;69;0;0;;2;210
"Tetracycline";"Acinetobacter spp";0;0;0;0;0;0;1;11;19;37;85;65;18;6;5;1;2;25;0;8;7;275
"Tetracycline";"Actinobacillus pleuropneumoniae";0;0;0;0;0;0;3;46;124;108;5;2;9;14;5;0;0;0;0;;4;316
"Tetracycline";"Actinomyces israelii";0;0;0;0;0;0;6;32;31;16;12;1;0;0;0;0;0;0;0;;1;98
"Tetracycline";"Actinomyces spp";0;0;0;0;0;0;6;68;84;67;62;4;2;5;4;3;0;0;0;;1;305
"Tetracycline";"Arcanobacterium pyogenes";0;0;0;0;0;0;6;22;1;0;0;2;8;12;21;6;0;0;0;;2;78
"Tetracycline";"Bifidobacterium longum";0;0;0;0;0;0;3;13;34;12;1;0;0;7;8;1;0;0;0;;1;79
"Tetracycline";"Bifidobacterium pseudolongum";0;0;0;0;0;0;0;0;2;30;20;3;2;0;3;18;4;0;0;;1;82
"Tetracycline";"Bifidobacterium spp";0;0;0;0;3;4;10;36;92;60;28;10;7;9;19;45;25;13;3;;2;364
"Tetracycline";"Bifidobacterium thermophilum";0;0;0;0;0;0;0;0;2;15;7;2;0;0;1;23;17;13;0;;1;80
"Tetracycline";"Bordetella bronchiseptica";0;0;0;0;0;0;48;244;113;22;13;3;0;0;0;4;0;0;0;;4;447
"Tetracycline";"Campylobacter coli";0;0;0;0;0;54;941;3342;1774;853;266;125;170;315;518;1359;6315;113;1;2;30;16146
"Tetracycline";"Campylobacter jejuni";0;0;0;0;0;1061;4687;3542;1251;552;127;68;328;407;1492;3782;4981;57;31;1;33;22366
"Tetracycline";"Citrobacter braakii";0;0;0;0;0;0;0;0;8;1;1;0;1;0;1;0;0;0;0;;1;12
"Tetracycline";"Citrobacter freundii";0;0;0;0;0;0;0;2;10;6;2;0;0;0;4;0;0;0;0;;1;24
"Tetracycline";"Citrobacter koseri";0;0;0;0;0;0;0;0;3;8;3;0;0;1;1;0;0;0;0;;1;16
"Tetracycline";"Citrobacter spp";0;0;0;0;0;0;0;0;10;93;155;22;30;2;0;2;20;7;0;8;7;341
"Tetracycline";"Clostridium difficile";0;0;4;2;400;409;77;12;6;9;16;46;38;15;24;13;2;25;0;0.25;4;1098
"Tetracycline";"Corynebacterium amycolatum";0;0;0;0;0;0;0;5;6;0;1;0;0;0;0;0;0;0;0;;1;12
"Tetracycline";"Corynebacterium jeikeium";0;0;0;0;0;0;0;0;6;5;0;1;0;0;0;0;0;0;0;;1;12
"Tetracycline";"Corynebacterium pseudodiphtheriticum";0;0;1;0;0;0;1;4;5;0;0;0;0;0;0;0;0;0;0;;1;11
"Tetracycline";"Corynebacterium spp";0;0;1;0;0;0;1;12;22;9;3;4;5;0;2;0;0;0;0;;5;59
"Tetracycline";"Corynebacterium striatum";0;0;0;0;0;0;0;2;2;0;0;1;5;0;2;0;0;0;0;;1;12
"Tetracycline";"Corynebacterium urealyticum";0;0;0;0;0;0;0;1;3;4;2;2;0;0;0;0;0;0;0;;1;12
"Tetracycline";"Enterobacter agglomerans";0;0;0;0;0;0;0;0;56;107;13;5;1;0;0;0;0;0;0;;1;182
"Tetracycline";"Enterobacter cloacae";0;0;0;0;0;0;0;0;5;107;397;377;81;26;46;12;9;39;0;16;7;1099
"Tetracycline";"Enterobacter dissolvens";0;0;0;0;0;0;0;0;0;3;39;33;4;2;0;0;0;0;0;;1;81
"Tetracycline";"Enterobacter spp";0;0;0;0;0;0;0;0;3;60;62;69;15;2;0;0;4;1;0;;2;216
"Tetracycline";"Enterococcus faecalis";0;0;0;0;0;0;2;20;195;173;58;8;7;76;184;570;206;21;0;4;16;1520
"Tetracycline";"Enterococcus faecium";0;0;0;0;0;0;0;103;335;475;101;18;17;45;95;197;155;108;0;4;13;1649
"Tetracycline";"Enterococcus hirae";0;0;0;0;0;0;0;1;125;263;125;5;0;2;10;34;3;0;0;4;8;568
"Tetracycline";"Escherichia coli";0;0;0;0;0;0;2;20;321;3471;7559;1041;103;660;1245;561;1382;905;6;8;66;17276
"Tetracycline";"Haemophilus influenzae";0;0;0;0;0;23;456;3712;29839;4656;345;198;371;286;67;3;1;1;0;1;23;39958
"Tetracycline";"Haemophilus parainfluenzae";0;0;0;0;0;0;38;100;200;41;3;9;14;9;2;0;0;0;0;2;1;416
"Tetracycline";"Hafnia alvei";0;0;0;0;0;0;0;0;0;2;5;28;20;1;0;0;0;0;0;;1;56
"Tetracycline";"Helicobacter pylori";1;0;0;533;1583;2603;1804;387;136;53;13;7;3;7;11;79;0;0;0;0.25;5;7220
"Tetracycline";"Kingella kingae";0;0;0;0;0;0;95;87;7;0;0;2;11;0;0;0;0;0;0;;1;202
"Tetracycline";"Klebsiella aerogenes";0;0;0;0;0;0;0;0;1;27;72;34;11;3;5;0;0;4;0;16;6;157
"Tetracycline";"Klebsiella oxytoca";0;0;0;0;0;0;0;13;86;230;64;18;11;1;17;0;6;6;0;8;7;452
"Tetracycline";"Klebsiella pneumoniae";0;0;0;0;0;0;1;6;50;387;588;167;65;42;99;2;25;112;0;8;8;1544
"Tetracycline";"Klebsiella spp";0;0;0;0;0;0;0;0;27;126;57;16;3;6;1;0;12;2;0;;2;250
"Tetracycline";"Kluyvera spp";0;0;0;0;0;0;0;0;1;17;14;7;0;1;0;0;2;0;0;;1;42
"Tetracycline";"Lactobacillus acidophilus";0;0;0;0;0;0;0;1;4;2;3;0;0;0;0;0;0;0;1;;1;11
"Tetracycline";"Lactobacillus amylovorus";0;0;0;0;0;0;0;0;3;7;0;0;2;0;0;1;3;0;15;;1;31
"Tetracycline";"Lactobacillus crispatus";0;0;0;0;0;0;0;1;2;3;0;0;0;0;0;0;0;0;1;;1;7
"Tetracycline";"Lactobacillus delbrueckii";0;0;0;0;0;0;8;5;10;16;4;0;1;0;0;0;0;0;0;;1;44
"Tetracycline";"Lactobacillus fermentum";0;0;0;0;0;0;0;0;1;0;38;17;0;0;0;0;0;0;0;;1;56
"Tetracycline";"Lactobacillus gallinarum";0;0;0;0;0;0;0;0;1;0;0;0;0;0;0;0;4;0;3;;1;8
"Tetracycline";"Lactobacillus gasseri";0;0;0;0;0;0;0;1;1;10;21;3;0;0;0;0;0;0;0;;1;36
"Tetracycline";"Lactobacillus helveticus";0;0;0;0;0;0;6;12;7;2;0;0;0;0;0;0;0;0;0;;1;27
"Tetracycline";"Lactobacillus johnsonii";0;0;0;0;0;0;0;2;2;4;1;2;1;0;1;1;1;2;9;;1;26
"Tetracycline";"Lactobacillus lactis";0;0;0;0;0;1;48;23;5;1;0;0;0;0;0;3;2;6;0;;1;89
"Tetracycline";"Lactobacillus paracasei";0;0;0;0;0;0;0;15;88;20;1;0;2;0;2;3;1;0;0;;2;132
"Tetracycline";"Lactobacillus plantarum";0;0;0;0;0;0;0;0;0;0;1;13;44;105;32;0;4;3;0;;2;202
"Tetracycline";"Lactobacillus reuteri";0;0;0;0;0;0;0;0;0;0;0;1;7;19;26;1;5;31;22;;2;112
"Tetracycline";"Lactobacillus rhamnosus";0;0;0;0;0;0;0;0;45;75;85;5;3;1;3;5;2;1;0;;3;225
"Tetracycline";"Lactobacillus sakei";0;0;0;0;0;0;0;0;0;0;4;27;29;16;3;1;0;3;0;;1;83
"Tetracycline";"Lactococcus lactis";0;0;0;0;0;1;48;23;5;1;0;0;0;0;0;3;2;6;0;;1;89
"Tetracycline";"Listeria monocytogenes";0;0;0;0;0;2;6;20;76;12;0;0;0;0;0;0;0;0;0;1;2;116
"Tetracycline";"Mannheimia haemolytica";0;0;0;0;0;0;0;13;82;111;17;2;3;103;126;23;4;0;0;2;7;484
"Tetracycline";"Moraxella catarrhalis";0;0;0;0;0;2;172;3888;3357;807;256;114;36;20;26;1;1;0;0;2;14;8680
"Tetracycline";"Morganella morganii";0;0;0;0;0;0;0;0;6;40;31;18;5;4;23;15;25;3;0;8;6;170
"Tetracycline";"Neisseria gonorrhoeae";0;0;0;38;39;112;382;497;932;1172;1314;366;116;370;298;93;37;6;3;;12;5775
"Tetracycline";"Neisseria meningitidis";0;0;0;0;0;0;0;1;27;28;0;0;0;0;0;0;0;0;0;;1;56
"Tetracycline";"Pasteurella multocida";0;0;0;0;0;3;37;413;860;264;150;31;51;76;67;26;2;0;1;2;20;1981
"Tetracycline";"Propionibacterium acnes";0;0;0;0;5;0;7;25;164;93;5;1;3;0;1;0;0;0;0;;1;304
"Tetracycline";"Proteus mirabilis";0;0;0;0;0;0;0;0;1;7;4;2;5;81;715;172;28;1;0;128;6;1016
"Tetracycline";"Proteus spp";0;0;0;0;0;0;0;0;0;3;13;3;2;8;4;2;0;15;0;;1;50
"Tetracycline";"Proteus vulgaris";0;0;0;0;0;0;0;0;1;1;2;7;0;3;4;0;0;0;0;;1;18
"Tetracycline";"Raoultella spp";0;0;0;0;0;0;0;0;3;29;9;3;1;0;0;1;3;0;0;;2;49
"Tetracycline";"Raoultella spp";0;0;0;0;0;0;0;0;1;8;1;1;1;0;9;0;0;0;0;;2;21
"Tetracycline";"Salmonella spp";0;0;0;0;0;0;0;1;127;1001;5466;814;38;32;338;609;296;0;0;8;9;8722
"Tetracycline";"Serratia liquefaciens";0;0;0;0;0;0;0;0;0;5;11;34;26;4;5;1;0;0;0;;2;86
"Tetracycline";"Serratia marcescens";0;0;0;0;0;0;0;0;1;1;4;25;12;12;20;0;0;0;0;;1;75
"Tetracycline";"Serratia spp";0;0;0;0;0;0;0;0;0;0;2;8;82;13;6;13;13;3;0;32;2;140
"Tetracycline";"Staphylococcus aureus";0;0;0;0;0;0;71;705;1013;96;6;1;5;13;178;240;224;113;1;1;21;2666
"Tetracycline";"Staphylococcus aureus MRSA";0;0;0;0;0;0;0;3;345;52;2;0;0;0;4;4;1;0;0;1;5;411
"Tetracycline";"Staphylococcus aureus MSSA";0;0;0;0;0;0;1;9;515;26;2;1;1;1;7;10;3;3;0;1;5;579
"Tetracycline";"Staphylococcus coagulase negative";0;0;0;0;0;0;32;130;171;15;78;23;5;7;40;5;13;16;0;1;7;535
"Tetracycline";"Staphylococcus coagulase negative MRSE";0;0;0;0;0;0;0;23;129;21;178;63;21;4;8;26;23;32;0;1;4;528
"Tetracycline";"Staphylococcus epidermidis";0;0;0;0;0;0;1;52;98;26;126;33;1;3;9;10;9;8;0;1;3;376
"Tetracycline";"Staphylococcus epidermidis MSSE";0;0;0;0;0;0;0;16;33;1;20;3;0;1;1;5;4;0;0;1;2;84
"Tetracycline";"Staphylococcus haemolyticus";0;0;0;0;0;0;1;7;2;16;13;5;7;1;0;4;3;7;0;;3;66
"Tetracycline";"Staphylococcus pseudintermedius";0;0;0;0;0;0;30;100;3;0;0;0;2;0;5;90;9;0;2;;1;241
"Tetracycline";"Staphylococcus saprophyticus";0;0;0;0;0;0;0;2;14;2;0;0;0;0;0;0;0;0;0;;1;18
"Tetracycline";"Stenotrophomonas maltophilia";0;0;0;0;0;0;0;0;1;2;1;15;63;79;31;1;0;0;0;;6;193
"Tetracycline";"Streptococcus agalactiae";0;0;0;0;0;0;8;26;39;13;0;1;2;23;106;167;33;0;0;1;8;418
"Tetracycline";"Streptococcus anginosus";0;0;0;0;0;0;0;20;31;5;9;6;6;2;3;1;1;1;0;;4;85
"Tetracycline";"Streptococcus dysgalactiae";0;0;0;0;0;0;0;0;1;1;2;51;49;3;1;36;15;0;1;;2;160
"Tetracycline";"Streptococcus group G";0;0;0;0;0;0;0;3;61;33;10;6;18;8;9;29;11;0;0;2;4;188
"Tetracycline";"Streptococcus oralis";0;0;0;0;0;0;7;43;76;15;3;2;0;8;16;22;4;0;0;2;4;196
"Tetracycline";"Streptococcus pneumoniae";0;0;0;1;4;173;2934;6909;1878;120;65;75;97;306;939;392;14;6;0;1;21;13913
"Tetracycline";"Streptococcus pyogenes";0;0;0;0;12;200;1018;498;264;50;6;11;17;94;179;91;6;0;0;1;11;2446
"Tetracycline";"Streptococcus suis";0;0;0;0;0;0;12;52;154;150;57;37;113;331;784;141;23;0;3;;7;1857
"Tetracycline";"Streptococcus thermophilus";0;0;0;0;0;0;24;46;27;17;0;0;0;7;7;0;0;0;0;;2;128
"Tetracycline";"Streptococcus uberis";0;0;0;0;0;0;6;32;115;7;4;2;1;3;9;42;77;4;2;;2;304
"Tetracycline";"Streptococcus, viridans group";0;0;0;0;0;1;12;98;164;63;23;17;18;25;71;60;20;4;0;2;4;576
"Tetracycline";"Yersinia enterocolitica";0;0;0;0;0;0;0;0;2;171;267;20;1;0;0;0;0;1;4;4;5;466
"Tetracycline";"Yersinia spp";0;0;0;0;0;0;0;0;0;11;37;4;0;0;0;0;1;0;0;;1;53
"Thiamphenicol";"Pasteurella multocida";0;0;0;0;0;0;0;3;24;101;0;0;0;0;0;6;3;3;0;;1;140
"Tiamulin";"Staphylococcus aureus";0;0;0;0;0;0;0;2;54;57;3;0;2;1;0;5;0;0;0;2;4;124
"Ticarcillin";"Acinetobacter baumannii";0;0;0;0;0;0;0;0;0;7;31;76;270;569;422;202;108;1369;0;;1;3054
"Ticarcillin";"Acinetobacter lwoffii";0;0;0;0;0;0;0;0;0;30;39;55;44;78;30;19;4;48;0;;1;347
"Ticarcillin";"Acinetobacter spp";0;0;0;0;0;0;0;0;0;47;102;180;387;820;556;275;144;1660;0;;1;4171
"Ticarcillin";"Bacteroides fragilis";0;0;0;0;0;0;1;4;0;5;6;6;29;138;139;43;43;25;63;;1;502
"Ticarcillin";"Bacteroides fragilis group";0;0;0;0;0;0;8;8;4;8;11;19;64;308;313;170;139;77;146;;1;1275
"Ticarcillin";"Bacteroides thetaiotaomicron";0;0;0;0;0;0;0;1;1;1;0;0;3;14;40;33;20;8;21;;1;142
"Ticarcillin";"Citrobacter freundii";0;0;0;0;0;0;0;0;0;77;203;96;32;167;13;36;89;258;0;;1;971
"Ticarcillin";"Citrobacter koseri";0;0;0;0;0;0;0;0;0;0;1;4;0;4;14;262;183;56;0;;1;524
"Ticarcillin";"Enterobacter cloacae";0;0;0;0;0;0;0;0;0;183;905;1036;277;1115;120;189;430;1503;0;;1;5758
"Ticarcillin";"Escherichia coli";0;0;0;0;0;0;0;0;0;988;3771;4618;1328;5328;232;154;192;15414;0;16;1;32025
"Ticarcillin";"Klebsiella aerogenes";0;0;0;0;0;0;0;0;0;70;381;261;76;283;59;163;157;335;0;;1;1785
"Ticarcillin";"Klebsiella oxytoca";0;0;0;0;0;0;0;0;0;1;10;14;11;64;238;521;659;817;0;;1;2335
"Ticarcillin";"Klebsiella pneumoniae";0;0;0;0;0;0;0;0;0;21;55;72;38;216;675;1493;3413;6033;0;;1;12016
"Ticarcillin";"Pseudomonas aeruginosa";0;0;0;0;0;0;1;1;2;247;71;119;386;3761;5303;1917;2106;2806;30;;3;16750
"Ticarcillin";"Pseudomonas fluorescens group";0;0;0;0;0;0;0;0;0;4;1;4;3;17;8;11;26;67;0;;1;141
"Ticarcillin";"Salmonella enteritidis";0;0;0;0;0;0;0;0;0;4;88;112;9;279;2;1;2;58;0;;1;555
"Ticarcillin";"Salmonella paratyphi";0;0;0;0;0;0;0;0;0;0;6;5;9;44;1;0;0;4;0;;1;69
"Ticarcillin";"Salmonella spp";0;0;0;0;0;0;0;0;0;98;275;270;35;638;7;4;5;316;0;;1;1648
"Ticarcillin";"Salmonella typhi";0;0;0;0;0;0;0;0;0;82;69;20;5;101;0;0;0;46;0;;1;323
"Ticarcillin";"Salmonella typhimurium";0;0;0;0;0;0;0;0;0;6;16;19;0;34;0;1;0;112;0;;1;188
"Ticarcillin";"Serratia marcescens";0;0;0;0;0;0;0;0;0;22;227;998;355;706;149;76;52;595;0;;1;3180
"Ticarcillin";"Shigella flexneri";0;0;0;0;0;0;0;0;0;7;17;5;2;18;0;1;40;229;0;;1;319
"Ticarcillin";"Shigella sonnei";0;0;0;0;0;0;0;0;0;4;84;35;5;68;0;3;0;227;0;;1;426
"Ticarcillin";"Stenotrophomonas maltophilia";0;0;0;0;0;0;0;0;0;43;63;86;113;186;401;678;947;1435;2;;3;3954
"Ticarcillin-clavulanic acid";"Acinetobacter baumannii";0;0;0;0;0;0;0;0;0;194;157;315;670;878;659;478;355;2319;0;;2;6025
"Ticarcillin-clavulanic acid";"Bacteroides fragilis";0;0;0;0;0;36;197;145;91;45;33;30;19;14;5;3;5;8;8;;1;639
"Ticarcillin-clavulanic acid";"Bacteroides fragilis group";0;0;0;0;0;49;275;216;190;116;106;105;59;56;12;7;13;11;11;;1;1226
"Ticarcillin-clavulanic acid";"Bacteroides thetaiotaomicron";0;0;0;0;0;0;11;17;38;21;29;33;8;12;2;0;1;0;0;;1;172
"Ticarcillin-clavulanic acid";"Citrobacter koseri";0;0;0;0;0;0;0;0;0;105;504;176;49;143;20;9;6;7;0;;2;1019
"Ticarcillin-clavulanic acid";"Enterobacter cloacae";0;0;0;0;0;0;0;0;0;631;2096;1860;617;1444;459;655;1077;2011;0;;3;10850
"Ticarcillin-clavulanic acid";"Escherichia coli";0;0;0;0;0;0;0;0;1;4476;10103;8719;5597;15019;3600;4607;2706;1991;0;16;3;56819
"Ticarcillin-clavulanic acid";"Klebsiella aerogenes";0;0;0;0;0;0;0;0;0;279;873;519;138;331;160;354;489;298;0;;2;3441
"Ticarcillin-clavulanic acid";"Klebsiella oxytoca";0;0;0;0;0;0;0;0;0;495;1263;902;239;700;117;154;141;321;0;;3;4332
"Ticarcillin-clavulanic acid";"Klebsiella pneumoniae";0;0;0;0;0;0;0;0;0;1061;5158;5453;1887;3391;899;1024;1303;1675;0;;3;21851
"Ticarcillin-clavulanic acid";"Peptostreptococcus spp";0;0;0;0;0;16;60;7;13;28;3;3;3;4;1;0;0;0;0;;1;138
"Ticarcillin-clavulanic acid";"Prevotella spp";0;0;0;0;0;9;105;21;15;5;20;5;3;5;0;0;0;0;0;;1;188
"Ticarcillin-clavulanic acid";"Pseudomonas aeruginosa";0;0;0;0;0;0;1;1;2;545;138;260;955;5251;10981;4742;4496;5206;12;16;4;32590
"Ticarcillin-clavulanic acid";"Pseudomonas fluorescens group";0;0;0;0;0;0;0;0;0;3;1;4;4;12;16;11;21;69;0;16;1;141
"Ticarcillin-clavulanic acid";"Salmonella enteritidis";0;0;0;0;0;0;0;0;0;11;149;46;10;308;11;10;3;7;0;;1;555
"Ticarcillin-clavulanic acid";"Salmonella group B";0;0;0;0;0;0;0;0;0;4;60;20;2;50;8;5;11;25;0;;1;185
"Ticarcillin-clavulanic acid";"Salmonella group C";0;0;0;0;0;0;0;0;0;3;28;6;2;17;3;1;4;0;0;;1;64
"Ticarcillin-clavulanic acid";"Salmonella group D";0;0;0;0;0;0;0;0;0;6;61;34;5;125;13;4;5;11;0;;1;264
"Ticarcillin-clavulanic acid";"Salmonella paratyphi";0;0;0;0;0;0;0;0;0;1;6;3;13;43;1;2;0;0;0;;1;69
"Ticarcillin-clavulanic acid";"Salmonella spp";0;0;0;0;0;0;0;0;0;37;177;58;15;12;10;16;17;28;0;;1;370
"Ticarcillin-clavulanic acid";"Salmonella typhimurium";0;0;0;0;0;0;0;0;0;8;23;10;2;42;10;9;16;68;0;;1;188
"Ticarcillin-clavulanic acid";"Serratia marcescens";0;0;0;0;0;0;0;0;0;107;522;1884;998;1083;347;332;296;523;0;;3;6092
"Ticarcillin-clavulanic acid";"Shigella flexneri";0;0;0;0;0;0;0;0;0;34;26;4;24;163;164;36;5;3;0;;2;459
"Ticarcillin-clavulanic acid";"Shigella sonnei";0;0;0;0;0;0;0;0;0;70;160;26;48;277;99;20;3;0;0;;2;703
"Ticarcillin-clavulanic acid";"Stenotrophomonas maltophilia";0;0;0;0;0;0;0;0;0;245;208;358;500;883;753;436;345;292;0;;3;4020
"Tigecycline";"Acinetobacter baumannii";0;0;52;24;68;678;1816;1953;2392;2654;1190;363;63;4;0;0;0;0;0;;6;11257
"Tigecycline";"Acinetobacter junii";0;0;2;2;9;28;69;37;7;3;0;0;0;0;0;0;0;0;0;;6;157
"Tigecycline";"Acinetobacter lwoffii";0;0;12;29;146;316;417;261;133;54;21;10;2;0;0;0;0;0;0;;11;1401
"Tigecycline";"Bacteroides fragilis";0;0;0;0;0;7;21;98;201;290;259;57;49;41;7;0;1;0;0;;5;1031
"Tigecycline";"Citrobacter farmeri";0;0;0;0;0;0;2;1;1;0;0;0;0;0;0;0;0;0;0;;1;4
"Tigecycline";"Citrobacter freundii";0;0;0;0;9;55;927;1591;455;149;64;13;2;1;0;0;0;0;0;1;22;3266
"Tigecycline";"Citrobacter koseri";0;0;0;1;5;133;1399;609;131;18;5;0;1;0;0;0;0;0;0;0.5;15;2302
"Tigecycline";"Clostridium difficile";0;0;79;77;246;439;1294;760;12;2;1;0;0;0;0;0;0;0;0;;8;2910
"Tigecycline";"Eikenella corrodens";0;0;0;0;0;0;0;1;0;0;0;0;0;0;0;0;0;0;0;;1;1
"Tigecycline";"Enterobacter amnigenus";0;0;0;0;0;0;1;5;1;0;0;0;0;0;0;0;0;0;0;;1;7
"Tigecycline";"Enterobacter asburiae";0;0;0;1;0;3;20;239;403;89;30;5;0;0;0;0;0;0;0;;12;790
"Tigecycline";"Enterobacter cloacae";0;0;14;14;22;91;930;7660;15553;4880;2097;1087;326;23;0;0;0;0;0;2;33;32697
"Tigecycline";"Enterococcus faecalis";0;0;0;3;112;503;299;146;7;0;0;0;0;0;0;0;0;0;0;0.5;11;1070
"Tigecycline";"Enterococcus faecium";0;0;0;25;737;2384;2267;700;4;3;0;0;0;0;0;0;0;0;0;0.25;12;6120
"Tigecycline";"Escherichia coli";0;0;95;87;420;12978;27803;16938;5175;1407;415;20;3;8;0;0;0;0;0;0.5;34;65349
"Tigecycline";"Eubacterium lentum";0;0;0;0;0;3;8;1;1;1;0;0;0;0;0;0;0;0;0;;1;14
"Tigecycline";"Haemophilus influenzae";0;0;0;0;1;9;107;634;290;66;3;0;0;0;0;0;0;0;0;1;6;1110
"Tigecycline";"Hafnia alvei";0;0;0;0;0;1;19;12;2;0;0;0;0;0;0;0;0;0;0;;1;34
"Tigecycline";"Klebsiella aerogenes";0;0;2;5;7;46;772;4195;3947;1119;522;281;53;3;0;0;0;0;0;1;27;10952
"Tigecycline";"Klebsiella oxytoca";0;0;12;4;9;57;1595;5181;2217;810;353;96;12;1;0;0;0;0;0;1;26;10347
"Tigecycline";"Klebsiella pneumoniae";0;0;35;21;30;184;2413;13273;16337;7049;3184;1442;229;17;0;0;0;0;4;2;36;44218
"Tigecycline";"Listeria monocytogenes";0;0;0;0;8;11;1;0;0;0;0;0;0;0;0;0;0;0;0;;1;20
"Tigecycline";"Moraxella catarrhalis";0;0;0;1;127;741;622;53;0;0;0;0;0;0;0;0;0;0;0;0.25;8;1544
"Tigecycline";"Morganella morganii";0;0;0;0;0;3;67;425;734;385;131;69;6;0;0;0;0;0;6;;13;1826
"Tigecycline";"Pantoea agglomerans";0;0;0;1;2;36;42;59;85;25;18;6;4;2;0;0;0;0;0;;7;280
"Tigecycline";"Proteus mirabilis";0;0;0;0;0;0;16;180;417;1237;1586;892;171;3;0;0;0;0;9;8;18;4511
"Tigecycline";"Proteus penneri";0;0;0;0;0;0;0;1;7;2;0;0;0;0;0;0;0;0;0;;1;10
"Tigecycline";"Proteus vulgaris";0;0;0;0;0;0;9;88;305;399;122;10;2;0;0;0;0;0;0;4;12;935
"Tigecycline";"Providencia rettgeri";0;0;0;0;0;1;1;13;70;142;66;62;5;2;0;0;0;0;1;4;5;363
"Tigecycline";"Providencia stuartii";0;0;0;0;2;1;4;46;154;275;199;89;11;0;0;0;0;0;1;8;11;782
"Tigecycline";"Pseudomonas aeruginosa";0;0;0;0;0;0;0;1;5;7;13;47;136;312;124;29;5;3;0;64;7;682
"Tigecycline";"Serratia liquefaciens";0;0;0;1;0;8;120;236;105;61;22;6;1;0;0;0;0;0;0;1;14;560
"Tigecycline";"Serratia marcescens";0;0;22;11;9;14;123;856;5500;8148;2662;523;93;8;0;0;0;0;3;2;23;17972
"Tigecycline";"Shigella sonnei";0;0;0;0;0;0;8;26;34;3;0;0;0;0;0;0;0;0;0;;1;71
"Tigecycline";"Staphylococcus aureus";0;0;0;0;5;1132;2303;988;42;7;7;0;0;0;0;0;0;0;0;0.5;15;4484
"Tigecycline";"Staphylococcus aureus MRSA";0;0;0;0;0;268;1164;916;67;5;6;0;0;0;0;0;0;0;0;;4;2426
"Tigecycline";"Staphylococcus aureus MSSA";0;0;0;0;0;1;172;261;8;1;2;0;0;0;0;0;0;0;0;;3;445
"Tigecycline";"Staphylococcus epidermidis";0;0;0;0;4;58;196;111;133;6;1;0;0;0;0;0;0;0;0;;11;509
"Tigecycline";"Staphylococcus epidermidis MSSE";0;0;0;0;1;2;13;19;10;0;0;0;0;0;0;0;0;0;0;;1;45
"Tigecycline";"Staphylococcus haemolyticus";0;0;0;1;0;6;35;51;53;8;3;0;0;0;0;0;0;0;0;;6;157
"Tigecycline";"Stenotrophomonas maltophilia";0;0;0;0;0;3;25;77;73;59;28;10;2;1;0;0;0;0;0;;7;278
"Tigecycline";"Streptococcus pneumoniae";0;2;31;76;484;1674;195;14;1;0;0;0;0;0;0;0;0;0;0;0.125;9;2477
"Tigecycline";"Streptococcus pyogenes";0;0;0;28;28;179;60;3;1;0;0;0;0;0;0;0;0;0;0;0.125;5;299
"Tilmicosin";"Mannheimia haemolytica";0;0;0;0;0;0;0;0;21;46;24;13;6;1;1;0;0;0;0;;3;112
"Tilmicosin";"Pasteurella multocida";0;0;0;0;0;0;4;22;28;53;135;120;77;25;24;17;15;9;4;;6;533
"Tobramycin";"Acinetobacter anitratus";0;0;0;0;0;0;0;5;44;56;35;13;11;15;0;0;0;0;0;4;1;179
"Tobramycin";"Acinetobacter baumannii";0;0;0;1;1;5;21;195;923;1046;522;250;220;270;53;63;26;66;13;4;15;3675
"Tobramycin";"Acinetobacter calcoaceticus";0;0;0;0;0;0;0;8;45;58;29;15;18;17;2;1;0;0;0;4;2;193
"Tobramycin";"Acinetobacter lwoffii";0;0;0;0;0;0;60;93;87;44;18;13;12;19;1;2;2;4;0;2;2;355
"Tobramycin";"Acinetobacter spp";0;0;0;0;1;7;11;152;172;136;42;18;16;9;7;7;0;3;26;4;3;607
"Tobramycin";"Aeromonas hydrophila";0;0;0;0;0;0;0;0;2;2;0;0;0;0;1;0;0;0;0;;1;5
"Tobramycin";"Burkholderia cepacia";0;0;0;0;0;0;1;0;1;0;6;2;2;11;4;4;6;3;0;;2;40
"Tobramycin";"Citrobacter freundii";0;0;0;0;0;1;11;103;851;633;184;53;66;81;25;8;1;0;36;2;5;2053
"Tobramycin";"Citrobacter koseri";0;0;0;0;0;2;4;160;250;97;22;2;1;3;2;0;0;0;0;2;2;543
"Tobramycin";"Citrobacter spp";0;0;0;0;0;0;0;23;161;189;68;9;6;5;3;3;1;1;45;2;2;514
"Tobramycin";"Enterobacter cloacae";0;0;0;0;0;9;38;526;4160;2344;394;86;115;235;48;20;1;0;63;2;5;8039
"Tobramycin";"Enterobacter sakazakii";0;0;0;0;0;0;0;5;20;19;4;1;1;0;0;0;0;0;0;2;1;50
"Tobramycin";"Enterobacter spp";0;0;0;0;0;1;1;16;256;492;142;16;6;7;10;8;3;0;79;2;3;1037
"Tobramycin";"Enterococcus faecalis";0;0;0;10;0;2;2;2;5;2;12;53;184;305;65;42;55;6;0;32;3;745
"Tobramycin";"Enterococcus faecium";0;0;0;0;0;0;0;0;0;0;2;2;2;9;16;16;20;9;0;32;2;76
"Tobramycin";"Escherichia coli";0;0;0;2;9;18;109;1109;9292;12818;4463;952;484;385;264;142;15;9;70;2;51;30141
"Tobramycin";"Haemophilus influenzae";0;0;0;0;0;0;0;2;27;167;674;949;36;0;0;0;0;0;0;8;2;1855
"Tobramycin";"Hafnia alvei";0;0;0;0;0;1;9;9;5;2;0;0;0;0;0;0;0;0;0;;1;26
"Tobramycin";"Klebsiella aerogenes";0;0;0;0;0;0;10;127;1035;724;170;19;51;112;4;3;0;2;53;2;5;2310
"Tobramycin";"Klebsiella oxytoca";0;0;0;0;0;2;17;539;2059;1312;285;66;59;56;15;8;3;0;85;2;5;4506
"Tobramycin";"Klebsiella ozaenae";0;0;0;0;0;0;0;4;7;4;2;2;0;1;0;0;0;0;0;;1;20
"Tobramycin";"Klebsiella pneumoniae";0;0;0;1;1;8;81;1980;7058;3109;615;173;290;569;114;46;7;0;94;2;7;14146
"Tobramycin";"Klebsiella spp";0;0;0;0;0;22;12;45;140;32;2;5;2;0;1;1;0;0;0;2;3;262
"Tobramycin";"Morganella morganii";0;0;0;0;0;1;17;176;409;278;77;24;10;3;4;4;0;0;100;4;5;1103
"Tobramycin";"Proteus mirabilis";0;0;1;1;0;6;3;334;2007;2514;1089;405;189;138;20;4;0;2;125;4;8;6838
"Tobramycin";"Proteus spp";0;0;0;0;0;3;4;23;18;15;5;4;0;0;0;0;0;0;0;4;2;72
"Tobramycin";"Proteus vulgaris";0;0;0;1;0;0;9;111;344;290;80;13;10;5;1;1;0;0;133;2;4;998
"Tobramycin";"Pseudomonas aeruginosa";0;0;0;3;6;14;386;2699;10514;7154;2070;540;348;452;365;225;74;36;116;2;53;25002
"Tobramycin";"Salmonella spp";0;0;0;0;0;1;0;3;11;20;2;0;0;0;0;0;0;0;0;;1;37
"Tobramycin";"Serratia liquefaciens";0;0;0;0;0;0;0;17;35;64;35;13;1;4;2;0;0;0;144;4;2;315
"Tobramycin";"Serratia marcescens";0;0;0;0;1;1;6;34;189;471;500;133;42;21;14;7;8;6;161;4;5;1594
"Tobramycin";"Serratia spp";0;0;0;0;0;0;0;3;22;68;113;35;4;3;1;0;0;0;175;4;1;424
"Tobramycin";"Staphylococcus aureus";0;0;0;8;38;59;292;755;1162;468;132;75;32;62;25;30;14;3;0;2;40;3155
"Tobramycin";"Staphylococcus capitis";0;0;0;4;2;1;2;2;7;0;4;0;2;1;0;0;0;0;3;;2;28
"Tobramycin";"Staphylococcus coagulase negative";0;0;0;0;8;17;35;119;51;2;1;19;23;33;22;26;42;22;0;0.5;1;420
"Tobramycin";"Staphylococcus epidermidis";0;0;0;21;14;45;37;24;38;13;27;24;24;27;25;11;15;39;0;;2;384
"Tobramycin";"Staphylococcus haemolyticus";0;0;1;3;2;1;1;0;6;2;2;5;1;4;1;0;13;2;2;;2;46
"Tobramycin";"Staphylococcus hominis";0;0;1;1;9;5;1;5;5;1;6;2;0;2;2;1;0;1;1;;2;43
"Tobramycin";"Staphylococcus lugdunensis";0;0;0;2;2;2;1;4;1;1;0;0;0;2;2;1;0;0;0;;1;18
"Tobramycin";"Staphylococcus saprophyticus";0;0;0;12;10;4;3;2;0;0;0;0;0;0;0;0;0;0;0;;2;31
"Tobramycin";"Staphylococcus warneri";0;0;0;1;3;3;2;0;1;0;0;2;3;0;0;1;1;0;4;;1;21
"Tobramycin";"Streptococcus pneumoniae";0;0;0;2;1;0;1;3;10;39;2;13;72;122;51;10;3;3;0;;2;332
"Tobramycin";"Streptococcus pyogenes";0;0;0;2;2;0;2;2;10;18;6;23;44;47;15;0;0;0;0;;2;171
"Trimethoprim";"Acinetobacter baumannii";0;0;0;0;0;0;0;0;2;1;8;26;60;61;0;0;0;0;0;;1;158
"Trimethoprim";"Citrobacter freundii";0;0;0;0;0;0;17;27;14;3;1;1;0;10;0;0;0;0;0;;1;73
"Trimethoprim";"Citrobacter spp";0;0;0;0;0;4;25;68;47;17;2;0;1;0;0;0;0;0;21;;2;185
"Trimethoprim";"Enterobacter agglomerans";0;0;0;0;0;44;108;21;5;4;0;0;0;0;0;0;0;0;0;;1;182
"Trimethoprim";"Enterobacter cloacae";0;0;0;0;0;2;16;311;661;324;78;40;28;103;0;0;0;0;69;;3;1632
"Trimethoprim";"Enterobacter spp";0;0;0;0;0;5;21;167;374;155;45;30;11;25;0;0;0;0;86;;2;919
"Trimethoprim";"Escherichia coli";0;0;0;0;0;85;292;1645;2997;1111;170;67;24;214;476;716;190;6;205;2;19;8198
"Trimethoprim";"Haemophilus influenzae";3;3;13;35;309;1362;2851;2140;280;78;22;24;41;170;354;418;239;17;16;0.5;9;8375
"Trimethoprim";"Klebsiella aerogenes";0;0;0;0;0;0;3;72;130;42;32;14;4;23;0;0;0;0;54;;2;374
"Trimethoprim";"Klebsiella oxytoca";0;0;0;0;0;2;5;26;33;7;1;0;0;0;0;0;0;1;1;;1;76
"Trimethoprim";"Klebsiella pneumoniae";0;0;0;0;0;4;20;601;845;225;92;43;47;265;0;0;0;0;107;;4;2249
"Trimethoprim";"Klebsiella spp";0;0;0;1;41;105;140;130;70;26;9;4;0;1;12;0;0;0;0;;2;539
"Trimethoprim";"Lactobacillus reuteri";0;0;0;0;0;0;0;0;0;0;0;0;0;0;0;49;0;0;0;;1;49
"Trimethoprim";"Lactobacillus spp";0;0;0;0;0;0;0;0;0;0;0;0;0;0;0;49;0;0;0;;1;49
"Trimethoprim";"Listeria monocytogenes";0;0;0;1;9;36;68;2;0;0;0;0;0;0;0;0;0;0;0;;2;116
"Trimethoprim";"Moraxella catarrhalis";0;0;0;0;0;0;0;0;0;9;12;128;587;1001;225;121;34;2;4;;5;2123
"Trimethoprim";"Morganella morganii";0;0;0;0;0;0;0;0;6;34;117;150;14;58;0;0;0;0;101;;2;480
"Trimethoprim";"Proteus mirabilis";0;0;0;0;0;0;3;24;110;476;408;198;38;646;0;0;0;0;126;;3;2029
"Trimethoprim";"Proteus vulgaris";0;0;0;0;0;0;0;9;35;115;129;85;43;59;0;0;0;0;134;;3;609
"Trimethoprim";"Salmonella spp";0;0;0;0;0;0;5;2469;6512;689;190;125;146;4;15;109;750;0;0;2;9;11014
"Trimethoprim";"Serratia marcescens";0;0;0;0;0;0;1;9;44;77;111;170;129;80;0;0;0;0;162;;3;783
"Trimethoprim";"Serratia spp";0;0;0;0;0;0;9;17;26;45;50;62;41;12;0;0;0;0;178;;2;440
"Trimethoprim";"Staphylococcus aureus";0;0;0;0;0;0;0;8;150;183;59;4;7;10;7;8;6;7;0;2;5;449
"Trimethoprim";"Staphylococcus aureus MRSA";0;0;0;0;0;0;1;177;125;27;6;5;14;12;13;2;7;15;0;2;4;404
"Trimethoprim";"Staphylococcus aureus MSSA";0;0;0;0;0;0;0;144;344;62;7;0;0;3;1;0;0;10;0;2;4;571
"Trimethoprim";"Staphylococcus coagulase negative";0;0;0;0;0;0;0;34;25;18;2;4;1;0;5;9;9;102;0;;2;209
"Trimethoprim";"Staphylococcus coagulase negative MRSE";0;0;0;0;0;0;1;37;33;14;11;5;2;3;19;34;48;321;0;;4;528
"Trimethoprim";"Staphylococcus epidermidis";0;0;0;0;0;0;0;89;34;9;2;0;0;0;9;16;21;196;0;;3;376
"Trimethoprim";"Staphylococcus epidermidis MSSE";0;0;0;0;0;0;1;10;30;17;5;4;1;1;1;3;3;8;0;;2;84
"Trimethoprim";"Staphylococcus haemolyticus";0;0;0;0;0;0;0;1;5;6;5;1;0;0;0;1;2;45;0;;3;66
"Trimethoprim";"Streptococcus agalactiae";0;0;0;0;0;0;5;69;42;8;2;0;0;0;0;0;0;0;0;;2;126
"Trimethoprim";"Streptococcus anginosus";0;0;0;0;0;0;0;1;2;1;0;0;0;0;0;0;0;14;0;;1;18
"Trimethoprim";"Streptococcus pneumoniae";0;0;0;0;0;0;0;0;5;147;502;2336;1156;76;30;340;0;0;0;;6;4592
"Trimethoprim";"Streptococcus pyogenes";0;1;4;36;132;386;324;68;7;0;1;0;0;0;3;0;0;0;0;;2;962
"Trimethoprim";"Yersinia enterocolitica";0;0;0;0;0;1;4;15;28;68;32;2;0;0;0;0;0;0;0;4;1;150
"Trimethoprim-sulfamethoxazole";"Acinetobacter baumannii";0;0;0;0;2;163;327;246;85;24;18;13;19;39;26;41;0;0;0;1;4;1003
"Trimethoprim-sulfamethoxazole";"Acinetobacter spp";0;0;0;0;3;10;54;38;21;10;5;25;75;102;116;15;14;0;0;1;2;488
"Trimethoprim-sulfamethoxazole";"Burkholderia cepacia";0;0;0;0;0;0;0;4;4;2;5;2;0;0;0;0;0;0;0;;1;17
"Trimethoprim-sulfamethoxazole";"Citrobacter braakii";0;0;0;0;1;7;1;0;0;0;0;0;0;1;0;2;0;0;0;;1;12
"Trimethoprim-sulfamethoxazole";"Citrobacter freundii";0;0;0;0;1;31;20;7;1;1;0;0;0;19;0;7;0;0;0;1;2;87
"Trimethoprim-sulfamethoxazole";"Citrobacter koseri";0;0;0;0;0;6;7;2;0;0;0;0;0;0;0;1;0;0;0;;1;16
"Trimethoprim-sulfamethoxazole";"Citrobacter spp";0;0;0;0;0;156;198;36;10;3;4;3;1;37;44;0;0;0;0;1;1;492
"Trimethoprim-sulfamethoxazole";"Corynebacterium amycolatum";0;0;0;0;0;0;0;0;0;0;0;6;5;0;1;0;0;0;0;;1;12
"Trimethoprim-sulfamethoxazole";"Corynebacterium jeikeium";0;0;0;0;0;0;0;0;0;0;1;2;0;0;9;0;0;0;0;;1;12
"Trimethoprim-sulfamethoxazole";"Corynebacterium pseudodiphtheriticum";0;0;1;0;0;0;1;2;1;3;2;0;1;0;0;0;0;0;0;;1;11
"Trimethoprim-sulfamethoxazole";"Corynebacterium spp";0;0;1;0;0;0;1;2;1;3;4;10;15;4;18;0;0;0;0;;5;59
"Trimethoprim-sulfamethoxazole";"Corynebacterium striatum";0;0;0;0;0;0;0;0;0;3;1;1;12;2;7;2;0;0;0;;2;28
"Trimethoprim-sulfamethoxazole";"Corynebacterium urealyticum";0;0;0;0;0;0;0;0;0;0;0;1;5;3;3;0;0;0;0;;1;12
"Trimethoprim-sulfamethoxazole";"Enterobacter cloacae";0;0;0;0;4;542;1181;640;175;49;30;20;5;116;63;31;0;37;0;1;5;2893
"Trimethoprim-sulfamethoxazole";"Enterobacter spp";0;0;0;0;0;212;400;168;41;13;5;3;2;24;78;0;0;0;0;1;1;946
"Trimethoprim-sulfamethoxazole";"Enterococcus faecium";0;0;0;0;0;100;171;110;43;36;13;1;8;140;0;0;0;0;0;1;1;622
"Trimethoprim-sulfamethoxazole";"Escherichia coli";0;0;4;38;495;2311;1611;693;416;133;45;14;5;3;1343;601;0;0;0;1;9;7712
"Trimethoprim-sulfamethoxazole";"Haemophilus influenzae";0;0;15;119;5597;7245;2735;1456;318;190;415;1564;1409;387;93;0;0;0;0;0.5;8;21543
"Trimethoprim-sulfamethoxazole";"Klebsiella aerogenes";0;0;0;0;0;75;181;83;34;9;3;5;2;18;52;7;2;14;0;1;3;485
"Trimethoprim-sulfamethoxazole";"Klebsiella oxytoca";0;0;0;0;4;88;80;26;8;3;2;0;0;6;0;14;0;8;0;1;3;239
"Trimethoprim-sulfamethoxazole";"Klebsiella pneumoniae";0;0;0;2;19;884;1760;971;245;145;80;54;19;397;109;93;0;0;0;1;7;4778
"Trimethoprim-sulfamethoxazole";"Klebsiella spp";0;0;0;1;10;71;126;53;18;4;4;1;2;1;8;0;0;0;0;1;1;299
"Trimethoprim-sulfamethoxazole";"Legionella pneumophila";0;0;0;0;0;0;8;40;46;6;0;0;0;0;0;0;0;0;0;1;1;100
"Trimethoprim-sulfamethoxazole";"Listeria monocytogenes";2;0;68;52;0;0;4;2;1;0;0;0;0;0;0;0;0;0;0;0.064;1;129
"Trimethoprim-sulfamethoxazole";"Moraxella catarrhalis";0;0;0;0;17;409;1828;1663;354;56;47;12;1;2;2;0;0;0;0;0.5;3;4391
"Trimethoprim-sulfamethoxazole";"Morganella morganii";0;0;0;0;0;45;306;431;39;18;5;11;5;123;100;11;3;8;0;1;6;1105
"Trimethoprim-sulfamethoxazole";"Neisseria gonorrhoeae";0;0;0;1;0;0;2;2;17;24;30;49;27;8;7;0;0;0;0;;1;167
"Trimethoprim-sulfamethoxazole";"Neisseria meningitidis";0;0;0;0;57;67;7;2;25;35;80;22;5;0;0;0;0;0;0;;2;300
"Trimethoprim-sulfamethoxazole";"Proteus mirabilis";0;0;0;0;1;361;1062;419;102;120;88;85;26;831;124;56;41;22;0;1;5;3338
"Trimethoprim-sulfamethoxazole";"Proteus vulgaris";0;0;0;0;0;127;234;94;18;5;5;9;4;40;132;2;0;0;0;1;2;670
"Trimethoprim-sulfamethoxazole";"Pseudomonas aeruginosa";0;0;0;0;2;4;3;1;3;13;39;109;94;43;21;106;0;0;0;;1;438
"Trimethoprim-sulfamethoxazole";"Salmonella spp";0;0;0;0;10;124;145;780;355;81;25;14;12;11;73;112;0;0;0;1;3;1742
"Trimethoprim-sulfamethoxazole";"Serratia liquefaciens";0;0;0;0;0;10;34;63;41;8;3;6;1;8;143;2;0;0;0;1;2;319
"Trimethoprim-sulfamethoxazole";"Serratia marcescens";0;0;0;0;0;33;96;385;522;93;35;39;15;58;161;3;14;91;0;1;7;1545
"Trimethoprim-sulfamethoxazole";"Serratia spp";0;0;0;0;0;9;32;97;81;7;9;4;1;10;174;0;0;0;0;1;1;424
"Trimethoprim-sulfamethoxazole";"Staphylococcus aureus";0;0;0;1;86;1588;920;289;118;101;91;11;20;5;2;0;0;0;0;0.5;3;3232
"Trimethoprim-sulfamethoxazole";"Staphylococcus coagulase negative";0;0;0;0;0;54;227;109;54;5;14;54;78;24;2;3;0;0;0;0.5;4;624
"Trimethoprim-sulfamethoxazole";"Staphylococcus epidermidis";0;0;0;0;0;145;338;202;42;13;45;140;283;202;0;0;0;0;0;0.5;1;1410
"Trimethoprim-sulfamethoxazole";"Stenotrophomonas maltophilia";0;0;0;0;34;176;249;449;463;298;152;84;34;66;152;11;18;2;0;2;10;2188
"Trimethoprim-sulfamethoxazole";"Streptococcus agalactiae";0;0;2;25;43;32;4;0;1;0;0;1;0;0;0;0;0;0;0;;2;108
"Trimethoprim-sulfamethoxazole";"Streptococcus pneumoniae";0;2;1;6;23;161;2748;14075;4179;2727;1130;2430;2895;824;848;3;0;0;0;1;12;32052
"Trimethoprim-sulfamethoxazole";"Streptococcus pyogenes";0;0;0;5;117;621;1044;550;201;54;14;6;1;0;10;6;0;0;0;0.5;4;2629
"Trimethoprim-sulfamethoxazole";"Yersinia enterocolitica";0;0;0;0;0;102;46;23;6;1;0;0;0;0;0;0;0;0;0;0.5;2;178
"Trovafloxacin";"Enterococcus faecalis";0;0;0;0;0;0;4;82;99;3;0;0;3;3;50;0;0;0;0;1;1;244
"Trovafloxacin";"Escherichia coli";0;0;0;0;496;349;89;52;24;23;8;7;61;0;0;0;0;0;0;0.25;1;1109
"Trovafloxacin";"Moraxella catarrhalis";0;3;9;16;10;1;1;0;0;0;0;0;0;0;0;0;0;0;0;;1;40
"Tylosin";"Enterococcus faecium";0;0;0;0;0;0;0;0;1;5;21;35;34;2;0;0;277;0;0;;2;375
"Vancomycin";"Aerococcus spp";0;0;0;0;0;0;0;25;35;0;0;0;0;0;0;0;0;0;0;;1;60
"Vancomycin";"Aerococcus urinae";0;0;0;0;0;0;0;2;28;0;0;0;0;0;0;0;0;0;0;;1;30
"Vancomycin";"Bifidobacterium longum";0;0;0;0;0;0;0;4;60;14;1;0;0;0;0;0;0;0;0;;1;79
"Vancomycin";"Bifidobacterium pseudolongum";0;0;0;0;0;0;0;2;79;1;0;0;0;0;0;0;0;0;0;;1;82
"Vancomycin";"Bifidobacterium spp";0;0;0;0;0;0;0;12;275;69;8;0;0;0;0;0;0;0;0;;2;364
"Vancomycin";"Bifidobacterium thermophilum";0;0;0;0;0;0;0;3;76;1;0;0;0;0;0;0;0;0;0;;1;80
"Vancomycin";"Clostridium difficile";0;0;0;0;4;2;13;374;3733;3460;335;29;3;1;1;0;0;0;0;2;15;7955
"Vancomycin";"Clostridium spp";0;0;0;0;0;0;1;29;32;6;0;0;0;0;0;0;0;0;0;;1;68
"Vancomycin";"Corynebacterium amycolatum";0;0;0;0;0;0;0;0;12;0;0;0;0;0;0;0;0;0;0;;1;12
"Vancomycin";"Corynebacterium jeikeium";0;0;0;0;0;0;0;0;12;0;0;0;0;0;0;0;0;0;0;;1;12
"Vancomycin";"Corynebacterium spp";0;0;1;1;0;0;0;11;22;0;0;0;0;0;0;0;0;0;0;;3;35
"Vancomycin";"Corynebacterium striatum";0;0;0;0;0;0;0;19;9;0;0;0;0;0;0;0;0;0;0;;2;28
"Vancomycin";"Corynebacterium urealyticum";0;0;0;0;0;0;0;0;12;0;0;0;0;0;0;0;0;0;0;;1;12
"Vancomycin";"Enterococcus faecalis";0;0;0;0;0;0;2;31;457;6521;6617;1124;26;7;145;4;22;34;8;4;38;14998
"Vancomycin";"Enterococcus faecium";0;0;0;0;0;0;1;43;1115;2408;439;86;25;7;5;22;12;193;4;4;22;4360
"Vancomycin";"Enterococcus spp";0;0;0;0;0;0;0;2;11;40;8;0;7;0;0;0;0;0;0;4;1;68
"Vancomycin";"Lactobacillus acidophilus";0;0;0;0;0;0;0;0;1;8;2;0;0;0;0;0;0;0;0;;1;11
"Vancomycin";"Lactobacillus amylovorus";0;0;0;0;0;0;0;0;2;29;0;0;0;0;0;0;0;0;0;;1;31
"Vancomycin";"Lactobacillus crispatus";0;0;0;0;0;0;0;0;0;6;1;0;0;0;0;0;0;0;0;;1;7
"Vancomycin";"Lactobacillus delbrueckii";0;0;0;0;0;0;0;2;11;28;2;0;0;0;0;0;0;0;0;;1;43
"Vancomycin";"Lactobacillus gallinarum";0;0;0;0;0;0;0;0;0;6;1;0;0;0;0;0;0;0;0;;1;7
"Vancomycin";"Lactobacillus gasseri";0;0;0;0;0;0;0;0;0;0;30;6;0;0;0;0;0;0;0;;1;36
"Vancomycin";"Lactobacillus helveticus";0;0;0;0;0;0;0;3;15;3;0;0;0;0;0;0;0;0;0;;1;21
"Vancomycin";"Lactobacillus johnsonii";0;0;0;0;0;0;0;0;0;2;21;0;0;0;0;0;0;0;0;;1;23
"Vancomycin";"Lactobacillus lactis";0;0;0;0;0;0;5;47;14;1;3;0;0;0;0;0;0;0;0;;1;70
"Vancomycin";"Lactobacillus reuteri";0;0;0;0;0;0;0;0;0;0;0;0;0;0;0;0;0;0;49;;1;49
"Vancomycin";"Lactobacillus spp";0;0;0;0;0;0;0;5;29;82;57;6;0;0;0;0;0;0;49;;1;228
"Vancomycin";"Lactococcus lactis";0;0;0;0;0;0;5;47;14;1;3;0;0;0;0;0;0;0;0;;1;70
"Vancomycin";"Listeria monocytogenes";0;0;0;0;0;0;0;1;41;317;26;0;0;0;0;0;0;0;0;;4;385
"Vancomycin";"Propionibacterium acnes";0;0;0;0;0;0;0;13;158;131;1;0;0;0;0;0;0;0;0;2;1;303
"Vancomycin";"Staphylococcus aureus";0;0;0;0;0;1;69;539;13997;68601;8445;218;3;0;1;1;1;0;0;2;39;91876
"Vancomycin";"Staphylococcus aureus MRSA";0;0;0;0;0;0;0;0;103;2222;248;1;0;0;0;0;0;0;0;2;6;2574
"Vancomycin";"Staphylococcus aureus MSSA";0;0;0;0;0;0;0;0;27;1207;380;0;0;0;0;0;0;0;0;2;6;1614
"Vancomycin";"Staphylococcus capitis";0;0;0;0;0;0;0;9;98;331;82;2;0;0;0;0;0;0;0;4;3;522
"Vancomycin";"Staphylococcus coagulase negative";0;0;0;0;0;0;12;69;595;5482;5778;190;6;2;0;0;0;0;0;4;11;12134
"Vancomycin";"Staphylococcus coagulase negative MRSE";0;0;0;0;0;0;0;0;1;106;346;26;0;0;0;0;0;0;0;4;4;479
"Vancomycin";"Staphylococcus cohnii";0;0;0;0;0;0;0;0;0;18;2;0;0;0;0;0;0;0;0;4;1;20
"Vancomycin";"Staphylococcus epidermidis";0;0;0;0;0;0;3;27;402;5415;8920;327;2;0;0;0;0;0;0;4;13;15096
"Vancomycin";"Staphylococcus epidermidis MSSE";0;0;0;0;0;0;0;0;0;28;53;3;0;0;0;0;0;0;0;4;2;84
"Vancomycin";"Staphylococcus haemolyticus";0;0;0;0;0;0;0;11;178;1059;859;60;0;1;0;0;0;0;0;4;12;2168
"Vancomycin";"Staphylococcus hominis";0;0;0;0;0;0;0;10;148;734;243;8;0;0;0;0;0;0;0;4;4;1143
"Vancomycin";"Staphylococcus hyicus";0;0;0;0;0;0;0;0;0;13;118;0;0;0;0;0;0;0;0;4;2;131
"Vancomycin";"Staphylococcus intermedius";0;0;0;0;0;0;1;0;10;108;10;0;0;0;0;0;0;0;0;4;2;129
"Vancomycin";"Staphylococcus lugdunensis";0;0;0;0;0;0;0;2;16;53;7;0;0;0;0;0;0;0;0;4;2;78
"Vancomycin";"Staphylococcus saprophyticus";0;0;0;0;0;0;0;0;45;233;96;5;0;0;0;0;0;0;0;4;4;379
"Vancomycin";"Staphylococcus simulans";0;0;0;0;0;0;0;0;9;53;24;0;0;0;0;0;0;0;0;4;1;86
"Vancomycin";"Staphylococcus warneri";0;0;0;0;0;0;0;1;43;151;87;4;1;0;0;0;0;0;0;4;3;287
"Vancomycin";"Staphylococcus xylosis";0;0;0;0;0;0;0;0;1;14;9;0;0;0;0;0;0;0;0;4;1;24
"Vancomycin";"Streptococcus acidominimus";0;0;0;0;0;0;0;1;2;1;0;0;0;0;0;0;0;0;0;1;1;4
"Vancomycin";"Streptococcus agalactiae";0;0;0;1;0;0;2;300;2677;267;5;1;0;0;0;0;0;0;0;1;15;3253
"Vancomycin";"Streptococcus anginosus";0;0;0;2;1;1;11;5;95;95;18;0;0;0;0;0;0;0;0;1;9;228
"Vancomycin";"Streptococcus bovis";0;0;0;0;0;0;0;108;181;12;1;0;0;0;0;0;0;0;0;1;2;302
"Vancomycin";"Streptococcus constellatus";0;0;0;0;0;0;2;2;54;62;0;0;0;0;0;0;0;0;0;1;3;120
"Vancomycin";"Streptococcus dysgalactiae";0;0;0;0;0;0;0;1;4;1;0;0;0;0;0;0;0;0;0;;1;6
"Vancomycin";"Streptococcus equinus";0;0;0;0;0;0;0;4;2;0;0;0;0;0;0;0;0;0;0;1;1;6
"Vancomycin";"Streptococcus gordonii";0;0;0;0;0;0;0;0;8;1;0;0;0;0;0;0;0;0;0;1;1;9
"Vancomycin";"Streptococcus group C";0;0;0;0;0;0;0;2;3;1;0;0;0;0;0;0;0;0;0;1;2;6
"Vancomycin";"Streptococcus group G";0;0;0;0;0;0;4;218;148;4;0;0;0;0;0;0;0;0;0;1;6;374
"Vancomycin";"Streptococcus intermedius";0;0;0;2;1;1;0;3;38;32;0;0;0;0;0;0;0;0;0;1;3;77
"Vancomycin";"Streptococcus milleri";0;0;0;0;0;0;1;4;50;53;0;0;0;0;0;0;0;0;0;1;1;108
"Vancomycin";"Streptococcus mitis";0;0;0;0;0;0;1;42;418;55;0;0;0;0;0;0;0;0;0;1;2;516
"Vancomycin";"Streptococcus mutans";0;0;0;0;0;0;0;4;13;16;0;0;0;0;0;0;0;0;0;1;1;33
"Vancomycin";"Streptococcus oralis";0;0;0;0;0;0;0;0;47;51;0;0;0;0;0;0;0;0;0;1;2;98
"Vancomycin";"Streptococcus parasanguis";0;0;0;0;0;0;0;4;6;1;0;0;0;0;0;0;0;0;0;1;1;11
"Vancomycin";"Streptococcus pneumoniae";0;0;0;0;4;93;394;20166;29577;800;115;4;0;0;0;0;0;0;0;1;20;51153
"Vancomycin";"Streptococcus pyogenes";0;0;0;0;0;3;38;3526;7245;49;0;0;0;0;0;0;0;0;0;1;16;10861
"Vancomycin";"Streptococcus salivarius";0;0;0;0;0;0;1;6;58;29;1;0;0;0;0;0;0;0;0;1;1;95
"Vancomycin";"Streptococcus sanguinis";0;0;0;0;0;0;1;6;113;25;0;0;0;0;0;0;0;0;0;1;1;145
"Vancomycin";"Streptococcus, viridans group";0;0;0;0;0;0;14;142;893;357;6;0;0;0;0;0;0;0;0;1;7;1412
"Virginiamycin";"Enterococcus faecalis";0;0;0;0;0;0;0;0;8;4;20;31;112;224;18;0;0;0;0;32;8;417
"Virginiamycin";"Enterococcus faecium";0;0;0;0;0;0;0;82;344;664;982;351;278;127;227;190;17;0;0;4;20;3262
"Virginiamycin";"Enterococcus hirae";0;0;0;0;0;0;0;0;162;55;230;40;60;15;6;0;0;0;0;;8;568
"Virginiamycin";"Listeria monocytogenes";0;0;0;0;0;0;0;0;27;123;38;13;0;0;0;0;0;0;0;;2;201
"Virginiamycin";"Staphylococcus intermedius";0;0;0;0;0;0;0;24;103;13;0;0;0;0;0;0;0;0;0;;2;140
"Voriconazole";"Aspergillus flavus EUCAST";0;0;0;0;0;2;1;5;39;148;40;7;1;0;0;0;0;0;0;2;5;243
"Voriconazole";"Aspergillus fumigatus Etest";0;0;0;0;6;17;29;10;0;0;0;0;0;1;0;0;0;0;0;;1;63
"Voriconazole";"Aspergillus fumigatus EUCAST";0;0;0;0;0;5;36;197;759;216;27;15;3;3;0;0;0;0;0;1;4;1261
"Voriconazole";"Aspergillus niger Etest";0;0;0;0;0;0;1;5;46;59;29;0;0;0;0;0;0;0;0;;1;140
"Voriconazole";"Aspergillus niger EUCAST";0;0;0;0;1;5;2;1;10;18;4;0;0;0;0;0;0;0;0;2;2;41
"Voriconazole";"Aspergillus terreus EUCAST";0;0;0;0;0;0;0;10;45;145;62;8;0;0;0;0;0;0;0;2;3;270
"Voriconazole";"Candida albicans Etest";28;583;736;438;277;72;30;7;13;5;0;0;0;0;0;0;0;0;0;0.125;6;2189
"Voriconazole";"Candida albicans EUCAST";50;996;5139;5235;1107;530;207;106;63;42;18;13;18;22;78;6;0;0;0;0.125;1;13630
"Voriconazole";"Candida dubliniensis Etest";1;5;3;0;0;0;0;0;0;0;0;0;0;0;0;0;0;0;0;;2;9
"Voriconazole";"Candida dubliniensis EUCAST";0;0;0;59;38;2;1;0;1;0;0;0;0;0;0;0;0;0;0;;1;101
"Voriconazole";"Candida famata EUCAST";0;0;0;7;4;6;7;3;2;1;1;0;2;0;0;0;0;0;0;;7;33
"Voriconazole";"Candida glabrata Etest";0;0;1;4;18;58;224;261;203;96;33;34;18;2;1;1;0;0;0;1;7;954
"Voriconazole";"Candida glabrata EUCAST";0;5;26;115;258;745;1519;1454;855;384;227;196;95;20;2;6;0;0;0;1;5;5907
"Voriconazole";"Candida guilliermondii Etest";0;0;0;5;15;5;1;0;0;0;0;0;0;0;0;0;0;0;0;0.25;1;26
"Voriconazole";"Candida guilliermondii EUCAST";0;0;0;4;8;34;7;10;2;2;1;0;0;0;0;0;0;0;0;0.25;9;68
"Voriconazole";"Candida kefyr Etest";0;10;9;5;1;0;0;0;0;2;0;0;0;0;0;0;0;0;0;;1;27
"Voriconazole";"Candida kefyr EUCAST";0;0;5;11;0;0;0;0;0;0;0;0;0;0;0;0;0;0;0;;6;16
"Voriconazole";"Candida krusei Etest";0;0;1;3;3;10;38;77;38;9;2;2;0;0;0;0;0;0;0;1;6;183
"Voriconazole";"Candida krusei EUCAST";0;0;0;3;3;7;42;176;144;33;6;3;0;1;0;0;0;0;0;1;16;418
"Voriconazole";"Candida lusitaniae Etest";0;3;16;13;1;4;0;0;1;0;0;0;0;0;0;0;0;0;0;0.064;4;38
"Voriconazole";"Candida lusitaniae EUCAST";0;0;10;23;3;2;2;0;0;0;0;0;0;0;0;0;0;0;0;0.064;10;40
"Voriconazole";"Candida parapsilosis Etest";0;2;11;23;20;12;6;4;1;6;1;1;0;0;0;0;0;0;0;0.125;6;87
"Voriconazole";"Candida parapsilosis EUCAST";0;0;26;376;83;20;10;4;2;0;0;0;0;0;0;0;0;0;0;0.125;12;521
"Voriconazole";"Candida paratropicalis Etest";0;23;100;123;93;28;14;6;2;7;0;1;0;0;0;0;0;0;0;0.125;1;397
"Voriconazole";"Candida pintolopesii EUCAST";0;0;0;2;1;2;0;0;2;0;0;0;0;0;0;0;0;0;0;;4;7
"Voriconazole";"Candida tropicalis Etest";0;1;10;68;136;107;50;18;3;15;0;0;0;0;1;0;0;0;0;0.125;6;409
"Voriconazole";"Candida tropicalis EUCAST";0;0;3;141;72;32;18;12;2;2;1;2;2;6;0;0;0;0;0;0.125;11;293
"Voriconazole";"Pichia anomala EUCAST";0;0;0;0;1;6;11;2;0;0;0;0;0;0;0;0;0;0;0;;4;20
"Voriconazole";"Saccharomyces cerevisiae Etest";0;0;0;0;2;3;7;6;0;0;0;0;0;0;0;0;0;0;0;;3;18
"Voriconazole";"Saccharomyces cerevisiae EUCAST";0;0;0;0;0;7;5;3;0;1;1;0;0;1;0;0;0;0;0;;5;18
