"Antimicrobial";"Bacterium";"Disk content";"6";"7";"8";"9";"10";"11";"12";"13";"14";"15";"16";"17";"18";"19";"20";"21";"22";"23";"24";"25";"26";"27";"28";"29";"30";"31";"32";"33";"34";"35";"36";"37";"38";"39";"40";"41";"42";"43";"44";"45";"46";"47";"48";"49";"50";"Distributions";"Observations";"(T)ECOFF";"Confidence interval"
"Amikacin";"Acinetobacter baumannii";30;57;2;4;3;2;1;3;2;6;8;3;3;4;9;9;24;31;28;21;15;10;5;1;0;4;0;0;0;1;0;0;0;0;0;0;0;0;0;0;0;0;0;0;0;0;11;256;"18";""
"Amikacin";"Aeromonas hydrophila";30;0;0;0;0;0;0;0;0;0;0;0;0;1;2;4;11;14;8;10;3;2;0;0;0;0;0;0;0;0;0;0;0;0;0;0;0;0;0;0;0;0;0;0;0;0;1;55;"-";"ID"
"Amikacin";"Enterobacter cloacae";30;0;0;0;0;0;0;0;0;0;0;0;0;0;1;5;19;19;5;1;0;0;0;0;0;0;0;0;0;0;0;0;0;0;0;0;0;0;0;0;0;0;0;0;0;0;1;50;"-";"ID"
"Amikacin";"Escherichia coli";30;51;0;0;0;3;6;6;7;16;12;38;64;237;535;974;1377;1565;1351;859;382;88;31;8;5;4;3;1;1;0;0;0;0;0;0;0;0;0;0;0;0;0;0;0;0;0;15;7624;"17";"16 - 17"
"Amikacin";"Escherichia coli ATCC 25922";30;0;0;0;0;0;0;0;0;0;0;0;0;0;126;396;778;849;881;759;446;205;3;0;0;0;0;0;0;0;0;0;0;0;0;0;0;0;0;0;0;0;0;0;0;0;27;4443;"19";"19 - 19"
"Amikacin";"Klebsiella oxytoca";30;0;0;0;0;0;0;0;0;0;0;0;2;0;8;25;33;23;23;7;3;1;1;0;0;0;0;0;0;0;0;0;0;0;0;0;0;0;0;0;0;0;0;0;0;0;2;126;"-";"ID"
"Amikacin";"Klebsiella pneumoniae";30;58;0;0;1;5;3;12;4;12;15;14;20;32;75;196;236;187;139;67;24;8;6;2;0;1;1;0;1;0;1;0;0;0;0;0;0;0;0;0;0;0;0;0;0;0;11;1120;"16";"16 - 17"
"Amikacin";"Plesiomonas shigelloides";30;0;0;0;0;0;0;0;0;0;4;10;18;17;6;4;1;0;0;1;0;0;0;0;0;0;0;0;0;0;0;0;0;0;0;0;0;0;0;0;0;0;0;0;0;0;1;61;"-";"ID"
"Amikacin";"Proteus mirabilis";30;0;0;0;0;0;0;0;0;0;0;0;0;1;0;7;27;27;24;15;4;2;0;0;0;0;0;0;0;0;0;0;0;0;0;0;0;0;0;0;0;0;0;0;0;0;1;107;"-";"ID"
"Amikacin";"Pseudomonas aeruginosa";30;17;1;1;3;4;2;4;8;3;8;19;13;26;30;52;54;100;80;83;57;31;25;11;13;8;0;1;0;4;1;0;0;1;0;0;0;0;0;0;0;0;0;0;0;0;5;660;"15";"12 - 16"
"Amikacin";"Pseudomonas aeruginosa ATCC 27853";30;0;0;0;0;0;0;0;0;0;0;0;0;0;0;5;7;39;146;90;23;6;0;0;0;0;0;0;0;0;0;0;0;0;0;0;0;0;0;0;0;0;0;0;0;0;3;316;"(21)";"21 - 22"
"Amikacin";"Staphylococcus aureus";30;3;0;0;0;3;3;2;2;5;18;26;27;44;38;92;160;229;194;70;20;11;8;7;5;4;2;0;0;0;0;0;1;0;0;0;0;0;0;0;0;0;0;0;0;0;6;974;"17";"15 - 19"
"Amikacin";"Staphylococcus aureus ATCC 29213";30;0;0;0;0;0;0;0;0;0;0;0;0;0;2;6;31;28;10;0;0;0;0;0;0;0;0;0;0;0;0;0;0;0;0;0;0;0;0;0;0;0;0;0;0;0;2;77;"((19))";"ID"
"Amikacin";"Staphylococcus cohnii";30;0;0;0;0;0;0;0;0;0;0;0;0;0;0;0;1;2;1;1;2;7;12;5;19;13;7;1;2;0;0;0;0;0;0;0;0;0;0;0;0;0;0;0;0;0;1;73;"-";"ID"
"Amikacin";"Staphylococcus epidermidis";30;0;0;2;2;0;0;0;0;0;3;5;6;5;3;13;8;7;4;5;7;17;29;21;14;5;1;2;0;0;0;0;0;0;0;0;0;0;0;0;0;0;0;0;0;0;2;159;"-";"ID"
"Amikacin";"Staphylococcus haemolyticus";30;0;0;0;0;1;0;1;0;0;0;1;1;3;2;7;9;9;17;14;8;16;9;4;2;2;1;0;0;0;0;0;0;0;0;0;0;0;0;0;0;0;0;0;0;0;1;107;"-";"ID"
"Amikacin";"Staphylococcus hominis";30;0;0;0;0;0;0;0;0;0;0;0;0;0;0;0;0;1;1;6;4;8;12;8;10;11;7;2;3;3;2;0;0;0;0;0;0;0;0;0;0;0;0;0;0;0;1;78;"-";"ID"
"Amikacin";"Staphylococcus warneri";30;0;0;0;0;0;0;0;0;0;0;0;0;0;0;0;0;6;18;20;28;15;11;4;4;2;0;0;0;0;0;0;0;0;0;0;0;0;0;0;0;0;0;0;0;0;1;108;"-";"ID"
"Amoxicillin";"Bacillus anthracis";10;0;0;0;0;0;0;0;0;1;0;0;0;0;0;0;1;0;0;1;2;2;4;14;17;15;12;23;30;32;24;23;15;2;3;2;0;1;0;0;0;0;0;0;0;0;3;224;"(28)";"25 - 29"
"Amoxicillin";"Campylobacter jejuni ATCC 33560";10;0;0;0;0;0;0;0;0;0;0;0;0;0;0;0;0;0;0;0;0;0;0;0;0;5;4;4;4;0;0;0;0;0;0;0;0;0;0;0;0;0;0;0;0;0;1;17;"-";"ID"
"Amoxicillin";"Escherichia coli";10;140;0;0;0;3;1;6;13;33;38;68;64;44;48;25;13;4;3;1;2;0;0;0;0;0;0;0;0;0;0;0;0;0;0;0;0;0;0;0;0;0;0;0;0;0;3;506;"(10)";"10 - 13"
"Amoxicillin";"Escherichia coli ATCC 25922";10;0;0;0;0;0;0;0;0;0;1;6;9;8;4;0;0;0;0;0;0;0;0;0;0;0;0;0;0;0;0;0;0;0;0;0;0;0;0;0;0;0;0;0;0;0;1;28;"-";"ID"
"Amoxicillin";"Haemophilus influenzae NCTC 8468";2;0;0;0;0;0;0;0;0;0;0;0;0;1;6;12;2;0;0;0;0;0;0;0;0;0;0;0;0;0;0;0;0;0;0;0;0;0;0;0;0;0;0;0;0;0;1;21;"-";"ID"
"Amoxicillin";"Pasteurella multocida";2;0;0;0;0;0;0;0;0;0;0;0;1;2;6;19;42;38;6;2;2;1;1;2;0;0;0;0;0;0;0;0;0;0;0;0;0;0;0;0;0;0;0;0;0;0;2;122;"-";"ID"
"Amoxicillin";"Proteus mirabilis";10;20;0;0;0;0;0;0;0;0;0;0;1;0;0;4;2;9;17;38;28;38;15;10;0;1;0;0;0;0;0;0;0;0;0;0;0;0;0;0;0;0;0;0;0;0;3;183;"(20)";"20 - 23"
"Amoxicillin";"Staphylococcus aureus ATCC 29213";2;0;0;0;0;0;0;0;0;1;6;42;51;20;0;0;0;0;0;0;0;0;0;0;0;0;0;0;0;0;0;0;0;0;0;0;0;0;0;0;0;0;0;0;0;0;2;120;"-";"ID"
"Amoxicillin";"Staphylococcus lugdunensis";10;0;0;0;0;0;0;0;0;1;1;7;9;7;2;0;1;3;2;1;2;0;0;0;0;0;0;1;2;3;21;14;9;4;2;2;1;0;0;0;0;1;0;0;0;0;1;96;"-";"ID"
"Amoxicillin-clavulanic acid (fixed)";"Burkholderia pseudomallei";30;8;0;0;3;5;1;6;2;4;3;0;1;2;2;1;1;0;0;6;19;36;46;65;28;11;0;0;0;0;0;0;0;0;0;0;0;0;0;0;0;0;0;0;0;0;4;250;"(22)";"23 - 25"
"Amoxicillin-clavulanic acid (fixed)";"Campylobacter coli";30;11;0;0;1;3;3;11;7;10;11;16;15;11;26;14;26;25;15;14;21;35;24;24;22;23;12;12;10;12;11;8;4;4;0;4;2;3;2;3;2;0;0;0;0;1;3;458;"-";""
"Amoxicillin-clavulanic acid (fixed)";"Campylobacter jejuni";30;0;0;0;0;0;0;1;4;7;6;14;16;20;18;36;63;50;77;126;155;247;237;267;294;292;271;230;210;150;134;92;63;62;17;36;11;19;7;3;4;3;0;5;0;2;4;3249;"(22)";"ID"
"Amoxicillin-clavulanic acid (fixed)";"Campylobacter jejuni ATCC 33560";30;0;0;0;0;0;0;0;0;0;0;0;0;0;0;0;0;0;0;0;0;0;0;0;0;0;0;0;0;0;1;5;6;5;0;0;0;0;0;0;0;0;0;0;0;0;1;17;"-";"ID"
"Amoxicillin-clavulanic acid (fixed)";"Enterococcus faecalis";30;0;0;0;0;0;0;0;0;0;0;0;0;0;0;0;1;0;0;0;0;2;4;18;8;6;6;3;1;0;1;0;0;0;0;0;0;0;0;0;0;0;0;0;0;0;1;50;"-";"ID"
"Amoxicillin-clavulanic acid (fixed)";"Escherichia coli";30;195;8;31;34;53;60;71;104;129;131;165;210;247;344;375;428;386;275;142;54;18;10;2;1;1;0;1;0;0;0;0;0;0;0;0;0;0;0;0;0;0;0;0;0;0;13;3475;"14";"13 - 15"
"Amoxicillin-clavulanic acid (fixed)";"Escherichia coli ATCC 25922";30;0;0;0;0;0;0;0;0;0;0;0;0;35;196;469;679;540;177;20;0;0;0;0;0;0;0;0;0;0;0;0;0;0;0;0;0;0;0;0;0;0;0;0;0;0;13;2116;"18";"18 - 19"
"Amoxicillin-clavulanic acid (fixed)";"Escherichia coli ATCC 35218";30;0;0;0;0;0;0;0;0;0;0;0;0;9;20;12;7;1;0;0;0;0;0;0;0;0;0;0;0;0;0;0;0;0;0;0;0;0;0;0;0;0;0;0;0;0;2;49;"-";"ID"
"Amoxicillin-clavulanic acid (fixed)";"Haemophilus influenzae";3;86;0;2;10;20;27;37;44;49;107;148;145;159;217;193;141;102;43;22;5;9;2;1;2;3;0;0;0;0;0;0;0;0;0;1;0;0;0;0;0;0;0;0;0;0;5;1575;"12";"11 - 13"
"Amoxicillin-clavulanic acid (fixed)";"Haemophilus influenzae ATCC 49766";3;0;0;0;0;0;0;0;0;0;0;0;9;80;271;376;219;51;7;0;0;0;0;1;0;0;0;0;0;0;0;1;0;0;0;0;0;0;0;0;0;0;0;0;0;0;10;1015;"17";"17 - 18"
"Amoxicillin-clavulanic acid (fixed)";"Haemophilus influenzae NCTC 8468";30;0;0;0;0;0;0;0;0;0;0;0;0;0;0;0;0;0;2;1;4;13;20;11;2;1;0;0;0;0;0;0;0;0;0;0;0;0;0;0;0;0;0;0;0;0;1;54;"-";"ID"
"Amoxicillin-clavulanic acid (fixed)";"Haemophilus influenzae NCTC 8468";3;0;0;0;0;0;0;0;0;0;0;0;1;15;22;21;13;0;0;0;0;0;0;0;0;0;0;0;0;0;0;0;0;0;0;0;0;0;0;0;0;0;0;0;0;0;4;72;"(17)";"16 - 18"
"Amoxicillin-clavulanic acid (fixed)";"Klebsiella oxytoca";30;1;0;0;1;0;1;1;2;0;1;0;0;0;2;2;4;17;25;28;22;9;7;2;2;1;0;0;0;0;0;0;0;0;0;0;0;0;0;0;0;0;0;0;0;0;2;128;"-";"ID"
"Amoxicillin-clavulanic acid (fixed)";"Klebsiella pneumoniae";30;12;1;0;0;2;3;4;5;2;5;9;2;7;10;21;50;68;88;60;22;22;7;1;1;0;1;0;0;0;0;0;0;0;0;0;0;0;0;0;0;0;0;0;0;0;5;403;"17";"17 - 18"
"Amoxicillin-clavulanic acid (fixed)";"Klebsiella pneumoniae ATCC 700603";30;0;0;0;0;0;0;1;0;2;6;31;243;494;282;54;0;0;0;0;0;0;0;0;0;0;0;0;0;0;0;0;0;0;0;0;0;0;0;0;0;0;0;0;0;0;7;1113;"16";"16 - 16"
"Amoxicillin-clavulanic acid (fixed)";"Pasteurella multocida";3;0;0;0;0;0;0;0;0;0;0;0;1;1;9;16;42;34;13;0;1;2;1;0;1;1;0;0;0;0;0;0;0;0;0;0;0;0;0;0;0;0;0;0;0;0;2;122;"-";"ID"
"Amoxicillin-clavulanic acid (fixed)";"Proteus mirabilis";30;4;0;0;0;1;0;0;0;1;0;2;2;3;2;7;5;3;5;15;25;40;48;44;34;16;4;0;0;1;0;0;0;0;0;0;0;0;0;0;0;0;0;0;0;0;4;262;"(22)";"22 - 25"
"Amoxicillin-clavulanic acid (fixed)";"Staphylococcus aureus ATCC 29213";3;0;0;0;0;0;0;0;0;0;0;0;0;0;0;8;31;22;25;24;10;0;0;0;0;0;0;0;0;0;0;0;0;0;0;0;0;0;0;0;0;0;0;0;0;0;2;120;"((20))";"ID"
"Amoxicillin-clavulanic acid (fixed)";"Staphylococcus lugdunensis";30;0;0;0;0;0;0;0;0;0;0;0;0;0;1;0;0;0;1;5;12;6;2;1;2;3;1;2;0;2;0;1;2;14;20;11;1;5;2;1;0;0;0;1;0;0;1;96;"-";"ID"
"Ampicillin";"Acinetobacter baumannii";10;40;0;4;8;1;5;5;2;1;0;2;1;1;0;0;0;0;0;0;0;0;0;0;0;0;0;0;0;0;0;0;0;0;0;0;0;0;0;0;0;0;0;0;0;0;2;70;"-";""
"Ampicillin";"Aerococcus sanguinicola";2;0;0;0;0;0;0;0;0;0;0;0;0;0;0;0;0;0;1;1;0;11;14;22;20;43;52;60;71;49;52;36;23;25;8;7;4;2;0;1;1;0;0;0;0;0;7;503;"22";"22 - 24"
"Ampicillin";"Bacillus anthracis";2;0;0;0;0;0;0;0;0;0;0;0;0;0;0;0;0;0;3;8;13;12;30;25;14;32;12;3;3;0;0;0;0;0;0;0;0;0;0;0;0;0;0;0;0;0;2;155;"-";"ID"
"Ampicillin";"Corynebacterium diphtheriae";2;4;1;0;0;0;0;1;2;1;2;1;9;15;35;37;29;30;12;7;5;6;1;1;0;1;0;0;0;0;0;0;0;0;0;0;0;0;0;0;0;0;0;0;0;0;2;200;"-";"ID"
"Ampicillin";"Corynebacterium ulcerans";2;0;0;0;0;0;0;0;0;0;0;0;0;0;2;15;29;42;56;29;17;9;1;0;0;0;0;0;0;0;0;0;0;0;0;0;0;0;0;0;0;0;0;0;0;0;2;200;"-";"ID"
"Ampicillin";"Enterococcus faecalis";2;36;0;5;10;77;174;318;496;978;1666;2720;3819;4312;3611;2412;1030;499;288;171;116;90;49;40;23;20;6;4;0;2;1;3;0;0;0;0;0;0;0;0;0;0;0;0;0;0;16;22976;"12";"11 - 12"
"Ampicillin";"Enterococcus faecalis ATCC 29212";2;0;0;0;0;1;0;0;8;14;220;613;996;1264;1291;636;136;9;3;1;0;1;1;0;0;0;0;0;0;0;0;0;0;0;0;0;0;0;0;0;0;0;0;0;0;0;29;5194;"15";"15 - 15"
"Ampicillin";"Escherichia coli";10;31406;16;37;97;150;214;413;645;1624;2859;5190;8410;11615;13549;13356;8931;5194;2531;1168;593;318;135;110;49;34;9;9;5;8;4;1;0;2;0;1;0;1;0;0;0;0;1;1;0;0;16;108686;"13";"13 - 13"
"Ampicillin";"Escherichia coli ATCC 25922";10;4;0;0;0;0;0;1;4;43;682;1400;2215;2441;1880;731;108;16;1;0;0;0;0;0;0;0;0;0;1;0;0;0;0;0;0;0;0;0;0;0;0;0;0;0;0;0;51;9527;"14";"14 - 15"
"Ampicillin";"Haemophilus influenzae";2;328;0;3;3;13;17;16;23;36;60;56;63;133;129;188;221;230;181;113;56;46;15;6;9;2;1;3;0;0;0;0;0;0;1;0;0;0;0;0;0;0;0;0;0;0;5;1952;"14";"13 - 15"
"Ampicillin";"Haemophilus influenzae ATCC 49766";2;0;0;0;0;0;0;0;0;0;0;0;0;1;9;65;149;295;261;98;23;1;0;0;0;0;0;0;0;0;0;0;0;0;0;0;0;0;0;0;0;0;0;0;0;0;8;902;"19";"19 - 20"
"Ampicillin";"Haemophilus influenzae NCTC 8468";2;0;0;0;0;0;0;0;0;0;0;0;0;0;6;17;37;51;57;22;3;0;0;0;0;0;0;0;0;0;0;0;0;0;0;0;0;0;0;0;0;0;0;0;0;0;3;193;"(19)";"19 - 20"
"Ampicillin";"Listeria monocytogenes";2;0;0;0;0;0;0;0;0;0;1;0;5;12;41;43;91;97;93;97;55;38;22;27;13;4;1;0;1;0;0;3;0;0;0;0;0;0;0;0;0;0;0;0;0;0;5;644;"15";"16 - 18"
"Ampicillin";"Mannheimia haemolytica";2;30;0;0;0;1;0;1;0;0;0;0;1;2;4;7;11;24;45;26;26;19;8;2;1;0;0;0;0;0;0;0;0;0;0;0;0;0;0;0;0;0;0;0;0;0;2;208;"-";"ID"
"Ampicillin";"Pasteurella multocida";2;0;0;0;0;0;0;0;0;0;0;0;0;0;0;4;5;18;16;16;4;2;2;1;0;0;0;1;0;0;0;0;0;0;0;0;0;0;0;0;0;0;0;0;0;0;1;69;"-";"ID"
"Ampicillin";"Proteus mirabilis";10;814;6;15;32;25;33;22;14;22;10;25;20;42;93;165;379;676;1012;1192;973;583;229;90;23;8;3;1;1;1;0;0;0;0;0;0;0;1;0;0;0;0;0;0;0;0;15;6510;"19";"18 - 19"
"Ampicillin";"Salmonella enterica";10;109;1;0;2;0;0;0;1;1;0;1;1;2;1;3;25;54;110;112;44;18;5;0;0;0;0;0;0;0;0;0;0;0;0;0;0;0;0;0;0;0;0;0;0;0;6;490;"20";"19 - 21"
"Ampicillin";"Salmonella spp";10;57;0;0;0;0;0;0;0;1;1;3;1;1;1;5;21;45;68;92;28;6;1;1;0;0;0;0;0;0;0;0;0;0;0;0;0;0;0;0;0;0;0;0;0;0;5;332;"20";"19 - 20"
"Ampicillin";"Staphylococcus aureus ATCC 29213";2;0;0;0;0;0;0;0;0;1;16;29;23;16;1;0;0;0;0;0;0;0;0;0;0;0;0;0;0;0;0;0;0;0;0;0;0;0;0;0;0;0;0;0;0;0;4;86;"(14)";"13 - 15"
"Ampicillin";"Staphylococcus saprophyticus";2;50;1;2;5;6;7;13;9;5;10;18;23;72;131;272;380;532;670;676;608;347;192;74;34;16;11;10;1;1;0;1;0;1;0;0;0;0;1;0;0;0;0;0;0;0;14;4179;"17";"17 - 18"
"Ampicillin";"Streptococcus pneumoniae";2;1;0;0;1;2;0;1;3;5;3;0;3;0;0;1;2;4;0;3;0;4;2;6;2;9;6;14;6;12;7;13;8;2;2;1;1;1;1;0;1;0;0;0;0;0;1;127;"-";"ID"
"Ampicillin";"Streptococcus pneumoniae ATCC 49619";2;0;0;0;0;0;0;0;0;0;0;0;0;0;0;0;0;0;0;0;5;4;15;14;19;14;4;1;0;0;0;0;0;0;0;0;0;0;0;0;0;0;0;0;0;0;3;76;"(26)";"23 - 26"
"Ampicillin-sulbactam (fixed)";"Escherichia coli";20;37;1;4;6;9;10;13;15;27;27;24;19;36;47;71;114;89;63;34;7;4;0;0;1;1;0;0;0;0;0;0;0;0;0;0;0;0;0;0;0;0;0;0;0;0;3;659;"(16)";"15 - 17"
"Ampicillin-sulbactam (fixed)";"Escherichia coli ATCC 25922";20;0;0;0;0;0;0;0;0;0;0;0;0;0;6;14;4;4;0;0;0;0;0;0;0;0;0;0;0;0;0;0;0;0;0;0;0;0;0;0;0;0;0;0;0;0;1;28;"-";"ID"
"Ampicillin-sulbactam (fixed)";"Escherichia coli ATCC 35218";20;0;0;0;0;0;0;2;11;9;14;12;1;0;0;0;0;0;0;0;0;0;0;0;0;0;0;0;0;0;0;0;0;0;0;0;0;0;0;0;0;0;0;0;0;0;2;49;"-";"ID"
"Ampicillin-sulbactam (fixed)";"Klebsiella pneumoniae";20;10;0;0;1;1;2;4;2;5;9;14;24;31;36;30;14;9;2;1;1;0;0;0;0;0;0;0;0;0;0;0;0;0;0;0;0;0;0;0;0;0;0;0;0;0;2;196;"-";"ID"
"Ampicillin-sulbactam (fixed)";"Proteus mirabilis";20;1;0;0;0;0;0;1;2;1;1;3;1;1;3;2;5;5;22;23;34;12;13;1;1;0;0;0;0;0;0;0;0;0;0;0;0;0;0;0;0;0;0;0;0;0;2;132;"-";"ID"
"Ampicillin-sulbactam (ratio)";"Escherichia coli ATCC 25922";20;0;0;0;0;0;0;0;0;0;0;0;0;0;6;14;4;4;0;0;0;0;0;0;0;0;0;0;0;0;0;0;0;0;0;0;0;0;0;0;0;0;0;0;0;0;1;28;"-";"ID"
"Ampicillin-sulbactam (ratio)";"Escherichia coli ATCC 35218";20;0;0;0;0;0;0;2;11;9;14;12;1;0;0;0;0;0;0;0;0;0;0;0;0;0;0;0;0;0;0;0;0;0;0;0;0;0;0;0;0;0;0;0;0;0;2;49;"-";"ID"
"Azithromycin";"Escherichia coli ATCC 25922";15;0;0;0;0;0;0;0;4;156;726;685;294;132;33;27;1;1;0;0;1;1;0;0;0;0;0;0;0;0;0;0;0;0;0;0;0;0;0;0;0;0;0;0;0;0;14;2061;"13";"13 - 13"
"Azithromycin";"Klebsiella pneumoniae ATCC 700603";15;0;2;7;28;15;2;0;0;0;0;0;0;0;0;0;0;0;0;0;0;0;0;0;0;0;0;0;0;0;0;0;0;0;0;0;0;0;0;0;0;0;0;0;0;0;3;54;"(7)";"7 - 7"
"Azithromycin";"Salmonella enterica";15;0;0;0;1;0;0;0;4;59;164;252;147;37;6;0;0;0;0;0;0;0;0;0;0;0;0;0;0;0;0;0;0;0;0;0;0;0;0;0;0;0;0;0;0;0;5;670;"12";"12 - 13"
"Azithromycin";"Salmonella spp";15;2;0;0;0;0;0;0;1;7;28;33;19;9;1;6;2;6;5;2;0;0;0;0;0;0;0;0;0;0;0;0;0;0;0;0;0;0;0;0;0;0;0;0;0;0;2;121;"-";"ID"
"Azithromycin";"Staphylococcus aureus ATCC 25923";15;0;0;0;0;0;0;0;0;0;0;0;0;0;0;0;0;0;6;15;12;2;1;0;0;0;0;0;0;0;0;0;0;0;0;0;0;0;0;0;0;0;0;0;0;0;2;36;"-";"ID"
"Azithromycin";"Staphylococcus aureus ATCC 29213";15;0;0;0;0;0;0;0;0;0;0;0;0;0;0;0;0;1;26;21;6;0;0;0;0;0;0;0;0;0;0;0;0;0;0;0;0;0;0;0;0;0;0;0;0;0;3;54;"(22)";"21 - 22"
"Azithromycin";"Vibrio alginolyticus";15;0;0;0;0;0;0;0;0;0;0;0;0;0;1;11;38;30;31;16;11;10;3;1;2;1;1;0;2;0;0;0;0;0;0;0;0;0;0;0;0;0;0;0;0;0;2;158;"-";"ID"
"Azithromycin";"Vibrio cholerae";15;2;0;1;0;1;0;0;0;0;1;1;0;1;4;3;29;28;33;25;21;10;8;3;1;1;0;1;0;0;0;0;0;0;0;0;0;0;0;0;0;0;0;0;0;0;2;174;"-";"ID"
"Azithromycin";"Vibrio fluvialis";15;2;0;1;0;1;0;0;0;1;3;5;9;15;12;15;15;9;9;1;7;1;0;0;0;0;0;0;0;0;0;0;0;0;0;0;0;0;0;0;0;0;0;0;0;0;2;106;"-";"ID"
"Azithromycin";"Vibrio parahaemolyticus";15;0;0;0;0;0;0;0;0;0;0;0;0;0;4;8;29;48;37;15;9;3;0;1;0;0;0;0;0;0;0;0;0;0;0;0;0;0;0;0;0;0;0;0;0;0;2;154;"-";"ID"
"Azithromycin";"Vibrio vulnificus";15;0;0;0;0;0;0;0;0;0;0;0;0;0;0;0;1;0;5;11;21;29;22;37;8;10;5;0;1;0;0;0;0;0;0;0;0;0;0;0;0;0;0;0;0;0;2;150;"-";"ID"
"Aztreonam";"Aeromonas hydrophila";30;0;0;0;0;0;0;0;0;0;0;0;0;0;0;0;0;0;0;0;0;0;0;0;1;2;0;0;5;9;15;16;4;2;0;1;0;0;0;0;0;0;0;0;0;0;1;55;"-";"ID"
"Aztreonam";"Enterobacter cloacae";30;0;0;0;1;1;0;1;0;0;0;0;0;0;0;0;0;0;0;0;1;0;2;2;5;11;10;8;7;1;0;0;0;0;0;0;0;0;0;0;0;0;0;0;0;0;1;50;"-";"ID"
"Aztreonam";"Escherichia coli";30;0;0;0;0;1;1;0;0;0;0;1;0;1;1;0;0;0;1;1;1;1;1;13;18;47;40;48;40;21;11;4;2;0;0;0;0;0;0;0;0;0;0;0;0;0;2;254;"-";"ID"
"Aztreonam";"Escherichia coli ATCC 25922";30;0;0;0;0;0;0;0;0;0;0;0;0;0;0;0;0;0;0;0;0;0;0;1;14;26;17;14;7;1;0;0;0;0;0;0;0;0;0;0;0;0;0;0;0;0;2;80;"-";"ID"
"Aztreonam";"Klebsiella oxytoca";30;0;0;1;0;0;1;0;1;0;0;0;0;2;0;0;0;0;0;2;3;3;3;8;9;18;22;12;14;12;4;7;2;2;0;0;0;0;0;0;0;0;0;0;0;0;2;126;"-";"ID"
"Aztreonam";"Klebsiella pneumoniae";30;1;0;0;0;1;0;0;0;0;0;0;0;0;0;0;0;0;0;0;1;3;3;4;11;22;31;30;9;7;8;6;3;1;0;0;0;0;0;0;0;0;0;0;0;0;1;141;"-";"ID"
"Aztreonam";"Klebsiella pneumoniae ATCC 700603";30;0;0;0;0;13;14;17;1;0;0;0;0;0;0;0;0;0;0;0;0;0;0;0;0;0;0;0;0;0;0;0;0;0;0;0;0;0;0;0;0;0;0;0;0;0;2;45;"-";"ID"
"Aztreonam";"Proteus mirabilis";30;0;0;0;0;0;0;0;0;0;0;0;0;0;0;0;0;0;0;0;0;1;0;0;0;0;1;0;4;6;13;15;27;19;10;8;3;0;0;0;0;0;0;0;0;0;1;107;"-";"ID"
"Aztreonam";"Pseudomonas aeruginosa";30;11;2;0;2;3;1;2;5;5;6;9;5;6;8;19;23;42;68;46;62;38;26;12;3;5;3;3;4;2;3;3;2;1;0;1;1;0;0;0;0;0;0;0;0;0;2;432;"-";"ID"
"Aztreonam";"Pseudomonas aeruginosa ATCC 27853";30;0;0;0;0;0;0;0;0;0;0;0;0;0;0;0;7;6;18;22;38;29;12;3;2;0;0;0;0;0;0;0;0;0;0;0;0;0;0;0;0;0;0;0;0;0;2;137;"((22))";"ID"
"Aztreonam-avibactam";"Escherichia coli ATCC 25922";50;0;0;0;0;0;0;0;0;0;0;0;0;0;0;0;0;0;0;0;0;0;0;0;1;1;1;16;13;4;1;0;0;0;0;0;0;0;0;0;0;0;0;0;0;0;1;37;"-";"ID"
"Aztreonam-avibactam";"Klebsiella pneumoniae ATCC 700603";50;0;0;0;0;0;0;0;0;0;0;0;0;0;0;0;0;0;0;0;0;3;5;13;8;5;2;0;0;0;0;0;0;0;0;0;0;0;0;0;0;0;0;0;0;0;1;36;"-";"ID"
"Benzylpenicillin";"Aerococcus sanguinicola";1;0;0;0;0;0;0;0;0;0;0;1;0;0;1;2;6;9;18;32;49;79;95;66;75;63;37;24;11;9;3;4;2;2;1;0;0;0;0;0;0;0;0;0;0;0;8;589;"19";"19 - 21"
"Benzylpenicillin";"Bacillus anthracis";1;1;0;0;0;0;0;0;0;0;1;0;0;0;1;0;1;11;11;11;30;26;46;31;18;15;1;5;1;0;0;0;2;0;0;0;0;0;0;0;0;0;0;0;0;0;3;212;"(20)";"20 - 22"
"Benzylpenicillin";"Clostridium perfringens";1;7;0;2;1;0;0;2;0;0;0;2;2;5;4;8;4;19;21;25;25;16;3;1;1;1;0;0;0;0;0;0;0;0;0;0;0;0;0;0;0;0;0;0;0;0;2;149;"-";"ID"
"Benzylpenicillin";"Clostridium perfringens ATCC 13124";1;0;0;0;0;0;0;0;0;0;0;0;0;0;0;0;0;2;140;324;379;193;73;17;1;0;0;0;0;0;0;0;0;0;0;0;0;0;0;0;0;0;0;0;0;0;9;1129;"22";"22 - 23"
"Benzylpenicillin";"Corynebacterium diphtheriae";1;7;1;1;1;1;0;0;2;5;22;36;43;33;15;14;10;6;1;1;1;0;0;0;0;0;0;0;0;0;0;0;0;0;0;0;0;0;0;0;0;0;0;0;0;0;2;200;"-";"ID"
"Benzylpenicillin";"Corynebacterium ulcerans";1;0;0;0;0;0;0;0;0;0;0;4;26;35;59;58;12;4;1;1;0;0;0;0;0;0;0;0;0;0;0;0;0;0;0;0;0;0;0;0;0;0;0;0;0;0;2;200;"-";"ID"
"Benzylpenicillin";"Cutibacterium acnes";1;0;0;0;0;0;0;0;0;0;0;0;0;0;0;0;0;0;0;0;0;0;0;10;4;7;10;23;18;14;17;13;12;3;1;0;0;0;0;0;0;0;0;0;0;0;2;132;"-";"ID"
"Benzylpenicillin";"Enterococcus cecorum";1;1;0;0;0;0;0;0;0;0;0;0;0;0;0;0;3;0;9;6;3;7;7;7;4;2;3;0;0;0;0;0;0;0;0;0;0;0;0;0;0;0;0;0;0;0;1;52;"-";"ID"
"Benzylpenicillin";"Fusobacterium necrophorum";1;0;0;0;0;0;0;0;0;0;0;0;0;0;0;0;0;0;0;0;0;0;1;5;12;21;25;28;20;16;1;1;0;0;0;0;0;0;0;0;0;0;0;0;0;0;2;130;"-";"ID"
"Benzylpenicillin";"Haemophilus influenzae";1;2066;7;24;64;108;84;144;187;316;503;673;647;540;326;175;80;32;22;13;5;3;2;5;1;3;0;0;0;1;0;0;0;0;0;0;0;0;0;0;0;0;0;0;0;0;11;6031;"12";"10 - 11"
"Benzylpenicillin";"Haemophilus influenzae ATCC 49766";1;0;0;0;0;0;0;0;0;0;43;448;1610;1832;717;120;6;0;0;0;0;0;0;0;0;0;0;0;0;0;0;0;0;0;0;0;0;0;0;0;0;0;0;0;0;0;27;4776;"15";"15 - 16"
"Benzylpenicillin";"Haemophilus influenzae NCTC 8468";1;0;0;0;0;0;0;0;2;12;39;131;128;64;5;0;0;0;0;0;0;0;0;0;0;0;0;0;0;0;0;0;0;0;0;0;0;0;0;0;0;0;0;0;0;0;8;381;"14";"14 - 15"
"Benzylpenicillin";"Listeria monocytogenes";1;0;0;0;0;0;0;0;0;1;4;21;47;47;54;53;50;40;33;21;10;2;1;0;0;0;0;0;1;1;1;0;0;0;0;0;0;0;0;0;0;0;0;0;0;0;3;387;"(11)";"12 - 17"
"Benzylpenicillin";"Pasteurella multocida";1;2;0;0;0;0;0;0;0;0;0;0;5;6;51;102;90;91;66;37;13;6;7;5;6;3;1;0;0;0;0;0;0;0;0;0;0;0;0;0;0;0;0;0;0;0;8;491;"15";"15 - 17"
"Benzylpenicillin";"Staphylococcus aureus";1;36;0;0;3;1;6;27;14;6;2;2;1;1;1;0;0;0;2;0;0;0;1;1;1;0;2;1;0;0;0;0;0;0;0;0;0;0;0;0;0;0;0;0;0;0;1;108;"-";"ID"
"Benzylpenicillin";"Staphylococcus aureus ATCC 29213";1;0;0;0;0;0;1;29;91;184;92;20;2;0;0;0;0;0;0;0;0;0;0;0;0;0;0;0;0;0;0;0;0;0;0;0;0;0;0;0;0;0;0;0;0;0;4;419;"(12)";"11 - 12"
"Benzylpenicillin";"Staphylococcus lugdunensis";1;0;1;1;9;8;6;1;2;2;1;2;2;1;0;0;0;0;0;0;0;0;3;5;14;17;8;6;2;0;2;1;0;0;0;0;0;1;0;0;0;0;0;0;0;0;1;95;"-";"ID"
"Benzylpenicillin";"Streptococcus agalactiae";1;0;0;0;0;0;0;0;0;0;0;1;1;21;70;212;425;692;910;815;649;421;218;96;55;31;7;4;1;0;1;1;0;0;0;0;0;0;0;0;0;0;0;0;0;0;12;4631;"17";"17 - 17"
"Benzylpenicillin";"Streptococcus dysgalactiae";1;0;0;0;0;0;0;0;1;1;0;0;0;1;0;1;1;0;371;668;1108;1485;1468;1220;700;405;169;71;26;8;6;2;0;0;0;0;0;1;0;1;0;0;0;0;0;0;10;7714;"20";"20 - 21"
"Benzylpenicillin";"Streptococcus mitis group";1;6;1;2;1;2;2;1;1;2;4;1;3;3;10;15;16;8;15;23;20;26;23;12;18;13;5;1;2;2;0;1;1;0;0;0;0;0;0;0;1;0;0;0;0;0;4;241;"(15)";"14 - 19"
"Benzylpenicillin";"Streptococcus pneumoniae";1;0;0;0;0;0;0;0;0;0;0;0;0;0;1;1;0;1;1;1;0;3;0;3;1;1;5;4;11;6;6;5;2;1;0;0;0;0;0;0;0;0;0;0;0;0;1;53;"-";"ID"
"Benzylpenicillin";"Streptococcus pneumoniae ATCC 49619";1;0;0;0;0;0;0;0;0;3;13;151;646;1572;1474;924;189;28;1;2;0;0;0;0;0;0;0;0;0;0;0;0;0;0;0;0;0;0;0;0;0;0;0;0;0;0;31;5003;"16";"16 - 16"
"Benzylpenicillin";"Streptococcus pyogenes";1;2;0;0;0;0;0;0;0;0;0;0;0;5;9;19;30;44;95;158;308;528;790;1076;1005;1114;725;554;340;216;135;88;34;21;13;7;1;1;0;1;0;0;0;0;0;0;13;7319;"21";"20 - 22"
"Benzylpenicillin";"Streptococcus pyogenes CCUG 25571";1;0;0;0;0;0;0;0;0;0;0;0;0;0;0;0;0;0;0;0;2;6;4;2;11;3;0;2;0;0;0;0;0;0;0;0;0;0;0;0;0;0;0;0;0;0;1;30;"-";"ID"
"Benzylpenicillin";"Streptococcus salivarius";1;0;0;0;0;1;2;2;2;1;0;0;0;2;6;4;5;6;8;6;4;2;1;1;1;1;0;0;0;0;0;0;0;0;0;0;0;0;0;0;0;0;0;0;0;0;1;55;"-";"ID"
"Cefaclor";"Haemophilus influenzae";30;482;0;7;8;27;25;42;50;47;55;74;69;105;141;172;206;225;543;476;494;462;369;258;179;127;59;40;32;17;10;6;5;1;1;0;0;0;0;0;0;0;0;0;0;0;9;4814;"15";"15 - 18"
"Cefaclor";"Haemophilus influenzae ATCC 49766";30;0;0;0;0;0;0;0;0;1;0;0;0;0;0;0;0;5;18;273;473;499;426;243;74;24;2;0;0;0;0;0;0;0;0;0;0;0;0;0;0;0;0;0;0;0;14;2038;"23";"23 - 24"
"Cefaclor";"Haemophilus influenzae NCTC 8468";30;0;0;0;0;0;0;0;0;0;0;0;0;0;0;0;0;2;7;29;66;117;121;123;65;21;0;0;0;0;0;0;0;0;0;0;0;0;0;0;0;0;0;0;0;0;6;551;"24";"22 - 25"
"Cefaclor";"Moraxella catarrhalis";30;0;0;0;0;0;0;0;0;1;0;0;0;0;0;0;0;4;12;25;44;47;47;22;10;8;2;1;5;2;1;2;0;2;0;0;0;1;0;2;0;2;0;3;0;2;2;245;"-";"ID"
"Cefaclor";"Streptococcus pneumoniae ATCC 49619";30;0;0;0;0;0;0;0;0;0;0;0;0;0;0;0;0;0;0;0;0;0;13;16;19;11;5;0;0;0;0;0;0;0;0;0;0;0;0;0;0;0;0;0;0;0;2;64;"((26))";"ID"
"Cefadroxil";"Citrobacter koseri";30;7;0;1;0;0;2;1;1;1;2;6;35;152;303;363;197;72;18;14;3;0;0;1;1;1;0;0;0;0;0;0;0;0;0;0;0;0;0;0;0;0;0;0;0;0;10;1181;"15";"15 - 16"
"Cefadroxil";"Enterococcus faecalis ATCC 29212";30;0;0;4;23;19;21;27;18;1;1;0;0;0;0;0;0;0;0;0;0;0;0;0;0;0;0;0;0;0;0;0;0;0;0;0;0;0;0;0;0;0;0;0;0;0;1;114;"-";"ID"
"Cefadroxil";"Escherichia coli";30;4904;10;66;78;139;200;372;570;1505;3802;9168;17939;24830;22362;14261;5590;2146;675;286;105;76;42;56;52;18;7;8;1;0;0;1;0;1;0;0;0;0;0;0;0;0;0;0;0;0;16;109270;"13";"13 - 14"
"Cefadroxil";"Escherichia coli ATCC 25922";30;0;0;0;0;0;0;0;1;22;274;1160;2014;1290;378;52;0;0;1;0;0;0;0;0;0;0;0;0;0;0;0;0;0;0;0;0;0;0;0;0;0;0;0;0;0;0;27;5192;"15";"15 - 15"
"Cefadroxil";"Klebsiella oxytoca";30;138;2;8;5;9;4;10;15;24;34;84;231;604;965;1029;564;209;48;12;8;0;2;1;2;2;1;0;0;0;0;0;0;0;0;0;0;0;0;0;0;0;0;0;0;0;13;4011;"16";"15 - 16"
"Cefadroxil";"Klebsiella pneumoniae";30;480;1;5;7;23;19;17;31;53;111;389;1210;2353;2679;2018;854;301;102;28;21;10;6;4;3;5;0;0;0;1;2;1;1;0;0;0;0;0;0;0;0;0;0;0;0;0;14;10735;"14";"14 - 14"
"Cefadroxil";"Proteus mirabilis";30;101;0;3;6;18;28;57;70;174;523;1185;1712;1441;666;286;82;31;16;0;2;5;2;3;2;0;1;0;0;0;0;0;0;0;0;0;0;0;0;0;0;0;0;0;0;0;13;6414;"12";"13 - 13"
"Cefadroxil";"Shigella flexneri";30;1;0;0;0;0;0;1;2;7;9;7;14;19;20;16;8;5;3;1;0;1;0;0;0;0;0;0;0;0;0;0;0;0;0;0;0;0;0;0;0;0;0;0;0;0;1;114;"-";"ID"
"Cefadroxil";"Shigella sonnei";30;6;0;0;0;0;1;1;0;3;5;10;13;24;32;22;13;5;2;0;1;0;0;0;2;0;0;1;0;0;0;0;0;0;0;0;0;0;0;0;0;0;0;0;0;0;1;141;"-";"ID"
"Cefadroxil";"Staphylococcus saprophyticus";30;43;0;5;4;3;2;6;2;4;4;6;3;4;10;17;63;159;393;614;783;842;575;340;150;80;23;9;6;1;1;1;0;4;0;1;0;1;0;0;0;0;0;0;0;0;14;4159;"20";"19 - 20"
"Cefalexin";"Escherichia coli";30;402;3;5;6;19;27;42;60;119;157;289;564;950;1160;1179;768;493;224;115;52;25;9;12;4;4;3;3;3;5;0;0;0;0;0;0;0;0;0;0;0;0;0;0;0;0;7;6702;"13";"13 - 14"
"Cefalexin";"Escherichia coli ATCC 25922";30;0;0;0;0;0;0;0;0;0;3;23;83;151;112;62;0;1;0;0;0;0;0;0;0;0;0;0;0;0;0;0;0;0;0;0;0;0;0;0;0;0;0;0;0;0;7;435;"15";"15 - 16"
"Cefalexin";"Klebsiella pneumoniae";30;40;1;0;2;3;1;1;6;3;10;15;19;32;89;157;261;347;330;206;95;46;10;8;6;4;0;1;0;0;0;0;0;0;0;0;0;0;0;0;0;0;0;0;0;0;5;1693;"17";"16 - 18"
"Cefalexin";"Proteus mirabilis";30;14;0;0;0;0;4;9;12;20;20;32;72;120;149;125;64;43;16;10;5;1;3;1;0;0;0;0;0;0;0;0;0;0;0;0;0;0;0;0;0;0;0;0;0;0;3;720;"(13)";"12 - 14"
"Cefazolin";"Escherichia coli";30;32;0;0;0;0;0;0;0;0;0;0;2;4;0;5;4;10;32;51;55;26;9;4;2;0;0;0;0;0;0;0;0;0;0;0;0;0;0;0;0;0;0;0;0;0;1;236;"-";"ID"
"Cefazolin";"Klebsiella pneumoniae";30;28;0;1;1;0;0;0;0;0;0;0;0;0;2;0;1;2;12;38;49;16;3;1;0;0;0;0;0;0;0;0;0;0;0;0;0;0;0;0;0;0;0;0;0;0;1;154;"-";"ID"
"Cefepime";"Aeromonas hydrophila";30;0;0;0;0;0;0;0;0;0;0;0;0;0;0;0;0;0;0;0;0;0;0;0;2;3;4;12;23;7;3;0;0;0;1;0;0;0;0;0;0;0;0;0;0;0;1;55;"-";"ID"
"Cefepime";"Escherichia coli";30;18;0;0;1;3;3;2;3;0;6;2;2;0;5;0;5;0;3;6;3;1;3;8;14;46;55;146;176;170;98;50;25;7;4;2;0;0;0;0;0;0;0;0;0;0;5;867;"28";"28 - 29"
"Cefepime";"Escherichia coli ATCC 25922";30;0;0;0;0;0;0;0;0;0;0;0;0;0;0;0;0;0;0;0;0;1;1;0;1;8;18;48;61;48;13;1;0;0;0;0;0;0;0;0;0;0;0;0;0;0;6;200;"30";"30 - 31"
"Cefepime";"Haemophilus influenzae";30;0;0;0;0;0;0;0;0;0;0;0;0;0;0;0;4;0;2;5;3;5;11;8;23;20;41;48;40;29;29;19;10;5;2;1;2;0;1;0;0;0;0;0;0;0;3;308;"(24)";"24 - 24"
"Cefepime";"Haemophilus influenzae ATCC 49766";30;0;0;0;0;0;0;0;0;0;0;0;0;0;0;0;0;0;0;0;0;0;0;0;3;15;39;50;38;8;0;0;0;0;0;0;0;0;0;0;0;0;0;0;0;0;6;153;"29";"29 - 30"
"Cefepime";"Haemophilus influenzae NCTC 8468";30;0;0;0;0;0;0;0;0;0;0;0;0;0;0;0;0;0;0;0;0;0;0;0;4;13;21;27;18;5;1;0;0;0;0;0;0;0;0;0;0;0;0;0;0;0;3;89;"(29)";"28 - 30"
"Cefepime";"Klebsiella oxytoca";30;0;0;0;0;0;0;0;0;0;0;0;0;0;0;0;0;0;0;1;1;3;1;5;4;12;19;23;25;13;6;5;1;1;1;0;0;1;0;0;1;0;0;0;0;0;2;123;"-";"ID"
"Cefepime";"Klebsiella pneumoniae";30;15;1;2;3;6;4;5;5;2;2;3;8;0;2;3;3;0;1;0;3;2;7;8;37;56;81;75;62;22;11;4;3;2;0;0;0;0;0;0;0;0;0;0;0;0;4;438;"(26)";"25 - 28"
"Cefepime";"Moraxella catarrhalis";30;0;0;0;0;0;0;0;0;0;0;0;0;0;0;4;4;1;3;6;9;9;11;6;13;18;9;5;3;0;4;1;0;0;0;0;0;0;0;0;0;0;0;0;0;0;1;106;"-";"ID"
"Cefepime";"Plesiomonas shigelloides";30;0;0;0;0;0;0;0;0;0;0;0;0;0;0;0;0;0;0;0;0;0;0;0;0;0;0;0;1;2;9;15;14;9;7;2;2;0;0;0;0;0;0;0;0;0;1;61;"-";"ID"
"Cefepime";"Proteus mirabilis";30;0;0;0;0;0;0;0;0;0;0;0;0;0;0;0;0;1;0;1;2;0;0;3;6;12;20;39;30;21;14;5;4;1;0;0;0;0;0;0;0;0;0;0;0;0;2;159;"-";"ID"
"Cefepime";"Pseudomonas aeruginosa";30;5;0;1;1;1;4;1;1;2;7;4;6;4;13;11;14;18;23;29;44;68;45;51;31;30;10;3;0;2;0;2;1;0;2;0;0;0;0;0;0;0;0;0;0;0;2;434;"-";"ID"
"Cefepime";"Pseudomonas aeruginosa ATCC 27853";30;0;0;0;0;0;0;0;0;0;0;0;0;0;1;0;0;1;2;4;8;21;35;36;29;16;1;0;0;0;0;0;0;0;0;0;0;0;0;0;0;0;0;0;0;0;3;154;"(25)";"23 - 27"
"Cefepime";"Streptococcus pneumoniae ATCC 49619";30;0;0;0;0;0;0;0;0;0;0;0;0;0;0;0;0;0;0;0;0;0;0;0;0;0;3;1;10;15;18;10;5;2;0;0;0;0;0;0;0;0;0;0;0;0;2;64;"((32))";"ID"
"Cefepime";"Yersinia enterocolitica";30;0;0;0;0;0;0;0;0;0;0;0;0;0;0;0;0;0;0;0;0;0;0;0;0;1;1;1;13;11;20;19;16;22;9;4;2;1;1;0;0;0;0;0;0;0;1;121;"-";"ID"
"Cefiderocol";"Acinetobacter baumannii";30;69;1;8;6;7;12;12;17;23;18;22;19;23;37;50;55;120;158;166;138;81;35;15;16;7;4;0;1;0;0;0;0;0;0;0;0;0;0;0;0;0;0;0;0;0;10;1120;"17";"17 - 19"
"Cefiderocol";"Escherichia coli";30;16;2;7;6;5;4;8;5;6;13;12;24;14;12;14;11;22;23;39;87;79;78;122;125;137;88;34;17;3;0;0;0;0;0;0;0;0;0;0;0;0;0;0;0;0;10;1013;"23";"22 - 24"
"Cefiderocol";"Escherichia coli ATCC 25922";30;0;0;0;0;0;0;0;0;0;0;0;0;0;0;0;0;0;0;0;20;103;159;109;29;4;0;0;0;0;0;0;0;0;0;0;0;0;0;0;0;0;0;0;0;0;7;424;"24";"24 - 25"
"Cefiderocol";"Klebsiella pneumoniae";30;5;2;5;5;8;10;11;7;6;4;9;10;9;11;27;26;28;31;12;70;82;75;87;62;58;16;2;0;0;0;0;0;0;0;0;0;0;0;0;0;0;0;0;0;0;4;678;"(21)";"20 - 25"
"Cefiderocol";"Pseudomonas aeruginosa";30;14;1;1;2;5;10;4;6;7;9;14;15;19;16;17;19;52;46;76;131;186;182;166;151;119;85;44;36;12;7;2;3;0;1;0;0;0;0;0;0;0;0;0;0;0;13;1458;"20";"17 - 19"
"Cefiderocol";"Pseudomonas aeruginosa ATCC 27853";30;0;0;0;0;0;0;0;0;0;0;0;0;0;0;0;0;0;4;10;19;31;24;4;2;0;0;0;0;0;0;0;0;0;0;0;0;0;0;0;0;0;0;0;0;0;5;94;"23";"23 - 24"
"Cefiderocol";"Stenotrophomonas maltophilia";30;0;0;0;0;0;0;0;1;0;0;0;0;0;2;1;3;10;12;17;21;19;15;26;34;82;135;120;103;82;37;14;4;0;1;1;0;0;0;0;0;0;0;0;0;0;6;740;"28";"25 - 27"
"Cefixime";"Escherichia coli";5;66;15;4;1;1;2;2;4;7;2;2;6;8;11;33;73;114;163;151;123;94;57;29;13;6;9;0;2;1;2;1;0;0;0;0;0;0;0;0;0;0;0;0;0;0;4;1002;"(17)";"16 - 19"
"Cefixime";"Escherichia coli ATCC 25922";5;0;0;0;0;0;0;0;0;0;0;0;0;0;2;8;138;116;142;76;20;8;3;0;0;0;0;0;0;0;0;0;0;0;0;0;0;0;0;0;0;0;0;0;0;0;15;513;"19";"20 - 21"
"Cefixime";"Haemophilus influenzae";5;1;0;0;0;0;0;1;0;0;0;0;1;0;2;2;3;3;4;5;5;9;15;21;35;51;52;33;31;18;7;4;1;1;1;0;1;0;0;0;0;0;0;0;0;0;3;307;"(24)";"24 - 25"
"Cefixime";"Haemophilus influenzae ATCC 49766";5;0;0;0;0;0;0;0;0;0;0;0;0;0;0;0;0;0;0;0;0;0;1;5;6;40;45;43;10;3;0;0;0;0;0;0;0;0;0;0;0;0;0;0;0;0;6;153;"28";"28 - 30"
"Cefixime";"Haemophilus influenzae NCTC 8468";5;0;0;0;0;0;0;0;0;0;0;0;0;0;0;0;0;0;0;0;0;0;5;15;19;32;12;4;2;0;0;0;0;0;0;0;0;0;0;0;0;0;0;0;0;0;3;89;"(27)";"25 - 27"
"Cefixime";"Klebsiella pneumoniae";5;12;0;1;0;0;1;0;0;1;0;1;0;0;0;0;1;2;4;5;6;24;22;27;17;10;13;5;0;1;0;0;1;0;0;0;0;0;0;0;0;0;0;0;0;0;2;154;"-";"ID"
"Cefixime";"Proteus mirabilis";5;0;0;0;0;0;0;0;0;1;0;0;0;1;0;1;0;0;1;0;0;2;0;0;0;1;2;18;8;12;4;1;1;1;0;0;0;0;0;0;0;0;0;0;0;0;1;54;"-";"ID"
"Cefotaxime";"Acinetobacter baumannii";5;38;1;4;3;7;6;3;4;4;2;0;0;0;0;1;0;0;0;0;0;0;0;0;0;0;0;0;0;0;0;0;0;0;0;0;0;0;0;0;0;0;0;0;0;0;2;73;"-";""
"Cefotaxime";"Aerococcus urinae";5;0;0;0;0;0;0;0;0;0;0;0;0;0;0;0;0;0;0;2;4;7;7;0;7;8;6;7;4;11;10;3;1;2;0;0;0;0;1;0;0;1;0;0;0;0;1;81;"-";"ID"
"Cefotaxime";"Citrobacter freundii";5;207;0;0;1;4;1;2;2;2;4;2;3;3;2;11;19;41;107;162;246;332;257;113;50;31;8;4;6;0;1;0;2;0;0;0;0;0;0;0;0;0;0;0;0;0;13;1623;"21";"20 - 21"
"Cefotaxime";"Citrobacter koseri";5;3;0;0;0;0;0;0;0;2;0;2;0;0;1;5;7;23;42;60;121;133;238;287;219;147;63;31;6;2;5;0;0;0;0;0;0;0;0;0;0;0;0;0;0;0;10;1397;"22";"22 - 23"
"Cefotaxime";"Corynebacterium diphtheriae";5;0;0;0;1;0;0;1;0;2;6;4;14;27;52;46;28;11;3;3;1;0;0;1;0;0;0;0;0;0;0;0;0;0;0;0;0;0;0;0;0;0;0;0;0;0;2;200;"-";"ID"
"Cefotaxime";"Corynebacterium ulcerans";5;0;0;0;0;0;0;0;0;0;0;0;0;0;3;12;22;72;52;26;11;1;0;1;0;0;0;0;0;0;0;0;0;0;0;0;0;0;0;0;0;0;0;0;0;0;2;200;"((19))";"ID"
"Cefotaxime";"Enterobacter cloacae";5;450;0;2;5;12;7;12;7;12;11;10;15;30;36;89;123;195;336;493;522;452;326;142;71;52;21;19;9;5;1;0;0;1;0;0;0;0;0;0;0;0;0;0;0;0;13;3466;"18";"18 - 19"
"Cefotaxime";"Escherichia coli";5;6729;23;76;124;109;101;109;67;73;65;103;70;79;66;182;221;510;1210;2750;6708;13686;21867;23404;18413;11510;4997;2441;1127;632;343;184;99;44;33;29;4;13;1;6;0;3;0;2;0;0;15;118213;"22";"22 - 22"
"Cefotaxime";"Escherichia coli ATCC 25922";5;0;0;0;0;0;0;0;0;0;0;0;0;1;0;2;2;1;5;30;649;1746;2936;2583;1276;373;61;3;0;0;0;0;0;0;0;0;0;0;0;0;0;0;0;0;0;0;57;9668;"24";"24 - 25"
"Cefotaxime";"Haemophilus influenzae";5;0;0;0;0;0;0;0;0;0;0;6;5;10;25;28;22;19;14;10;21;13;210;351;398;481;473;453;359;268;184;118;78;44;26;16;9;1;6;2;2;2;0;2;1;1;5;3658;"20";"22 - 22"
"Cefotaxime";"Haemophilus influenzae ATCC 49766";5;0;0;0;0;0;0;0;0;0;0;0;0;0;0;0;0;0;0;0;0;0;3;11;205;538;816;1071;953;648;386;119;36;8;1;0;0;0;0;0;0;0;0;0;0;0;28;4795;"28";"28 - 29"
"Cefotaxime";"Haemophilus influenzae NCTC 8468";5;0;0;0;0;0;0;0;0;0;0;0;0;0;0;1;1;0;0;0;3;6;16;21;66;129;146;153;98;36;21;0;0;0;0;0;0;0;0;0;0;0;0;0;0;0;9;697;"28";"27 - 28"
"Cefotaxime";"Kingella kingae";5;0;0;0;0;0;0;0;0;0;0;0;0;0;0;0;0;0;0;0;0;0;0;1;1;1;2;13;7;12;15;26;25;17;16;10;2;4;4;1;1;0;0;1;0;0;1;159;"-";"ID"
"Cefotaxime";"Klebsiella aerogenes";5;160;0;5;12;7;9;5;5;5;8;5;8;5;6;15;21;32;71;129;196;250;203;118;57;34;13;5;2;4;1;2;0;2;0;1;0;0;0;0;0;0;0;0;0;0;10;1396;"21";"20 - 21"
"Cefotaxime";"Klebsiella oxytoca";5;32;1;0;1;0;3;3;1;2;12;18;22;30;15;24;20;31;62;113;196;388;631;894;894;747;426;203;82;31;11;11;2;2;2;1;0;0;0;0;0;0;0;0;0;0;13;4911;"23";"22 - 23"
"Cefotaxime";"Klebsiella pneumoniae";5;914;1;3;13;18;19;24;14;13;22;26;14;15;14;47;73;123;252;519;973;1690;2326;2239;1557;936;420;234;117;60;36;21;9;6;3;8;1;1;0;1;0;0;0;0;0;0;13;12762;"21";"21 - 22"
"Cefotaxime";"Klebsiella pneumoniae ATCC 700603";5;0;0;0;0;0;0;0;3;28;46;9;0;0;0;0;0;0;0;0;0;0;0;0;0;0;0;0;0;0;0;0;0;0;0;0;0;0;0;0;0;0;0;0;0;0;2;86;"-";"ID"
"Cefotaxime";"Morganella morganii";5;15;0;1;1;3;7;7;3;8;8;5;6;4;4;9;7;14;8;7;23;47;74;113;137;131;73;50;25;10;5;1;0;1;0;0;0;0;0;0;0;0;0;0;0;0;10;807;"24";"23 - 24"
"Cefotaxime";"Pasteurella multocida";5;0;0;0;0;0;0;0;0;0;0;0;0;0;0;0;0;0;0;0;0;0;0;1;2;5;10;16;12;11;6;3;1;2;0;0;0;0;0;0;0;0;0;0;0;0;1;69;"-";"ID"
"Cefotaxime";"Plesiomonas shigelloides";5;0;0;0;0;0;0;0;0;0;0;0;0;0;0;0;0;0;0;0;0;0;0;0;0;0;0;1;1;8;9;20;13;4;3;2;0;0;0;0;0;0;0;0;0;0;1;61;"-";"ID"
"Cefotaxime";"Proteus mirabilis";5;48;0;0;1;1;3;3;3;4;1;1;1;4;0;10;4;6;6;15;34;87;192;411;724;1136;1310;1323;889;526;258;124;33;20;5;4;4;0;0;0;0;0;0;1;0;0;13;7192;"25";"25 - 25"
"Cefotaxime";"Proteus vulgaris";5;0;0;0;0;0;0;0;0;0;0;0;1;0;0;2;3;1;6;5;2;11;19;34;44;51;64;57;37;14;5;2;1;1;0;0;0;0;0;0;0;0;0;0;0;0;6;360;"24";"24 - 26"
"Cefotaxime";"Salmonella enterica";5;368;23;17;12;11;10;14;4;3;8;4;4;6;8;23;40;74;214;614;1701;3365;5014;6365;6069;6063;3628;2372;1193;572;322;101;35;23;8;10;2;1;0;0;0;0;0;0;0;0;29;38301;"22";"22 - 23"
"Cefotaxime";"Salmonella spp";5;11;0;1;0;0;0;1;0;0;0;0;0;0;0;0;0;1;3;11;31;77;101;77;40;11;1;1;0;0;1;0;0;0;0;0;0;0;0;0;0;0;0;0;0;0;5;368;"23";"22 - 24"
"Cefotaxime";"Serratia marcescens";5;26;0;2;2;1;3;2;3;8;7;6;8;23;14;47;59;95;168;223;179;142;91;45;17;2;1;1;0;0;0;0;0;0;0;0;0;0;0;0;0;0;0;0;0;0;10;1175;"18";"17 - 19"
"Cefotaxime";"Shigella flexneri";5;2;0;0;0;0;0;0;0;0;0;0;0;0;0;0;1;1;1;0;4;3;10;18;11;17;8;10;10;1;0;0;0;0;0;0;0;0;0;0;0;0;0;0;0;0;1;97;"-";"ID"
"Cefotaxime";"Shigella sonnei";5;2;0;0;0;1;0;0;0;0;0;0;0;0;0;1;0;1;1;2;3;7;13;15;12;14;10;12;7;3;1;0;0;0;0;0;0;0;0;0;0;0;0;0;0;0;1;105;"-";"ID"
"Cefotaxime";"Streptococcus pneumoniae";5;0;0;0;0;0;0;0;0;0;0;0;0;0;0;0;0;0;1;0;0;1;4;2;3;10;7;8;12;13;18;28;24;30;26;22;4;4;6;6;3;1;0;0;0;0;1;233;"-";"ID"
"Cefotaxime";"Streptococcus pneumoniae ATCC 49619";5;0;0;0;0;0;0;0;0;0;0;0;0;0;0;0;0;0;0;0;0;0;1;11;23;42;39;59;29;16;5;2;0;0;0;0;0;0;0;0;0;0;0;0;0;0;5;227;"28";"27 - 29"
"Cefotaxime";"Streptococcus pyogenes";5;0;0;0;0;0;0;0;0;0;0;0;0;0;0;0;0;0;0;0;0;1;2;10;14;28;39;39;49;27;20;24;9;6;1;2;0;0;0;0;0;0;0;0;0;0;1;271;"-";"ID"
"Cefotaxime";"Streptococcus pyogenes CCUG 25571";5;0;0;0;0;0;0;0;0;0;0;0;0;0;0;0;0;0;0;1;1;0;0;0;1;24;23;31;22;8;3;1;1;0;0;0;0;0;0;0;0;0;0;0;0;0;1;116;"-";"ID"
"Cefotaxime";"Vibrio alginolyticus";5;0;0;0;0;0;0;0;0;0;0;0;0;0;0;0;0;0;0;0;7;21;36;36;23;15;12;3;3;1;1;0;0;0;0;0;0;0;0;0;0;0;0;0;0;0;2;158;"-";"ID"
"Cefotaxime";"Vibrio cholerae";5;4;0;0;0;0;0;0;0;0;0;0;0;0;0;0;0;0;0;0;0;3;1;3;9;20;31;36;20;22;8;6;2;2;2;2;1;2;0;0;0;0;0;0;0;0;2;174;"-";"ID"
"Cefotaxime";"Vibrio fluvialis";5;15;0;2;1;0;0;0;1;1;4;0;0;1;6;9;12;13;10;5;5;6;3;3;0;4;3;1;0;1;0;0;0;0;0;0;0;0;0;0;0;0;0;0;0;0;2;106;"-";"ID"
"Cefotaxime";"Vibrio parahaemolyticus";5;0;0;0;0;0;0;0;0;0;0;0;0;0;0;0;0;0;0;1;9;25;30;42;25;14;3;3;1;1;0;0;0;0;0;0;0;0;0;0;0;0;0;0;0;0;2;154;"-";"ID"
"Cefotaxime";"Vibrio vulnificus";5;0;0;0;0;0;0;0;0;0;0;0;0;0;0;0;0;0;1;2;1;6;20;25;29;31;19;8;6;1;1;0;0;0;0;0;0;0;0;0;0;0;0;0;0;0;2;150;"-";"ID"
"Cefoxitin";"Escherichia coli";30;466;6;28;39;49;34;34;54;65;58;68;75;75;180;262;377;589;1011;1141;1011;720;413;168;45;19;6;4;1;1;0;0;0;0;0;0;0;0;0;0;0;0;0;0;0;0;13;6999;"18";"18 - 19"
"Cefoxitin";"Escherichia coli ATCC 25922";30;0;0;0;0;0;0;0;0;1;0;0;0;0;0;2;1;22;309;658;1128;1123;782;393;86;3;0;0;0;0;0;0;0;0;0;0;0;0;0;0;0;0;0;0;0;0;29;4508;"22";"22 - 23"
"Cefoxitin";"Klebsiella oxytoca";30;0;1;0;0;0;0;0;0;0;0;0;1;1;1;0;6;7;3;10;15;19;4;1;1;0;0;0;0;0;0;0;0;0;0;0;0;0;0;0;0;0;0;0;0;0;1;70;"-";"ID"
"Cefoxitin";"Klebsiella pneumoniae";30;125;1;2;4;5;4;9;15;18;10;7;12;16;39;29;85;132;168;162;84;38;9;6;0;1;1;0;0;0;0;0;0;0;0;0;0;0;0;0;0;0;0;0;0;0;10;982;"18";"17 - 19"
"Cefoxitin";"Proteus mirabilis";30;0;0;0;0;0;0;0;0;0;0;1;0;3;1;2;2;7;11;41;27;9;2;1;0;0;0;0;0;0;0;0;0;0;0;0;0;0;0;0;0;0;0;0;0;0;1;107;"-";"ID"
"Cefoxitin";"Salmonella enterica";30;1;0;0;0;0;0;0;0;0;0;0;0;1;2;4;0;3;17;30;31;11;0;0;0;0;0;0;0;0;0;0;0;0;0;0;0;0;0;0;0;0;0;0;0;0;2;100;"-";"ID"
"Cefoxitin";"Staphylococcus aureus";30;414;11;55;97;228;341;563;749;923;779;622;430;279;148;60;24;80;423;1884;6076;10659;10919;8935;7039;5205;2251;882;273;106;48;31;11;16;4;5;0;0;0;0;0;0;0;0;0;0;19;60570;"20";"20 - 21"
"Cefoxitin";"Staphylococcus aureus ATCC 29213";30;0;0;0;0;0;0;0;0;0;0;0;0;0;0;0;0;0;3;94;701;1463;1244;877;731;234;3;1;0;0;0;0;0;0;0;0;0;0;0;0;0;0;0;0;0;0;30;5351;"23";"23 - 24"
"Cefoxitin";"Staphylococcus aureus NCTC 12493";30;0;0;0;0;0;0;0;0;0;1;14;15;14;11;0;0;0;0;0;0;0;0;0;0;0;0;0;0;0;0;0;0;0;0;0;0;0;0;0;0;0;0;0;0;0;2;55;"-";""
"Cefoxitin";"Staphylococcus capitis";30;93;1;1;4;19;11;17;13;9;7;5;7;2;2;2;1;1;2;6;16;52;71;96;99;65;37;17;16;6;6;9;3;6;0;4;0;2;1;0;0;0;0;0;0;0;4;709;"(22)";"ID"
"Cefoxitin";"Staphylococcus cohnii";30;13;0;2;5;7;5;2;5;6;16;13;3;1;0;1;6;27;31;25;13;11;5;2;3;0;0;0;0;0;0;0;0;0;0;0;0;0;0;0;0;0;0;0;0;0;1;202;"-";"ID"
"Cefoxitin";"Staphylococcus epidermidis";30;656;12;32;53;72;93;121;120;176;208;232;251;265;263;238;180;137;93;66;47;47;50;163;237;303;323;275;138;68;46;26;20;5;3;1;1;1;0;0;1;0;0;0;0;0;15;5023;"27";""
"Cefoxitin";"Staphylococcus haemolyticus";30;127;0;1;1;5;9;7;8;5;4;3;2;0;0;0;0;0;0;0;5;12;17;16;15;5;2;0;0;0;0;0;0;0;0;0;0;0;0;0;0;0;0;0;0;0;1;244;"-";"ID"
"Cefoxitin";"Staphylococcus hominis";30;55;1;4;3;19;28;14;11;14;12;20;21;12;9;12;13;12;12;30;36;101;130;156;124;102;44;22;11;7;2;9;2;0;0;4;1;3;0;0;0;1;0;0;0;0;5;1057;"22";"22 - 23"
"Cefoxitin";"Staphylococcus lugdunensis";30;1;0;0;0;0;2;1;1;1;0;0;1;2;2;1;2;4;2;3;11;40;84;363;579;832;695;468;224;91;25;16;4;6;2;2;0;1;0;0;1;0;0;0;0;0;14;3467;"25";"25 - 25"
"Cefoxitin";"Staphylococcus pseudintermedius";30;2;0;0;0;0;0;1;0;1;0;0;0;1;8;6;4;8;27;43;44;31;31;39;36;24;7;10;6;5;11;17;30;46;26;17;3;1;1;0;0;0;0;0;0;0;2;486;"-";"ID"
"Cefoxitin";"Staphylococcus saprophyticus";30;3;0;0;0;0;0;0;1;2;1;1;0;0;1;0;0;0;3;4;11;25;21;20;17;12;2;0;0;0;0;0;0;0;0;0;0;0;0;0;0;0;0;0;0;0;1;124;"-";"ID"
"Cefoxitin";"Staphylococcus warneri";30;25;0;1;4;6;14;19;12;1;2;0;4;5;1;2;0;0;0;0;0;3;10;35;40;36;31;12;1;2;0;0;0;0;0;0;0;0;0;0;0;0;0;0;0;0;1;266;"-";"ID"
"Cefpodoxime";"Escherichia coli ATCC 25922";10;0;0;0;0;0;0;0;0;0;0;0;0;0;0;0;0;0;1;13;27;14;3;2;0;0;0;0;0;0;0;0;0;0;0;0;0;0;0;0;0;0;0;0;0;0;1;60;"-";"ID"
"Cefpodoxime";"Haemophilus influenzae";10;2;0;0;0;0;1;1;0;2;1;3;0;0;1;4;2;2;1;3;6;17;12;23;25;37;32;44;35;20;12;13;4;1;3;1;0;0;0;0;0;0;0;0;0;0;3;308;"(24)";"22 - 27"
"Cefpodoxime";"Haemophilus influenzae ATCC 49766";10;0;0;0;0;0;0;0;0;0;0;0;0;0;0;0;0;0;0;0;0;0;0;0;0;5;29;35;22;2;0;0;0;0;0;0;0;0;0;0;0;0;0;0;0;0;3;93;"(29)";"ID"
"Cefpodoxime";"Haemophilus influenzae NCTC 8468";10;0;0;0;0;0;0;0;0;0;0;0;0;0;0;0;0;0;0;0;0;0;0;1;7;20;23;19;9;3;0;0;0;0;0;0;0;0;0;0;0;0;0;0;0;0;3;82;"(28)";"28 - 29"
"Cefpodoxime";"Klebsiella pneumoniae ATCC 700603";10;0;0;0;0;1;15;45;21;4;0;0;0;0;0;0;0;0;0;0;0;0;0;0;0;0;0;0;0;0;0;0;0;0;0;0;0;0;0;0;0;0;0;0;0;0;2;86;"-";"ID"
"Cefpodoxime";"Streptococcus pneumoniae ATCC 49619";10;0;0;0;0;0;0;0;0;0;0;0;0;0;0;0;0;0;0;0;0;0;0;0;0;1;9;20;20;9;4;1;0;0;0;0;0;0;0;0;0;0;0;0;0;0;2;64;"((30))";"ID"
"Ceftaroline";"Escherichia coli";5;40;0;0;1;5;3;1;1;2;3;4;7;8;14;9;21;17;33;41;69;114;206;124;46;22;7;4;6;1;1;0;0;0;0;0;0;0;0;0;0;0;0;0;0;0;5;810;"23";"21 - 23"
"Ceftaroline";"Escherichia coli ATCC 25922";5;0;0;0;0;0;0;0;0;0;0;0;0;0;0;0;0;0;0;2;15;33;61;32;8;0;0;0;0;0;0;0;0;0;0;0;0;0;0;0;0;0;0;0;0;0;4;151;"(24)";"24 - 25"
"Ceftaroline";"Haemophilus influenzae NCTC 8468";5;0;0;0;0;0;0;0;0;0;0;0;0;0;0;0;0;0;0;0;1;0;2;9;17;30;35;23;12;6;1;0;0;0;0;0;0;0;0;0;0;0;0;0;0;0;3;136;"(27)";"26 - 29"
"Ceftaroline";"Klebsiella pneumoniae";5;0;0;0;0;0;0;0;0;0;0;0;0;0;2;0;1;2;3;6;13;15;4;5;3;0;2;0;0;0;0;0;0;0;0;0;0;0;0;0;0;0;0;0;0;0;1;56;"-";"ID"
"Ceftaroline";"Staphylococcus aureus ATCC 29213";5;0;0;0;0;0;0;0;0;0;0;0;0;0;0;0;0;0;0;1;18;34;52;26;2;0;0;0;0;0;0;0;0;0;0;0;0;0;0;0;0;0;0;0;0;0;3;133;"(24)";"24 - 25"
"Ceftaroline";"Streptococcus pneumoniae ATCC 49619";5;0;0;0;0;0;0;0;0;0;0;0;0;0;0;0;0;0;0;0;0;0;0;0;7;9;22;28;18;10;9;1;0;1;0;0;0;0;0;0;0;0;0;0;0;0;3;105;"(28)";"28 - 29"
"Ceftazidime";"Acinetobacter baumannii";10;20;0;0;0;0;0;0;2;2;9;6;6;12;7;2;3;2;1;1;0;0;0;0;0;0;0;0;0;0;0;0;0;0;0;0;0;0;0;0;0;0;0;0;0;0;2;73;"-";"ID"
"Ceftazidime";"Aeromonas hydrophila";10;0;0;0;0;0;1;0;0;1;0;1;0;1;0;1;0;1;1;1;2;8;19;13;2;2;0;0;1;0;0;0;0;0;0;0;0;0;0;0;0;0;0;0;0;0;1;55;"-";"ID"
"Ceftazidime";"Burkholderia pseudomallei";10;1;0;1;0;0;0;0;1;0;1;1;0;1;0;2;1;1;7;12;42;43;50;17;4;0;0;0;0;0;0;0;0;0;0;0;0;0;0;0;0;0;0;0;0;0;3;185;"(21)";"21 - 24"
"Ceftazidime";"Citrobacter freundii";10;186;2;5;5;4;2;4;6;2;3;3;1;4;5;15;54;124;198;286;307;218;107;53;14;6;2;1;2;2;2;1;0;0;0;0;0;0;0;0;0;0;0;0;0;0;13;1624;"19";"19 - 20"
"Ceftazidime";"Citrobacter koseri";10;0;0;0;0;0;0;0;0;0;1;1;0;0;0;2;3;24;55;82;152;215;326;247;158;84;31;11;2;2;0;0;0;0;0;0;0;0;0;0;0;0;0;0;0;0;10;1396;"22";"21 - 22"
"Ceftazidime";"Enterobacter cloacae";10;349;8;6;12;10;12;13;21;14;13;11;25;19;23;38;69;215;344;544;653;511;307;127;65;24;19;8;4;2;0;3;0;0;0;1;0;0;0;0;0;0;0;0;0;0;13;3470;"20";"19 - 20"
"Ceftazidime";"Escherichia coli";10;1188;38;164;267;414;426;506;495;486;525;499;515;571;451;555;489;1547;3413;7386;15206;22649;24233;18008;10040;4917;1888;910;402;208;113;65;34;24;5;11;0;1;2;1;0;0;0;0;0;1;19;118653;"21";"21 - 22"
"Ceftazidime";"Escherichia coli ATCC 25922";10;0;0;0;0;0;0;0;0;0;0;0;0;1;0;0;1;12;223;806;2091;2930;2251;848;168;4;0;0;0;0;0;0;0;0;0;0;0;0;0;0;0;0;0;0;0;0;65;9335;"23";"23 - 24"
"Ceftazidime";"Klebsiella aerogenes";10;124;2;3;7;16;5;9;8;12;8;9;11;2;9;17;20;91;135;212;263;218;122;49;22;7;7;3;2;0;1;1;0;2;0;0;0;0;0;0;0;0;0;0;0;0;10;1397;"20";"19 - 20"
"Ceftazidime";"Klebsiella oxytoca";10;15;0;0;1;1;1;0;5;1;5;2;1;5;5;19;28;85;155;263;444;653;1007;938;680;356;160;47;21;6;4;0;1;0;1;0;0;0;1;0;0;0;0;0;0;0;13;4911;"22";"21 - 22"
"Ceftazidime";"Klebsiella pneumoniae";10;406;12;34;60;67;62;93;87;75;76;42;31;33;53;79;118;443;744;1315;1993;2381;2098;1333;676;293;158;65;45;22;7;5;3;1;3;1;2;0;0;0;0;0;0;0;0;0;14;12916;"20";"20 - 20"
"Ceftazidime";"Klebsiella pneumoniae ATCC 700603";10;4;13;20;33;59;54;24;0;0;0;0;0;0;0;0;0;0;0;0;0;0;0;0;0;0;0;0;0;0;0;0;0;0;0;0;0;0;0;0;0;0;0;0;0;0;9;207;"8";"7 - 9"
"Ceftazidime";"Morganella morganii";10;5;0;1;2;4;2;5;3;5;8;5;7;6;6;10;7;16;16;26;50;78;138;148;128;69;34;15;8;2;3;0;0;0;0;0;0;0;0;0;0;0;0;0;0;0;10;807;"22";"22 - 23"
"Ceftazidime";"Plesiomonas shigelloides";10;0;0;0;0;0;0;0;0;0;0;0;0;0;0;0;0;0;0;0;0;0;0;1;2;7;12;25;10;3;0;1;0;0;0;0;0;0;0;0;0;0;0;0;0;0;1;61;"-";"ID"
"Ceftazidime";"Proteus mirabilis";10;32;0;0;0;1;1;0;0;1;0;2;1;1;1;6;7;17;21;52;114;204;411;779;1278;1619;1293;819;339;125;45;14;4;3;1;2;0;0;1;0;0;0;0;0;0;0;13;7194;"25";"24 - 25"
"Ceftazidime";"Proteus vulgaris";10;0;0;0;0;0;0;0;0;0;0;0;0;0;0;0;0;1;3;1;2;4;18;43;69;75;65;43;20;10;6;0;0;0;0;0;0;0;0;0;0;0;0;0;0;0;6;360;"24";"23 - 25"
"Ceftazidime";"Pseudomonas aeruginosa";10;654;12;24;39;53;48;60;64;69;85;148;166;211;280;510;764;1169;1598;1614;1361;788;430;186;98;64;41;22;9;12;12;5;1;1;1;2;0;0;0;0;0;0;0;0;0;0;15;10601;"17";"17 - 18"
"Ceftazidime";"Pseudomonas aeruginosa ATCC 27853";10;0;0;0;0;0;0;0;0;0;1;1;0;1;6;11;70;253;836;1645;1585;546;67;5;3;3;1;0;0;0;0;0;0;0;0;0;0;0;0;0;0;0;0;0;0;0;38;5034;"22";"22 - 22"
"Ceftazidime";"Salmonella enterica";10;13;2;0;1;0;2;0;1;0;1;2;5;1;1;0;4;13;49;97;122;113;62;31;18;9;5;1;0;0;0;0;0;0;0;0;0;0;0;0;0;0;0;0;0;0;7;553;"20";"20 - 21"
"Ceftazidime";"Salmonella spp";10;4;0;2;2;1;1;0;0;0;0;0;0;1;0;2;0;5;24;63;111;95;41;11;2;1;1;0;0;0;0;0;0;0;0;0;0;0;0;0;0;0;0;0;0;0;5;367;"21";"21 - 22"
"Ceftazidime";"Serratia marcescens";10;2;0;0;0;0;0;0;0;3;2;1;3;1;5;1;8;49;72;160;244;243;191;110;43;26;5;1;2;0;1;0;0;0;0;0;0;0;0;0;0;0;0;0;0;0;10;1173;"20";"20 - 21"
"Ceftazidime";"Stenotrophomonas maltophilia";10;142;0;2;0;15;5;10;4;5;10;8;8;15;5;25;13;8;12;12;26;12;9;7;0;4;0;2;0;1;0;0;0;0;0;0;0;0;0;0;0;0;0;0;0;0;4;360;"-";""
"Ceftazidime";"Vibrio alginolyticus";10;0;0;0;0;0;0;0;0;0;0;0;0;0;0;0;0;0;0;3;7;30;26;36;24;17;8;5;2;0;0;0;0;0;0;0;0;0;0;0;0;0;0;0;0;0;2;158;"-";"ID"
"Ceftazidime";"Vibrio cholerae";10;4;0;0;0;0;0;0;0;0;0;0;0;1;1;1;1;1;6;5;18;22;51;30;11;8;5;2;1;2;2;2;0;0;0;0;0;0;0;0;0;0;0;0;0;0;2;174;"-";"ID"
"Ceftazidime";"Vibrio fluvialis";10;2;0;0;0;0;0;1;1;0;0;0;2;0;1;1;4;2;2;16;27;22;15;4;4;2;0;0;0;0;0;0;0;0;0;0;0;0;0;0;0;0;0;0;0;0;2;106;"-";"ID"
"Ceftazidime";"Vibrio parahaemolyticus";10;0;0;0;0;0;0;0;0;0;0;0;0;0;0;0;0;0;4;19;27;46;30;18;5;3;1;1;0;0;0;0;0;0;0;0;0;0;0;0;0;0;0;0;0;0;2;154;"-";"ID"
"Ceftazidime";"Vibrio vulnificus";10;0;0;0;0;0;0;0;0;0;0;0;0;0;0;0;0;1;6;10;21;30;35;21;11;10;3;1;0;1;0;0;0;0;0;0;0;0;0;0;0;0;0;0;0;0;2;150;"-";"ID"
"Ceftazidime-avibactam";"Escherichia coli";14;32;0;1;1;4;3;1;2;2;3;7;5;13;5;5;9;11;21;23;58;83;81;69;78;30;5;4;1;0;0;0;0;0;0;0;0;0;0;0;0;0;0;0;0;0;10;557;"20";"21 - 24"
"Ceftazidime-avibactam";"Escherichia coli ATCC 25922";14;0;0;0;0;0;0;0;0;0;0;0;0;0;0;0;0;0;1;10;48;152;241;166;58;6;0;0;0;0;0;0;0;0;0;0;0;0;0;0;0;0;0;0;0;0;27;682;"24";"25 - 25"
"Ceftazidime-avibactam";"Klebsiella pneumoniae ATCC 700603";14;0;0;0;0;0;0;0;0;0;0;0;0;0;10;70;183;227;98;7;0;0;0;0;0;0;0;0;0;0;0;0;0;0;0;0;0;0;0;0;0;0;0;0;0;0;23;595;"19";"19 - 20"
"Ceftazidime-avibactam";"Pseudomonas aeruginosa";14;43;3;3;9;6;5;9;14;16;22;20;25;34;34;34;37;39;66;77;71;60;35;21;5;4;2;0;2;1;1;0;0;0;0;0;0;0;0;0;0;0;0;0;0;0;10;698;"16";"12 - 19"
"Ceftazidime-avibactam";"Pseudomonas aeruginosa ATCC 27853";14;0;0;0;0;0;0;0;0;0;0;0;0;0;0;0;1;9;74;137;131;56;12;0;0;0;0;0;0;0;0;0;0;0;0;0;0;0;0;0;0;0;0;0;0;0;24;420;"22";"22 - 23"
"Ceftibuten";"Citrobacter freundii";30;7;0;0;0;0;0;0;0;0;0;0;0;0;0;0;1;1;0;1;8;7;13;11;2;4;2;0;0;0;0;0;0;0;0;0;0;0;0;0;0;0;0;0;0;0;1;57;"-";"ID"
"Ceftibuten";"Enterobacter cloacae";30;15;0;0;0;1;0;0;0;1;0;0;1;1;0;3;2;7;9;9;17;29;27;27;22;11;5;6;3;3;0;0;0;0;0;0;0;0;0;0;0;0;0;0;0;0;3;199;"(20)";"19 - 21"
"Ceftibuten";"Escherichia coli";30;23;0;3;4;4;4;5;9;22;16;19;17;17;22;37;12;18;48;127;281;569;1030;1381;1869;2275;1669;1145;710;354;185;95;43;29;15;4;3;8;0;0;0;2;0;0;0;1;6;12075;"23";"22 - 24"
"Ceftibuten";"Escherichia coli ATCC 25922";30;0;0;0;0;0;0;0;0;0;0;0;0;0;0;0;0;0;1;2;4;17;43;88;120;127;59;24;3;1;1;0;0;0;0;0;0;0;0;0;0;0;0;0;0;0;6;490;"26";"26 - 27"
"Ceftibuten";"Haemophilus influenzae";30;0;0;0;0;0;0;0;0;0;0;0;0;0;0;0;0;0;1;1;0;2;4;5;7;12;11;23;23;22;15;11;9;4;4;1;1;0;0;0;0;0;0;0;0;0;2;156;"-";"ID"
"Ceftibuten";"Haemophilus influenzae ATCC 49766";30;0;0;0;0;0;0;0;0;0;0;0;0;0;0;0;0;0;0;0;0;0;0;0;0;0;5;10;13;21;24;15;5;0;0;0;0;0;0;0;0;0;0;0;0;0;3;93;"(32)";"30 - 33"
"Ceftibuten";"Haemophilus influenzae NCTC 8468";30;0;0;0;0;0;0;0;0;0;0;0;0;0;0;0;0;0;0;0;0;0;0;0;1;1;10;28;16;15;10;4;2;0;0;0;0;0;0;0;0;0;0;0;0;0;3;87;"(28)";"29 - 30"
"Ceftibuten";"Klebsiella oxytoca";30;0;0;0;0;0;0;0;0;0;0;0;0;0;0;0;0;0;0;1;2;2;6;4;7;18;33;53;51;57;46;31;15;19;5;3;2;0;0;0;1;0;0;0;0;0;3;356;"(26)";"26 - 27"
"Ceftibuten";"Klebsiella pneumoniae";30;1;0;0;0;0;0;1;0;0;0;3;1;1;1;5;4;4;7;11;11;18;31;37;55;135;143;214;211;145;115;57;27;11;4;4;2;0;0;1;0;1;0;0;1;0;5;1262;"26";"25 - 26"
"Ceftibuten";"Proteus mirabilis";30;0;0;0;0;0;0;0;0;0;0;0;1;0;1;0;1;0;0;1;5;1;6;2;11;15;23;29;58;87;104;122;95;72;29;20;9;5;4;0;0;0;0;0;0;0;4;701;"(29)";"28 - 31"
"Ceftibuten";"Salmonella enterica";30;0;0;0;0;0;0;0;0;1;2;0;0;1;0;0;1;0;1;1;0;3;3;8;13;11;22;44;39;22;25;13;9;4;2;0;0;0;0;0;0;1;0;0;0;0;3;226;"(25)";"26 - 27"
"Ceftobiprole";"Haemophilus influenzae ATCC 49766";5;0;0;0;0;0;0;0;0;0;0;0;0;0;0;0;0;0;0;0;0;0;0;0;1;2;4;5;6;2;0;0;0;0;0;0;0;0;0;0;0;0;0;0;0;0;1;20;"-";"ID"
"Ceftobiprole";"Haemophilus influenzae NCTC 8468";5;0;0;0;0;0;0;0;0;0;0;0;0;0;0;0;0;0;0;0;0;0;0;1;3;7;6;3;0;0;0;0;0;0;0;0;0;0;0;0;0;0;0;0;0;0;1;20;"-";"ID"
"Ceftolozane-tazobactam";"Escherichia coli ATCC 25922";40;0;0;0;0;0;0;0;0;0;0;0;0;0;0;0;0;0;0;1;23;60;85;43;13;0;0;0;0;0;0;0;0;0;0;0;0;0;0;0;0;0;0;0;0;0;2;225;"-";"ID"
"Ceftolozane-tazobactam";"Haemophilus influenzae";40;0;0;0;0;0;0;0;0;0;0;2;7;7;9;17;8;6;21;11;32;31;26;14;8;1;0;0;0;0;0;0;0;0;0;0;0;0;0;0;0;0;0;0;0;0;1;200;"-";"ID"
"Ceftolozane-tazobactam";"Haemophilus influenzae ATCC 49766";40;0;0;0;0;0;0;0;0;0;0;0;0;0;0;0;0;2;1;11;22;33;80;112;59;22;3;1;0;0;0;0;0;0;0;0;0;0;0;0;0;0;0;0;0;0;9;346;"25";"24 - 26"
"Ceftolozane-tazobactam";"Klebsiella pneumoniae ATCC 700603";40;0;0;0;0;0;0;0;0;0;0;0;0;1;2;29;60;84;43;6;0;0;0;0;0;0;0;0;0;0;0;0;0;0;0;0;0;0;0;0;0;0;0;0;0;0;2;225;"-";"ID"
"Ceftolozane-tazobactam";"Pseudomonas aeruginosa";40;65;1;2;3;3;5;7;9;9;10;5;13;10;10;12;25;36;43;50;77;106;77;46;23;12;3;0;0;0;0;0;0;0;0;0;0;0;0;0;0;0;0;0;0;0;7;662;"21";"19 - 21"
"Ceftriaxone";"Brucella melitensis";30;0;0;0;0;0;0;0;0;0;0;0;0;0;0;0;0;0;0;0;0;1;0;2;1;0;2;7;5;19;9;24;20;46;51;78;49;48;36;38;22;9;12;14;1;3;6;497;"30";"29 - 37"
"Ceftriaxone";"Escherichia coli";30;4;0;0;0;0;0;0;0;0;0;0;0;0;0;0;0;0;1;1;4;8;9;20;39;79;61;34;16;11;5;0;1;1;0;0;0;0;0;0;0;0;0;0;0;0;2;294;"-";"ID"
"Ceftriaxone";"Escherichia coli ATCC 25922";30;0;0;0;0;0;0;0;0;0;0;0;0;0;0;0;0;0;0;0;0;0;1;1;11;31;40;20;7;0;0;0;0;0;0;0;0;0;0;0;0;0;0;0;0;0;4;111;"(28)";"28 - 29"
"Ceftriaxone";"Haemophilus influenzae ATCC 49766";30;0;0;0;0;0;0;0;0;0;0;0;0;0;0;0;0;0;0;0;0;0;0;0;0;0;0;0;1;3;16;37;53;46;40;2;1;0;0;0;0;0;0;0;0;0;6;199;"34";"34 - 35"
"Ceftriaxone";"Haemophilus influenzae NCTC 8468";30;0;0;0;0;0;0;0;0;0;0;0;0;0;0;0;0;0;0;0;0;0;0;0;0;0;0;0;6;9;15;21;14;12;7;4;1;0;0;0;0;0;0;0;0;0;3;89;"(32)";"32 - 34"
"Ceftriaxone";"Klebsiella oxytoca";30;0;0;0;0;0;0;0;0;0;0;0;0;0;1;0;0;0;0;0;0;0;3;5;9;14;10;4;4;1;1;1;0;1;0;0;0;0;0;0;0;0;0;0;0;0;1;54;"-";"ID"
"Ceftriaxone";"Klebsiella pneumoniae";30;1;0;0;0;0;0;0;0;0;0;0;0;0;0;0;0;0;0;0;0;0;9;26;27;24;12;4;2;2;2;1;0;1;0;0;0;0;0;0;0;0;0;0;0;0;1;111;"-";"ID"
"Ceftriaxone";"Klebsiella pneumoniae ATCC 700603";30;0;0;0;0;0;0;0;0;0;0;0;8;32;33;10;1;0;0;0;0;0;0;0;0;0;0;0;0;0;0;0;0;0;0;0;0;0;0;0;0;0;0;0;0;0;2;84;"-";"ID"
"Ceftriaxone";"Plesiomonas shigelloides";30;0;0;0;0;0;0;0;0;0;0;0;0;0;0;0;0;0;0;0;0;0;0;0;0;0;0;0;0;1;2;4;9;11;15;13;3;3;0;0;0;0;0;0;0;0;1;61;"-";"ID"
"Ceftriaxone";"Proteus mirabilis";30;0;0;0;0;0;0;0;0;0;0;0;0;0;0;0;0;0;0;0;0;0;0;0;0;0;0;1;6;7;12;18;12;10;4;7;1;1;0;0;0;0;0;0;0;0;1;79;"-";"ID"
"Ceftriaxone";"Streptococcus pneumoniae ATCC 49619";30;0;0;0;0;0;0;0;0;0;0;0;0;0;0;0;0;0;0;0;0;0;0;0;0;0;0;6;12;16;15;18;5;3;0;0;0;0;0;0;0;0;0;0;0;0;3;75;"(31)";"29 - 33"
"Ceftriaxone";"Vibrio alginolyticus";30;0;0;0;0;0;0;0;0;0;0;0;0;0;0;0;0;0;0;0;0;0;6;11;21;30;21;33;14;4;8;5;2;3;0;0;0;0;0;0;0;0;0;0;0;0;2;158;"-";"ID"
"Ceftriaxone";"Vibrio cholerae";30;0;0;0;0;0;0;0;1;0;1;2;0;0;0;0;0;0;0;0;0;0;0;1;3;5;9;13;30;30;21;21;10;9;6;5;1;2;1;2;0;1;0;0;0;0;2;174;"-";"ID"
"Ceftriaxone";"Vibrio fluvialis";30;2;0;0;0;1;1;0;0;0;2;2;1;4;5;0;0;3;1;1;9;17;17;11;11;6;4;1;4;1;1;1;0;0;0;0;0;0;0;0;0;0;0;0;0;0;2;106;"-";"ID"
"Ceftriaxone";"Vibrio parahaemolyticus";30;0;0;0;0;0;0;0;0;0;0;0;0;0;0;0;0;0;0;0;0;4;17;26;30;35;18;12;8;3;1;0;0;0;0;0;0;0;0;0;0;0;0;0;0;0;2;154;"-";"ID"
"Ceftriaxone";"Vibrio vulnificus";30;0;0;0;0;0;0;0;0;0;0;0;0;0;0;0;0;0;0;0;0;0;0;0;4;12;23;24;24;24;22;9;3;4;1;0;0;0;0;0;0;0;0;0;0;0;2;150;"-";"ID"
"Cefuroxime";"Enterobacter cloacae";30;11;0;0;1;1;2;0;2;1;1;3;3;3;7;5;5;1;1;1;2;0;0;0;0;0;0;0;0;0;0;0;0;0;0;0;0;0;0;0;0;0;0;0;0;0;1;50;"-";"ID"
"Cefuroxime";"Escherichia coli";30;3;0;0;0;0;2;0;0;1;1;4;2;3;7;29;46;61;46;46;30;22;3;1;1;0;0;0;0;0;0;0;0;0;0;0;0;0;0;0;0;0;0;0;0;0;3;308;"(16)";"14 - 18"
"Cefuroxime";"Escherichia coli ATCC 25922";30;0;0;0;0;0;0;0;0;0;0;0;0;0;0;1;17;24;14;3;0;0;0;0;0;0;0;0;0;0;0;0;0;0;0;0;0;0;0;0;0;0;0;0;0;0;1;59;"-";"ID"
"Cefuroxime";"Haemophilus influenzae";30;14;0;0;0;0;1;1;1;0;2;2;1;7;10;12;14;16;24;27;35;22;29;36;32;39;24;14;10;3;2;3;1;0;0;0;0;0;0;0;0;0;0;0;0;0;3;382;"(19)";"18 - 24"
"Cefuroxime";"Haemophilus influenzae";5;11;0;0;0;3;0;2;1;6;5;12;12;13;16;34;27;18;12;8;3;1;2;0;0;1;1;0;0;0;0;0;0;0;0;0;0;0;0;0;0;0;0;0;0;0;2;188;"-";"ID"
"Cefuroxime";"Haemophilus influenzae ATCC 49766";30;0;0;0;0;0;0;0;0;0;0;0;0;0;0;0;0;0;0;0;0;1;11;18;18;21;9;1;0;0;0;0;0;0;0;0;0;0;0;0;0;0;0;0;0;0;4;79;"(26)";"26 - 27"
"Cefuroxime";"Haemophilus influenzae NCTC 8468";30;0;0;0;0;0;0;0;0;0;0;0;0;0;0;0;0;0;0;3;8;20;21;37;20;19;3;0;0;0;0;0;0;0;0;0;0;0;0;0;0;0;0;0;0;0;5;131;"24";"24 - 26"
"Cefuroxime";"Klebsiella oxytoca";30;4;0;1;0;0;0;0;0;0;0;1;0;4;6;5;9;11;24;14;23;8;10;3;0;2;1;0;0;0;0;0;0;0;0;0;0;0;0;0;0;0;0;0;0;0;2;126;"-";"ID"
"Cefuroxime";"Klebsiella pneumoniae";30;5;0;0;0;0;0;0;0;1;2;2;2;3;1;5;9;18;37;26;10;6;7;2;1;0;1;2;1;0;0;0;0;0;0;0;0;0;0;0;0;0;0;0;0;0;1;141;"-";"ID"
"Cefuroxime";"Moraxella catarrhalis";30;0;0;0;0;0;0;0;0;0;0;0;0;0;0;0;0;0;3;9;14;17;21;11;11;4;8;2;1;2;2;1;0;0;0;0;0;0;0;0;0;0;0;0;0;0;1;106;"-";"ID"
"Cefuroxime";"Plesiomonas shigelloides";30;0;0;0;0;0;0;0;0;0;0;0;0;0;0;0;0;0;0;0;0;0;0;0;0;0;1;1;10;9;21;10;5;4;0;0;0;0;0;0;0;0;0;0;0;0;1;61;"-";"ID"
"Cefuroxime";"Proteus mirabilis";30;1;0;0;0;0;0;0;0;1;0;0;0;0;0;0;1;2;3;5;12;17;29;14;12;9;0;1;0;0;0;0;0;0;0;0;0;0;0;0;0;0;0;0;0;0;1;107;"-";"ID"
"Cefuroxime";"Streptococcus pneumoniae ATCC 49619";30;0;0;0;0;0;0;0;0;0;0;0;0;0;0;0;0;0;0;0;0;0;0;0;1;4;9;27;32;23;5;0;0;0;0;0;0;0;0;0;0;0;0;0;0;0;5;101;"30";"29 - 31"
"Chloramphenicol";"Burkholderia pseudomallei";30;16;0;1;0;0;0;1;0;0;1;0;0;1;1;2;1;2;13;26;65;44;40;24;8;3;0;1;0;0;0;0;0;0;0;0;0;0;0;0;0;0;0;0;0;0;4;250;"(19)";"20 - 21"
"Chloramphenicol";"Enterobacter cloacae";30;0;0;0;0;0;0;0;1;1;0;5;5;4;10;8;5;8;3;1;0;0;0;0;0;0;0;0;0;0;0;0;0;0;0;0;0;0;0;0;0;0;0;0;0;0;1;51;"-";"ID"
"Chloramphenicol";"Enterococcus faecalis";30;0;0;2;2;1;1;0;0;0;0;0;0;1;3;9;8;10;6;3;2;1;1;0;0;0;0;0;0;0;0;0;0;0;0;0;0;0;0;0;0;0;0;0;0;0;1;50;"-";"ID"
"Chloramphenicol";"Escherichia coli";30;5;0;1;1;0;0;0;1;1;1;0;3;6;11;27;64;46;38;33;22;7;2;0;0;0;0;0;0;0;0;0;0;0;0;0;0;0;0;0;0;0;0;0;0;0;2;269;"-";"ID"
"Chloramphenicol";"Escherichia coli ATCC 25922";30;0;0;0;0;0;0;0;0;0;0;0;0;0;0;0;6;17;12;13;6;4;1;1;0;0;0;0;0;0;0;0;0;0;0;0;0;0;0;0;0;0;0;0;0;0;1;60;"((20))";"ID"
"Chloramphenicol";"Haemophilus influenzae";30;0;0;0;0;0;0;0;0;0;0;1;0;1;0;1;0;0;0;0;0;1;0;0;1;3;11;25;65;88;79;48;18;20;7;0;1;0;0;1;0;0;0;0;0;0;4;371;"(28)";"27 - 31"
"Chloramphenicol";"Haemophilus influenzae ATCC 49766";30;0;0;0;0;0;0;0;0;0;0;0;0;0;0;0;0;0;0;0;0;0;0;0;0;0;8;26;34;18;7;0;0;0;0;0;0;0;0;0;0;0;0;0;0;0;5;93;"30";"30 - 31"
"Chloramphenicol";"Haemophilus influenzae NCTC 8468";30;0;0;0;0;0;0;0;0;0;0;0;0;0;0;0;0;0;0;0;0;0;0;0;0;1;4;16;24;28;13;2;1;0;0;0;0;0;0;0;0;0;0;0;0;0;3;89;"(31)";"30 - 31"
"Chloramphenicol";"Klebsiella oxytoca";30;2;0;0;0;0;0;0;0;0;0;0;0;1;1;1;1;3;2;8;5;8;17;5;2;1;0;0;0;0;0;0;0;0;0;0;0;0;0;0;0;0;0;0;0;0;1;57;"-";"ID"
"Chloramphenicol";"Klebsiella pneumoniae";30;4;0;2;1;0;0;1;1;0;0;1;0;1;0;3;6;12;27;25;14;6;3;2;2;0;2;0;0;0;0;0;0;0;0;0;0;0;0;0;0;0;0;0;0;0;1;113;"-";"ID"
"Chloramphenicol";"Moraxella catarrhalis";30;0;0;0;0;0;0;0;0;0;0;0;0;0;0;0;0;0;0;0;0;0;0;0;0;0;0;0;4;11;24;30;18;8;7;2;1;0;1;0;0;0;0;0;0;0;1;106;"-";"ID"
"Chloramphenicol";"Proteus mirabilis";30;6;0;0;0;0;0;0;0;0;0;1;4;8;12;13;19;5;3;4;2;1;1;0;0;0;0;0;0;0;0;0;0;0;0;0;0;0;0;0;0;0;0;0;0;0;1;79;"-";"ID"
"Chloramphenicol";"Salmonella enterica";30;1763;41;37;51;33;11;13;6;10;8;10;56;92;133;308;513;1046;2211;4297;6520;7495;6699;4792;2302;1189;380;194;64;34;26;2;2;2;0;3;0;0;0;0;2;0;0;0;0;0;28;40345;"20";"21 - 21"
"Chloramphenicol";"Staphylococcus aureus";30;0;0;7;4;4;1;1;0;0;0;0;0;2;2;15;50;126;204;198;144;84;36;23;10;4;0;0;1;0;0;0;0;0;0;0;0;0;0;0;0;0;0;0;0;0;12;916;"17";"18 - 19"
"Chloramphenicol";"Staphylococcus aureus ATCC 29213";30;0;0;0;0;0;0;0;0;0;0;0;0;0;1;20;111;310;438;369;210;97;22;2;0;0;0;0;0;0;0;0;0;0;0;0;0;0;0;0;0;0;0;0;0;0;10;1580;"20";"20 - 20"
"Chloramphenicol";"Staphylococcus epidermidis";30;0;0;8;7;3;1;0;0;0;0;0;0;0;0;0;0;0;0;0;1;1;3;9;12;12;4;4;3;0;1;0;0;0;0;0;0;0;0;0;0;0;0;0;0;0;1;69;"-";"ID"
"Chloramphenicol";"Streptococcus pneumoniae";30;0;0;0;0;0;0;0;1;2;1;2;0;1;1;1;1;1;9;16;23;33;29;17;5;7;5;1;1;0;0;0;0;0;0;0;0;0;0;0;0;0;0;0;0;0;2;157;"-";"ID"
"Chloramphenicol";"Streptococcus pneumoniae ATCC 49619";30;0;0;0;0;0;0;0;0;0;0;0;0;0;0;0;0;0;0;0;5;18;20;22;4;7;0;0;0;0;0;0;0;0;0;0;0;0;0;0;0;0;0;0;0;0;2;76;"((23))";"ID"
"Chloramphenicol";"Streptococcus pyogenes";30;0;0;0;0;0;0;0;0;0;0;0;0;0;0;0;0;0;0;0;0;4;21;14;8;2;1;0;0;0;0;0;0;0;0;0;0;0;0;0;0;0;0;0;0;0;1;50;"-";"ID"
"Ciprofloxacin";"Acinetobacter baumannii";5;184;3;1;1;0;0;1;0;1;0;0;0;1;0;0;2;2;2;4;14;23;25;20;16;9;4;4;0;1;1;0;0;0;0;0;0;0;0;0;0;0;0;0;0;0;9;319;"21";"20 - 21"
"Ciprofloxacin";"Aeromonas hydrophila";5;0;0;0;0;0;0;0;0;0;0;0;0;1;0;0;0;0;1;0;0;0;1;1;2;7;3;6;10;5;11;3;2;0;2;0;0;0;0;0;0;0;0;0;0;0;1;55;"-";"ID"
"Ciprofloxacin";"Bacillus anthracis";5;0;0;0;0;0;0;0;0;0;0;0;0;0;0;0;0;0;0;0;1;1;4;3;11;14;19;28;46;35;30;18;8;5;2;0;0;0;0;0;0;0;0;0;0;0;3;225;"(27)";"26 - 29"
"Ciprofloxacin";"Bacillus cereus";5;0;0;0;0;0;0;2;0;0;0;0;0;0;0;0;0;0;1;9;15;43;41;38;30;23;11;4;1;0;0;0;0;0;0;0;0;0;0;0;0;0;0;0;0;0;1;218;"-";"ID"
"Ciprofloxacin";"Brucella melitensis";5;0;0;0;0;0;0;0;0;0;0;0;0;0;0;0;0;1;0;0;0;0;0;1;1;14;11;31;64;73;80;61;33;32;6;4;0;0;0;0;0;0;0;0;0;0;3;412;"(27)";"27 - 30"
"Ciprofloxacin";"Campylobacter coli";5;1978;152;133;62;124;90;118;75;65;62;35;26;17;10;9;3;9;4;6;4;9;8;11;6;22;16;36;24;35;46;45;44;59;29;63;22;33;19;11;20;17;4;8;2;15;13;3586;"26";""
"Ciprofloxacin";"Campylobacter jejuni";5;15841;1357;1211;654;849;398;548;284;262;223;161;73;81;39;74;19;45;14;30;28;92;94;163;149;469;273;552;551;779;893;992;757;1189;563;1486;357;564;259;314;178;110;32;55;10;68;48;33140;"26";"ID"
"Ciprofloxacin";"Campylobacter jejuni ATCC 33560";5;0;0;0;0;0;0;0;0;0;0;0;0;0;0;0;0;0;0;0;0;0;0;0;0;0;0;0;1;4;5;13;27;15;26;21;7;3;0;0;0;0;0;0;0;0;7;122;"34";"34 - 36"
"Ciprofloxacin";"Citrobacter freundii";5;21;0;3;1;5;2;3;2;3;5;5;4;3;5;7;9;21;26;26;68;92;100;113;146;222;257;221;146;96;67;35;16;13;9;3;1;0;0;0;0;0;0;0;0;0;16;1756;"24";"23 - 24"
"Ciprofloxacin";"Citrobacter koseri";5;0;0;0;0;0;0;0;0;2;1;1;0;0;1;0;1;3;7;3;8;9;12;42;54;113;148;212;296;287;204;130;96;53;26;20;8;4;2;0;0;1;0;0;0;0;18;1744;"26";"26 - 27"
"Ciprofloxacin";"Corynebacterium diphtheriae";5;1;1;0;0;0;0;0;0;0;0;1;1;0;0;2;1;1;2;3;11;10;15;20;19;23;21;25;20;8;11;2;0;1;0;0;0;0;0;1;0;0;0;0;0;0;2;200;"-";"ID"
"Ciprofloxacin";"Corynebacterium ulcerans";5;2;0;0;0;1;1;0;0;0;0;1;0;0;1;1;1;4;2;3;6;9;14;15;19;26;18;17;19;18;10;5;3;2;0;2;0;0;0;0;0;0;0;0;0;0;2;200;"-";"ID"
"Ciprofloxacin";"Enterobacter cloacae";5;40;1;1;0;1;0;0;2;5;9;9;8;7;10;8;14;17;18;32;73;81;128;202;332;516;557;473;389;254;168;113;66;43;19;17;5;2;1;4;0;0;0;0;0;0;16;3625;"23";"23 - 23"
"Ciprofloxacin";"Enterococcus faecalis";5;73;0;0;0;0;0;0;0;0;0;1;2;10;19;44;53;36;31;24;5;5;2;3;1;0;0;0;0;0;0;0;0;0;0;0;0;0;0;0;0;0;0;0;0;0;4;309;"(14)";"12 - 16"
"Ciprofloxacin";"Enterococcus faecalis ATCC 29212";5;0;0;0;0;0;0;0;0;0;0;0;0;0;0;0;16;39;38;9;1;0;0;0;0;0;0;0;0;0;0;0;0;0;0;0;0;0;0;0;0;0;0;0;0;0;4;103;"(20)";"20 - 21"
"Ciprofloxacin";"Escherichia coli";5;2313;16;32;48;65;78;79;59;57;25;18;19;22;41;64;117;172;304;333;447;445;704;1175;2017;3253;3693;3733;3286;2531;2010;1333;898;530;280;161;65;21;16;10;3;1;4;1;0;1;4;30480;"(23)";"22 - 23"
"Ciprofloxacin";"Escherichia coli ATCC 25922";5;0;0;0;0;0;0;0;0;0;0;0;0;0;0;1;1;1;0;0;1;1;3;14;91;431;833;1327;1534;1206;829;445;182;14;3;2;0;0;0;0;0;0;0;0;0;0;48;6919;"29";"29 - 30"
"Ciprofloxacin";"Haemophilus influenzae";5;0;0;0;0;0;0;0;0;0;0;0;0;0;0;0;0;0;0;0;0;0;0;1;0;1;1;1;7;9;21;37;44;48;47;38;30;13;6;3;1;0;1;0;0;1;3;310;"(32)";"30 - 32"
"Ciprofloxacin";"Haemophilus influenzae ATCC 49766";5;0;0;0;0;0;0;0;0;0;0;0;0;0;0;0;0;0;0;0;0;0;0;0;0;0;0;1;0;9;20;21;18;10;1;0;0;0;0;0;0;0;0;0;0;0;2;80;"((33))";"ID"
"Ciprofloxacin";"Haemophilus influenzae NCTC 8468";5;0;0;0;0;0;0;0;0;0;0;0;0;0;0;0;0;0;0;0;0;0;0;0;0;0;0;4;8;6;19;18;8;10;1;0;0;0;0;0;0;0;0;0;0;0;2;74;"-";"ID"
"Ciprofloxacin";"Klebsiella aerogenes";5;2;1;0;1;2;2;0;7;1;4;4;0;0;4;6;3;5;6;12;26;29;54;106;145;155;135;100;79;52;34;21;16;16;8;6;5;1;0;0;0;0;0;0;0;0;9;1048;"21";"21 - 22"
"Ciprofloxacin";"Klebsiella oxytoca";5;2;0;1;0;0;1;3;1;3;4;4;17;4;15;6;10;11;35;25;45;106;153;302;540;890;951;852;590;358;214;82;52;31;13;7;3;0;1;0;0;0;0;0;0;0;16;5332;"24";"24 - 25"
"Ciprofloxacin";"Klebsiella pneumoniae";5;362;6;8;8;20;15;5;8;20;37;38;51;44;58;130;192;255;269;246;342;628;1156;1706;1816;1852;1105;762;446;234;144;69;35;19;11;6;0;3;1;2;0;0;0;0;0;0;14;12109;"22";"22 - 23"
"Ciprofloxacin";"Moraxella catarrhalis";5;0;0;0;0;0;0;0;0;0;0;0;0;0;0;0;0;0;0;1;1;1;2;8;6;16;23;22;32;44;45;38;14;12;7;9;1;1;1;1;0;0;0;1;0;0;2;286;"-";"ID"
"Ciprofloxacin";"Morganella morganii";5;19;0;0;2;0;2;0;0;0;2;5;3;1;3;9;14;7;14;11;12;8;12;14;28;51;47;64;66;64;42;35;22;14;6;2;3;5;0;0;0;0;0;0;0;0;9;587;"23";"23 - 25"
"Ciprofloxacin";"Pasteurella multocida";5;0;0;0;0;0;0;0;0;0;0;0;0;0;0;0;0;0;0;0;0;0;0;0;1;2;2;2;9;8;12;12;11;4;5;1;0;0;0;0;0;0;0;0;0;0;1;69;"-";"ID"
"Ciprofloxacin";"Plesiomonas shigelloides";5;0;0;0;0;0;1;1;0;0;0;0;0;0;1;0;1;0;2;2;1;2;2;2;3;2;5;3;2;6;4;5;9;3;4;0;0;0;0;0;0;0;0;0;0;0;1;61;"-";"ID"
"Ciprofloxacin";"Proteus mirabilis";5;102;2;5;4;15;12;23;15;14;12;16;9;18;10;25;31;65;86;64;48;31;41;72;147;269;391;590;719;729;841;690;556;435;249;127;60;23;5;3;1;2;0;1;0;0;11;6558;"27";"26 - 27"
"Ciprofloxacin";"Proteus vulgaris";5;1;0;0;0;0;0;0;0;0;0;0;0;0;0;0;0;0;0;0;0;4;1;10;6;17;29;29;34;27;19;12;8;10;8;3;2;0;0;0;0;0;0;0;0;0;6;220;"21";"ID"
"Ciprofloxacin";"Providencia rettgeri";5;0;0;0;0;0;0;0;0;0;0;0;0;0;0;0;0;1;3;2;0;2;5;8;6;13;11;10;7;3;2;2;1;0;0;0;0;0;0;0;0;0;0;0;0;0;4;76;"-";""
"Ciprofloxacin";"Pseudomonas aeruginosa";5;366;10;10;26;37;36;42;53;45;58;78;62;67;56;96;80;101;113;122;215;309;342;392;504;869;1109;1329;1191;922;649;379;216;112;82;68;39;29;18;15;9;8;4;5;6;7;13;10286;"24";"24 - 25"
"Ciprofloxacin";"Pseudomonas aeruginosa ATCC 27853";5;0;0;0;0;0;0;0;0;0;0;0;0;0;0;0;0;0;1;2;17;103;337;771;1205;1343;743;296;78;5;3;0;0;0;0;0;0;0;0;0;0;0;0;0;0;0;31;4904;"27";"26 - 27"
"Ciprofloxacin";"Serratia marcescens";5;2;1;0;0;4;1;5;0;5;4;3;8;6;7;12;11;22;20;19;26;63;113;171;208;194;165;116;79;47;33;14;11;2;0;1;0;0;0;0;0;0;0;0;0;0;14;1373;"22";"21 - 23"
"Ciprofloxacin";"Shigella sonnei";5;1;0;0;0;0;0;2;6;5;5;1;0;0;0;0;0;0;1;2;2;2;3;5;5;6;5;7;9;14;8;4;5;3;0;3;1;0;0;0;0;0;0;0;0;0;1;105;"-";"ID"
"Ciprofloxacin";"Staphylococcus aureus";5;201;0;3;3;2;1;1;3;4;0;2;4;1;8;13;16;35;47;71;80;79;84;60;53;37;12;9;3;1;0;0;0;1;0;0;0;0;0;0;0;0;0;0;0;0;5;834;"17";"17 - 20"
"Ciprofloxacin";"Staphylococcus aureus ATCC 29213";5;0;0;0;0;0;0;0;0;0;0;0;0;0;0;0;4;19;38;29;7;3;1;0;0;0;0;0;0;0;0;0;0;0;0;0;0;0;0;0;0;0;0;0;0;0;3;101;"(21)";"20 - 21"
"Ciprofloxacin";"Staphylococcus epidermidis";5;20;0;0;0;1;0;2;1;0;0;2;1;0;0;0;0;0;0;0;0;0;2;2;3;2;11;4;5;7;3;1;0;0;2;0;0;0;0;0;0;0;0;0;0;0;1;69;"-";"ID"
"Ciprofloxacin";"Staphylococcus saprophyticus";5;1;0;0;0;0;0;0;0;0;0;0;0;0;0;0;1;7;18;26;71;103;97;97;47;21;5;2;0;0;0;1;0;0;0;1;1;0;0;0;0;0;0;0;0;0;3;499;"(22)";"21 - 22"
"Ciprofloxacin";"Streptococcus pneumoniae";5;11;0;0;1;0;1;0;1;3;1;0;1;5;8;29;31;35;35;28;20;8;7;2;0;0;0;0;1;0;0;0;0;0;0;0;0;0;0;0;0;0;0;0;0;0;2;228;"-";"ID"
"Ciprofloxacin";"Streptococcus pneumoniae ATCC 49619";5;0;0;0;0;0;0;0;0;0;0;0;0;0;0;0;0;0;4;16;11;6;1;0;0;0;0;0;0;0;0;0;0;0;0;0;0;0;0;0;0;0;0;0;0;0;2;38;"((21))";"ID"
"Ciprofloxacin";"Vibrio alginolyticus";5;0;0;0;0;0;0;0;0;0;0;0;0;0;0;0;0;2;3;12;21;38;25;20;9;9;3;5;2;3;3;1;0;1;1;0;0;0;0;0;0;0;0;0;0;0;2;158;"-";"ID"
"Ciprofloxacin";"Vibrio cholerae";5;0;0;0;0;0;0;0;0;0;0;0;2;10;8;2;4;2;0;3;2;12;15;4;4;10;6;10;15;13;15;11;12;3;5;3;2;1;0;0;0;0;0;0;0;0;2;174;"-";"ID"
"Ciprofloxacin";"Vibrio fluvialis";5;2;0;0;2;0;2;2;2;0;0;8;5;6;3;0;0;0;0;1;3;7;3;4;6;11;11;10;6;6;5;0;1;0;0;0;0;0;0;0;0;0;0;0;0;0;2;106;"-";"ID"
"Ciprofloxacin";"Vibrio parahaemolyticus";5;0;0;0;0;0;0;0;0;0;0;0;0;0;0;0;0;0;2;9;30;34;23;27;11;10;6;0;1;0;0;1;0;0;0;0;0;0;0;0;0;0;0;0;0;0;2;154;"-";"ID"
"Ciprofloxacin";"Vibrio vulnificus";5;0;0;0;0;0;0;0;0;0;0;0;0;0;0;0;0;0;0;0;0;0;0;5;9;18;23;29;24;16;12;6;3;3;2;0;0;0;0;0;0;0;0;0;0;0;2;150;"-";"ID"
"Ciprofloxacin";"Yersinia enterocolitica";5;0;0;0;0;0;0;0;0;0;0;0;0;0;0;0;0;0;0;0;0;5;2;2;0;3;4;9;30;33;43;34;8;5;0;0;0;0;0;0;0;0;0;0;0;0;2;178;"-";"ID"
"Clindamycin";"Bacillus anthracis";2;0;0;0;0;0;0;0;0;0;0;0;0;0;0;2;2;7;6;4;7;10;8;6;1;0;0;0;1;0;0;0;0;0;0;0;0;0;0;0;0;0;0;0;0;0;1;54;"-";"ID"
"Clindamycin";"Bacillus cereus";2;0;0;0;0;0;0;0;0;0;0;0;0;6;18;48;69;41;25;6;2;3;0;0;0;0;0;0;0;0;0;0;0;0;0;0;0;0;0;0;0;0;0;0;0;0;1;218;"-";"ID"
"Clindamycin";"Bacteroides fragilis";2;31;0;1;4;4;8;7;3;9;0;2;2;2;2;2;5;4;6;4;4;12;6;10;7;10;13;6;12;8;5;5;2;0;1;1;0;0;0;0;0;0;0;0;0;0;5;198;"-";""
"Clindamycin";"Bacteroides fragilis ATCC 25285";2;0;0;0;0;0;0;0;0;0;0;0;0;1;0;1;1;7;168;259;363;230;139;40;8;0;0;0;0;0;0;0;0;0;0;0;0;0;0;0;0;0;0;0;0;0;9;1217;"22";"22 - 23"
"Clindamycin";"Clostridium perfringens ATCC 13124";2;0;0;0;0;0;0;0;0;0;0;0;0;1;0;30;165;389;346;147;42;2;0;0;0;0;0;0;0;0;0;0;0;0;0;0;0;0;0;0;0;0;0;0;0;0;9;1122;"20";"20 - 21"
"Clindamycin";"Corynebacterium diphtheriae";2;5;0;0;0;0;0;0;0;1;0;3;8;14;27;33;19;19;23;19;15;8;4;2;0;0;0;0;0;0;0;0;0;0;0;0;0;0;0;0;0;0;0;0;0;0;2;200;"-";"ID"
"Clindamycin";"Corynebacterium ulcerans";2;1;0;0;0;0;0;3;8;21;28;20;8;4;3;0;1;0;1;0;2;0;0;0;0;0;0;0;0;0;0;0;0;0;0;0;0;0;0;0;0;0;0;0;0;0;1;100;"-";"ID"
"Clindamycin";"Cutibacterium acnes";2;4;0;0;0;0;0;0;0;0;0;0;0;0;0;0;0;0;0;0;0;0;0;0;0;0;0;1;4;1;3;5;14;34;20;20;6;3;3;0;0;0;0;0;0;0;2;118;"-";"ID"
"Clindamycin";"Enterococcus cecorum";2;14;0;0;0;0;0;0;0;0;0;0;0;0;0;0;0;0;3;1;1;5;6;3;5;5;3;3;2;1;0;0;0;0;0;0;0;0;0;0;0;0;0;0;0;0;1;52;"-";"ID"
"Clindamycin";"Fusobacterium necrophorum";2;0;0;0;0;0;0;0;0;0;0;0;0;0;0;0;0;0;0;0;0;0;0;0;0;0;0;0;0;2;5;4;9;18;12;10;4;2;0;0;0;0;0;0;0;0;1;66;"-";"ID"
"Clindamycin";"Lactobacillus delbrueckii";2;4;0;0;0;0;0;0;0;0;2;0;0;0;0;1;0;1;1;1;0;0;1;1;0;1;1;2;4;2;5;6;7;6;3;16;0;0;0;0;0;0;0;0;0;0;1;65;"-";"ID"
"Clindamycin";"Staphylococcus aureus";2;1221;19;7;14;19;14;9;10;13;6;8;15;31;55;94;129;965;2661;6587;12390;14888;11018;5594;2148;970;340;203;64;64;23;23;8;11;3;5;5;1;2;2;0;1;0;0;0;0;19;59640;"21";"21 - 21"
"Clindamycin";"Staphylococcus aureus ATCC 29213";2;0;0;0;0;0;0;0;0;0;0;0;0;0;0;1;2;13;134;548;1305;1711;1093;349;63;8;1;1;0;0;0;0;0;0;0;0;0;0;0;0;0;0;0;0;0;0;28;5229;"23";"23 - 23"
"Clindamycin";"Staphylococcus capitis";2;16;0;0;0;0;0;0;0;0;0;0;1;0;0;0;0;1;1;10;12;20;27;33;30;24;4;9;5;1;0;1;1;0;0;0;0;0;0;0;0;0;0;0;0;0;3;196;"(21)";"ID"
"Clindamycin";"Staphylococcus epidermidis";2;848;0;1;2;1;0;2;2;2;1;9;3;8;4;3;3;8;22;46;81;153;212;207;167;106;52;29;9;11;7;7;2;2;0;0;1;1;0;1;0;0;0;0;0;0;7;2013;"21";"20 - 22"
"Clindamycin";"Staphylococcus hominis";2;105;0;2;0;3;4;2;0;0;0;1;0;1;1;1;0;9;12;23;32;74;98;152;122;97;76;36;14;10;10;4;3;1;1;0;0;0;0;0;0;0;0;0;0;0;4;894;"(21)";"20 - 23"
"Clindamycin";"Staphylococcus lugdunensis";2;195;0;1;1;19;5;6;8;6;4;4;3;4;4;2;2;8;8;18;40;86;210;361;430;645;367;464;199;180;64;75;6;23;3;10;1;0;0;1;0;0;0;0;0;0;14;3463;"22";"23 - 24"
"Clindamycin";"Streptococcus agalactiae";2;143;0;1;0;1;3;7;4;14;9;7;12;19;73;182;349;496;440;294;128;47;22;8;7;3;1;0;0;1;1;0;0;0;0;0;0;0;0;0;0;0;0;0;0;0;13;2272;"17";"17 - 18"
"Clindamycin";"Streptococcus dysgalactiae";2;194;0;0;1;1;3;0;1;1;3;9;28;136;342;868;1290;1604;1484;831;490;177;82;30;12;5;0;2;0;0;0;0;0;0;0;0;0;0;0;0;0;0;0;0;0;0;10;7594;"17";"17 - 17"
"Clindamycin";"Streptococcus mitis group";2;13;1;0;0;2;2;0;0;2;0;1;1;0;0;1;5;11;22;39;27;37;28;14;15;12;1;4;1;2;0;1;0;0;0;1;0;0;0;0;1;0;0;0;0;0;4;244;"(17)";"16 - 18"
"Clindamycin";"Streptococcus pneumoniae";2;775;15;11;9;13;10;14;14;15;19;8;7;12;61;165;325;577;926;1072;1156;1104;771;545;304;215;105;72;21;18;5;4;0;0;2;1;0;0;0;0;0;0;0;0;0;0;14;8371;"17";"17 - 18"
"Clindamycin";"Streptococcus pneumoniae ATCC 49619";2;0;0;0;0;0;0;0;0;0;0;0;0;0;1;4;47;938;1545;1390;868;325;81;14;1;0;0;0;0;0;0;0;0;0;0;0;0;0;0;0;0;0;0;0;0;0;30;5214;"21";"21 - 21"
"Clindamycin";"Streptococcus pyogenes";2;144;0;0;1;1;1;1;3;2;8;5;14;38;111;306;596;875;1169;1200;1048;844;599;391;227;147;67;41;24;11;7;2;3;2;0;0;0;0;0;0;0;0;0;0;0;0;13;7888;"15";"15 - 17"
"Clindamycin";"Streptococcus pyogenes CCUG 25571";2;0;0;0;0;0;0;0;0;0;0;0;0;0;1;3;9;48;67;54;53;35;20;3;1;0;0;0;0;0;0;0;0;0;0;0;0;0;0;0;0;0;0;0;0;0;2;294;"-";"ID"
"Doripenem";"Acinetobacter baumannii";10;35;2;3;1;2;2;0;1;4;1;2;1;0;0;0;2;1;0;0;0;2;1;4;1;1;0;0;0;0;0;0;0;0;0;0;0;0;0;0;0;0;0;0;0;0;1;66;"-";""
"Doripenem";"Enterobacter cloacae";10;0;0;0;0;0;0;0;0;0;0;0;0;0;0;0;0;0;0;0;1;2;6;5;13;9;9;3;1;1;0;0;0;0;0;0;0;0;0;0;0;0;0;0;0;0;1;50;"-";"ID"
"Doripenem";"Escherichia coli";10;0;0;0;0;0;0;0;0;0;0;0;0;0;0;0;0;0;0;5;3;5;6;17;30;134;187;134;49;21;9;2;1;1;0;0;0;0;0;0;0;0;0;0;0;0;3;604;"(27)";"27 - 27"
"Doripenem";"Escherichia coli ATCC 25922";10;0;0;0;0;0;0;0;0;0;0;0;0;0;0;0;0;0;0;0;0;0;0;0;2;21;27;29;10;1;0;0;0;0;0;0;0;0;0;0;0;0;0;0;0;0;4;90;"(29)";"28 - 29"
"Doripenem";"Haemophilus influenzae ATCC 49766";10;0;0;0;0;0;0;0;0;0;0;0;0;0;0;0;0;0;0;0;1;4;14;30;18;22;8;2;0;0;0;0;0;0;0;0;0;0;0;0;0;0;0;0;0;0;3;99;"(25)";"25 - 27"
"Doripenem";"Haemophilus influenzae NCTC 8468";10;0;0;0;0;0;0;0;0;0;0;0;0;0;0;0;0;0;0;0;0;7;9;15;23;16;17;3;0;0;0;0;0;0;0;0;0;0;0;0;0;0;0;0;0;0;3;90;"(26)";"25 - 27"
"Doripenem";"Klebsiella oxytoca";10;0;0;0;0;0;0;0;0;0;0;0;0;0;0;0;0;1;0;0;1;1;9;10;32;23;20;13;4;1;1;1;0;0;0;0;0;0;0;0;0;0;0;0;0;0;2;117;"-";"ID"
"Doripenem";"Klebsiella pneumoniae";10;0;0;0;0;0;0;0;0;0;0;0;0;0;0;0;0;0;0;3;0;6;18;21;32;19;9;3;2;0;0;0;0;0;0;0;0;0;0;0;0;0;0;0;0;0;1;113;"-";"ID"
"Doripenem";"Moraxella catarrhalis";10;0;0;0;0;0;0;0;0;0;0;0;0;0;0;0;0;0;0;0;0;0;0;0;0;0;0;0;0;0;3;9;18;17;18;16;12;7;2;1;1;2;0;0;0;0;1;106;"-";"ID"
"Doripenem";"Plesiomonas shigelloides";10;0;0;0;0;0;0;0;0;0;0;0;0;0;0;0;0;0;0;0;0;1;2;5;12;15;10;10;5;1;0;0;0;0;0;0;0;0;0;0;0;0;0;0;0;0;1;61;"-";"ID"
"Doripenem";"Proteus mirabilis";10;0;0;0;0;0;0;0;0;0;0;0;0;0;0;0;0;0;0;3;8;20;39;47;29;15;7;3;0;0;0;0;0;0;0;0;0;0;0;0;0;0;0;0;0;0;2;171;"-";"ID"
"Doripenem";"Pseudomonas aeruginosa";10;18;0;3;1;5;1;3;2;2;3;4;7;3;6;9;2;7;4;8;11;18;14;17;27;38;47;59;65;39;35;29;14;14;4;4;1;1;0;1;2;0;0;0;0;0;3;528;"(24)";"24 - 24"
"Doripenem";"Pseudomonas aeruginosa ATCC 27853";10;0;0;0;0;0;0;0;0;0;0;0;0;0;0;0;0;0;0;0;1;0;5;4;13;31;48;33;24;8;1;0;0;0;0;0;0;0;0;0;0;0;0;0;0;0;2;168;"((28))";"ID"
"Doripenem";"Streptococcus pneumoniae ATCC 49619";10;0;0;0;0;0;0;0;0;0;0;0;0;0;0;0;0;0;0;0;0;0;0;0;0;0;2;4;11;18;17;9;3;1;0;0;0;0;0;0;0;0;0;0;0;0;3;65;"(31)";"30 - 33"
"Doxycycline";"Vibrio alginolyticus";30;0;0;0;0;0;0;0;0;0;0;0;0;0;0;0;0;3;26;37;34;19;18;9;8;2;1;0;1;0;0;0;0;0;0;0;0;0;0;0;0;0;0;0;0;0;2;158;"-";"ID"
"Doxycycline";"Vibrio cholerae";30;0;0;0;0;0;0;0;0;2;3;1;1;1;1;2;6;12;29;26;37;21;13;4;7;1;4;0;1;2;0;0;0;0;0;0;0;0;0;0;0;0;0;0;0;0;2;174;"-";"ID"
"Doxycycline";"Vibrio fluvialis";30;0;0;2;0;0;0;0;0;0;0;2;1;3;11;20;15;26;12;10;3;1;0;0;0;0;0;0;0;0;0;0;0;0;0;0;0;0;0;0;0;0;0;0;0;0;2;106;"-";"ID"
"Doxycycline";"Vibrio parahaemolyticus";30;0;0;0;0;0;0;0;0;0;0;0;0;0;0;3;8;23;44;24;30;16;5;1;0;0;0;0;0;0;0;0;0;0;0;0;0;0;0;0;0;0;0;0;0;0;2;154;"-";"ID"
"Doxycycline";"Vibrio vulnificus";30;0;0;0;0;0;0;0;0;0;0;0;0;0;0;0;0;0;0;18;17;32;19;19;25;12;5;2;1;0;0;0;0;0;0;0;0;0;0;0;0;0;0;0;0;0;2;150;"-";"ID"
"Eravacycline";"Enterococcus faecalis";20;0;0;0;0;0;0;0;0;0;0;0;1;18;22;16;27;64;94;77;53;42;2;0;0;0;0;0;0;0;0;0;0;0;0;0;0;0;0;0;0;0;0;0;0;0;8;416;"18";"19 - 20"
"Eravacycline";"Enterococcus faecalis ATCC 29212";20;0;0;0;0;0;0;0;0;0;0;0;0;0;0;0;0;1;5;9;6;0;0;0;0;0;0;0;0;0;0;0;0;0;0;0;0;0;0;0;0;0;0;0;0;0;1;21;"((20))";"ID"
"Eravacycline";"Enterococcus faecium";20;0;0;0;0;0;0;0;0;1;2;4;4;9;15;13;21;29;37;63;66;85;46;5;0;0;0;0;0;0;0;0;0;0;0;0;0;0;0;0;0;0;0;0;0;0;8;400;"20";"21 - 23"
"Eravacycline";"Escherichia coli";20;0;0;0;0;0;0;1;12;7;7;10;28;38;87;219;224;127;41;14;1;0;0;0;0;0;0;0;0;0;0;0;0;0;0;0;0;0;0;0;0;0;0;0;0;0;8;816;"17";"16 - 17"
"Eravacycline";"Escherichia coli ATCC 25922";20;0;0;0;0;0;0;0;0;0;0;0;0;0;0;4;13;13;0;0;0;0;0;0;0;0;0;0;0;0;0;0;0;0;0;0;0;0;0;0;0;0;0;0;0;0;3;30;"(19)";"19 - 21"
"Eravacycline";"Staphylococcus aureus";20;0;0;0;0;0;0;0;0;8;12;13;30;23;44;87;121;167;148;107;27;7;4;2;0;0;0;0;0;0;0;0;0;0;0;0;0;0;0;0;0;0;0;0;0;0;8;800;"17";"17 - 18"
"Eravacycline";"Streptococcus mitis";20;0;0;0;0;0;0;0;0;0;0;0;0;0;0;0;3;1;5;11;23;46;55;22;14;14;6;0;0;0;0;0;0;0;0;0;0;0;0;0;0;0;0;0;0;0;4;200;"(21)";"21 - 22"
"Eravacycline";"Streptococcus pneumoniae ATCC 49619";20;0;0;0;0;0;0;0;0;0;0;0;0;0;0;0;0;0;0;3;7;13;19;6;0;0;0;0;0;0;0;0;0;0;0;0;0;0;0;0;0;0;0;0;0;0;4;48;"(24)";"24 - 25"
"Ertapenem";"Campylobacter coli";10;0;0;0;0;0;1;0;1;0;1;1;3;3;6;3;6;8;10;12;7;24;20;26;43;42;53;59;76;88;99;70;71;72;50;39;41;38;38;27;11;23;6;6;6;8;6;1098;"-";""
"Ertapenem";"Campylobacter jejuni";10;0;0;0;0;0;0;0;0;0;1;0;0;9;3;6;6;12;9;7;8;6;13;14;19;38;37;59;80;82;63;60;94;72;68;63;53;37;25;15;12;6;3;1;0;1;5;982;"-";""
"Ertapenem";"Citrobacter freundii";10;10;0;0;0;0;0;0;0;0;0;0;0;0;0;0;0;0;0;0;1;0;0;0;1;0;3;2;10;15;10;6;0;0;0;0;0;0;0;0;0;0;0;0;0;0;1;58;"-";"ID"
"Ertapenem";"Enterobacter cloacae";10;20;0;0;0;0;0;0;0;0;0;0;0;3;2;2;2;0;3;2;5;2;7;8;6;7;9;13;8;10;5;0;2;0;0;1;0;0;0;0;0;0;0;0;0;0;2;117;"-";"ID"
"Ertapenem";"Escherichia coli";10;98;9;3;5;4;2;2;6;3;7;12;13;14;21;19;24;40;54;50;118;198;310;563;930;1319;1335;1196;835;553;359;214;66;28;14;5;1;2;0;1;0;0;0;0;0;0;15;8433;"24";"24 - 27"
"Ertapenem";"Escherichia coli ATCC 25922";10;90;0;0;0;0;0;0;0;0;0;0;0;0;0;0;0;0;0;0;1;0;4;3;26;123;270;627;1090;1205;956;454;78;6;2;0;0;0;0;0;0;0;0;0;0;0;29;4935;"30";"31 - 31"
"Ertapenem";"Haemophilus influenzae";10;30;0;0;0;0;0;0;0;0;0;0;0;0;0;0;0;3;4;6;12;19;26;32;41;42;34;38;25;15;4;3;2;1;1;0;0;0;0;0;0;0;0;0;0;0;3;338;"(22)";"21 - 22"
"Ertapenem";"Haemophilus influenzae ATCC 49766";10;10;0;0;0;0;0;0;0;0;0;0;0;0;0;0;0;0;0;0;0;8;23;36;34;25;18;12;4;0;0;0;0;0;0;0;0;0;0;0;0;0;0;0;0;0;6;170;"24";"25 - 28"
"Ertapenem";"Haemophilus influenzae NCTC 8468";10;40;0;0;0;0;0;0;0;0;0;0;0;0;0;0;0;0;0;0;1;8;9;18;27;28;15;14;4;0;0;0;0;0;0;0;0;0;0;0;0;0;0;0;0;0;4;164;"(26)";"26 - 28"
"Ertapenem";"Klebsiella oxytoca";10;20;0;0;0;0;0;0;0;0;0;0;0;0;0;0;0;0;0;0;0;0;2;0;2;5;10;21;26;17;23;13;5;2;1;0;0;0;1;0;0;0;0;0;0;0;2;148;"-";"ID"
"Ertapenem";"Klebsiella pneumoniae";10;92;11;15;6;5;5;7;4;8;5;12;19;13;6;6;10;8;12;16;48;80;105;128;172;136;112;72;40;27;11;11;0;0;0;0;0;0;0;0;0;0;0;0;0;0;12;1202;"22";"23 - 24"
"Ertapenem";"Moraxella catarrhalis";10;10;0;0;0;0;0;0;0;0;0;0;0;0;0;0;0;0;0;0;0;0;0;0;0;0;0;0;0;0;3;9;16;25;17;16;11;3;0;4;1;0;1;0;0;0;1;116;"-";"ID"
"Ertapenem";"Plesiomonas shigelloides";10;0;0;0;0;0;0;0;0;0;0;0;0;0;0;0;0;0;0;0;0;0;0;0;0;1;4;7;14;15;8;10;2;0;0;0;0;0;0;0;0;0;0;0;0;0;1;61;"-";"ID"
"Ertapenem";"Proteus mirabilis";10;10;0;0;0;0;0;0;0;0;0;0;0;0;0;0;0;0;0;0;0;1;1;2;3;12;8;21;26;20;8;4;1;0;0;0;0;0;0;0;0;0;0;0;0;0;1;117;"-";"ID"
"Ertapenem";"Staphylococcus aureus";10;10;0;0;0;0;0;0;0;0;0;0;0;0;0;0;0;0;0;0;0;0;0;0;5;5;12;16;7;4;0;1;0;0;0;0;0;0;0;0;0;0;0;0;0;0;1;60;"-";"ID"
"Ertapenem";"Streptococcus mitis";10;10;0;0;0;0;0;0;0;0;0;0;0;0;0;0;0;0;1;1;1;0;0;1;2;1;3;3;7;2;7;6;3;1;1;1;0;0;0;0;0;0;0;0;0;0;1;51;"-";"ID"
"Ertapenem";"Streptococcus pneumoniae";10;10;0;0;0;0;0;0;0;0;0;0;0;0;0;0;0;0;0;0;0;0;0;0;0;0;0;0;0;0;2;9;8;6;10;6;2;0;2;1;1;1;0;0;0;0;1;58;"-";"ID"
"Erythromycin";"Aerococcus urinae";15;0;0;0;0;0;0;0;0;0;0;0;0;0;0;0;0;0;0;0;0;1;0;4;3;7;7;6;20;8;9;7;4;3;1;0;0;0;0;1;0;0;0;0;0;0;1;81;"-";"ID"
"Erythromycin";"Bacillus cereus";15;2;0;1;1;0;0;0;0;0;0;0;0;0;3;10;10;6;1;14;35;62;58;11;4;0;0;0;0;0;0;0;0;0;0;0;0;0;0;0;0;0;0;0;0;0;1;218;"-";"ID"
"Erythromycin";"Campylobacter coli";15;631;9;4;5;6;2;8;4;6;6;6;6;10;8;22;19;46;35;193;191;176;166;205;143;247;159;223;183;195;201;176;110;84;65;109;33;25;11;5;12;10;5;2;0;8;20;3770;"24";""
"Erythromycin";"Campylobacter jejuni";15;356;5;7;1;11;1;9;3;8;7;9;6;7;4;64;85;207;265;547;850;1161;1461;2259;1778;3908;2325;3335;2553;2676;2801;1972;1265;1407;537;1085;252;275;105;124;73;39;22;37;5;67;45;33974;"20";"22 - 24"
"Erythromycin";"Campylobacter jejuni ATCC 33560";15;0;0;0;0;0;0;0;0;0;0;0;0;0;0;0;0;0;0;0;0;1;1;10;17;29;21;16;17;0;0;0;0;0;0;0;0;0;0;0;0;0;0;0;0;0;6;112;"26";"26 - 29"
"Erythromycin";"Corynebacterium diphtheriae";15;0;1;0;2;0;0;2;0;0;0;0;0;0;0;1;1;1;1;1;3;3;9;13;13;23;22;28;12;23;14;9;5;7;2;3;0;0;0;0;0;0;0;0;0;0;2;199;"-";"ID"
"Erythromycin";"Corynebacterium ulcerans";15;1;0;0;0;0;0;0;0;0;0;0;0;0;0;0;0;0;0;1;3;2;3;13;25;28;30;30;31;20;12;0;0;1;0;0;0;0;0;0;0;0;0;0;0;0;2;200;"-";"ID"
"Erythromycin";"Enterococcus cecorum";15;10;0;0;1;1;0;1;1;0;0;0;0;0;0;0;0;0;0;0;0;0;1;0;1;4;4;5;2;8;2;6;2;2;0;1;0;0;0;0;0;0;0;0;0;0;1;52;"-";"ID"
"Erythromycin";"Enterococcus faecalis";15;36;0;0;0;0;0;1;0;1;0;1;3;7;10;5;8;4;1;3;5;1;0;0;0;0;0;1;0;2;0;0;0;0;0;0;0;0;0;0;0;0;0;0;0;0;1;89;"-";"ID"
"Erythromycin";"Enterococcus faecalis ATCC 29212";15;0;0;0;0;0;0;0;0;0;0;10;25;35;24;13;8;0;0;0;0;0;0;0;0;0;0;0;0;0;0;0;0;0;0;0;0;0;0;0;0;0;0;0;0;0;1;115;"-";"ID"
"Erythromycin";"Haemophilus influenzae";15;10;0;0;1;1;3;9;16;28;30;51;53;45;27;17;4;4;4;0;1;0;1;1;0;0;0;0;0;0;0;0;0;0;0;0;0;0;0;0;0;0;0;0;0;0;3;306;"(10)";"10 - 11"
"Erythromycin";"Haemophilus influenzae ATCC 49766";15;0;0;0;0;3;6;11;29;31;13;0;0;0;0;0;0;0;0;0;0;0;0;0;0;0;0;0;0;0;0;0;0;0;0;0;0;0;0;0;0;0;0;0;0;0;3;93;"(11)";"ID"
"Erythromycin";"Haemophilus influenzae NCTC 8468";15;0;0;0;0;0;0;0;0;9;40;33;7;0;0;0;0;0;0;0;0;0;0;0;0;0;0;0;0;0;0;0;0;0;0;0;0;0;0;0;0;0;0;0;0;0;3;89;"(14)";"13 - 13"
"Erythromycin";"Kingella kingae";15;0;0;0;0;0;0;0;0;0;0;0;0;0;0;1;3;9;11;19;18;20;21;15;12;14;7;3;2;1;0;2;1;0;0;0;0;0;0;0;0;0;0;0;0;0;1;159;"-";"ID"
"Erythromycin";"Lactobacillus delbrueckii";15;3;0;0;0;0;0;0;0;0;0;0;0;0;0;0;0;0;1;1;1;0;0;2;0;0;0;1;2;1;3;2;4;12;5;26;1;0;0;0;0;0;0;0;0;0;1;65;"-";"ID"
"Erythromycin";"Listeria monocytogenes";15;0;0;0;0;0;0;0;0;0;0;0;0;0;0;0;1;0;1;1;4;11;44;71;121;161;125;64;27;5;1;1;3;3;1;0;0;0;0;0;0;0;0;0;0;0;5;645;"25";"25 - 27"
"Erythromycin";"Mannheimia haemolytica";15;6;1;2;1;11;15;22;36;57;44;12;1;0;0;0;0;0;0;0;0;0;0;0;0;0;0;0;0;0;0;0;0;0;0;0;0;0;0;0;0;0;0;0;0;0;2;208;"-";"ID"
"Erythromycin";"Moraxella catarrhalis";15;4;0;0;0;0;0;1;0;2;1;1;1;1;3;2;1;4;2;15;27;23;49;47;33;20;16;18;3;5;2;3;1;2;0;2;0;1;0;0;0;0;0;0;0;0;2;290;"-";"ID"
"Erythromycin";"Staphylococcus aureus";15;2392;41;113;257;364;273;146;72;61;42;33;25;19;27;38;112;321;1109;3440;8815;14349;14032;8191;3353;1379;453;244;117;44;31;22;10;14;10;7;3;3;0;0;0;0;0;0;0;0;19;59962;"22";"21 - 22"
"Erythromycin";"Staphylococcus aureus ATCC 29213";15;0;0;0;0;0;0;0;0;0;0;0;0;0;0;0;1;4;74;353;1095;1718;1389;482;114;3;1;1;0;0;0;0;0;0;0;0;0;0;0;0;0;0;0;0;0;0;28;5235;"23";"23 - 24"
"Erythromycin";"Staphylococcus capitis";15;60;0;0;1;0;0;0;0;0;1;2;0;0;0;0;1;1;3;8;21;20;55;90;82;107;63;51;20;32;7;12;2;4;0;0;0;0;0;0;0;0;0;0;0;0;4;643;"(23)";"ID"
"Erythromycin";"Staphylococcus epidermidis";15;29;0;0;0;0;0;0;0;0;0;0;0;0;0;0;0;0;0;0;0;0;0;0;2;7;12;6;3;3;3;2;1;0;0;0;0;0;0;0;0;0;0;0;0;0;1;68;"-";"ID"
"Erythromycin";"Staphylococcus hominis";15;83;0;0;1;0;0;2;0;0;0;0;0;0;0;0;1;0;0;0;0;10;24;34;32;41;22;26;17;8;8;2;1;2;0;0;1;0;0;1;0;0;0;0;0;0;2;316;"-";"ID"
"Erythromycin";"Staphylococcus lugdunensis";15;178;0;3;1;5;3;5;3;6;5;6;2;2;2;0;4;1;1;3;14;28;54;119;207;425;471;577;391;371;202;171;43;90;15;37;6;7;0;1;0;0;0;0;0;0;14;3459;"24";"24 - 25"
"Erythromycin";"Streptococcus agalactiae";15;131;0;1;4;7;13;14;10;19;17;9;17;6;7;7;49;109;219;374;455;401;234;90;38;13;10;3;5;4;2;0;0;0;0;0;0;1;0;0;0;0;0;0;0;0;13;2269;"20";"20 - 21"
"Erythromycin";"Streptococcus dysgalactiae";15;209;1;7;14;30;52;51;30;33;22;17;16;5;6;12;198;466;927;1291;1536;1306;737;374;134;60;23;9;3;2;0;1;0;0;0;0;0;0;0;0;0;0;0;0;0;0;10;7572;"20";"19 - 20"
"Erythromycin";"Streptococcus pneumoniae";15;761;20;43;50;87;81;108;104;72;69;35;23;11;5;8;5;42;90;188;323;529;755;951;976;1053;688;550;311;168;77;48;12;13;4;3;0;0;0;0;0;0;0;0;0;0;13;8263;"21";"21 - 23"
"Erythromycin";"Streptococcus pneumoniae ATCC 49619";15;0;0;0;0;0;0;0;0;0;0;0;0;1;0;0;0;0;1;7;28;510;1162;1351;1090;643;276;114;9;3;0;0;0;0;0;0;0;0;0;0;0;0;0;0;0;0;29;5195;"25";"25 - 25"
"Erythromycin";"Streptococcus pyogenes";15;170;1;9;8;16;7;3;9;8;12;16;9;7;10;6;37;92;226;457;810;1058;1084;993;785;637;359;205;109;73;37;21;6;7;1;2;0;1;0;1;0;0;0;0;0;0;12;7292;"19";"19 - 20"
"Erythromycin";"Streptococcus pyogenes CCUG 25571";15;0;0;0;0;0;0;0;0;0;0;0;0;0;0;0;2;0;1;8;43;69;70;60;29;6;3;1;1;1;0;0;0;0;0;0;0;0;0;0;0;0;0;0;0;0;2;294;"-";"ID"
"Erythromycin";"Vibrio alginolyticus";15;0;0;0;0;0;0;0;0;4;12;21;39;25;18;19;8;4;4;2;0;1;0;0;1;0;0;0;0;0;0;0;0;0;0;0;0;0;0;0;0;0;0;0;0;0;2;158;"-";"ID"
"Erythromycin";"Vibrio cholerae";15;4;0;0;1;1;1;0;1;0;2;6;14;27;29;27;28;20;10;2;1;0;0;0;0;0;0;0;0;0;0;0;0;0;0;0;0;0;0;0;0;0;0;0;0;0;2;174;"-";"ID"
"Erythromycin";"Vibrio fluvialis";15;1;0;0;1;0;1;5;12;9;5;12;4;2;1;0;0;0;0;0;0;0;0;0;0;0;0;0;0;0;0;0;0;0;0;0;0;0;0;0;0;0;0;0;0;0;1;53;"-";"ID"
"Erythromycin";"Vibrio parahaemolyticus";15;0;0;0;0;0;0;0;0;3;18;40;36;28;21;4;3;1;0;0;0;0;0;0;0;0;0;0;0;0;0;0;0;0;0;0;0;0;0;0;0;0;0;0;0;0;2;154;"-";"ID"
"Erythromycin";"Vibrio vulnificus";15;0;0;0;0;0;0;0;0;0;0;0;0;1;3;12;26;29;33;23;17;5;1;0;0;0;0;0;0;0;0;0;0;0;0;0;0;0;0;0;0;0;0;0;0;0;2;150;"-";"ID"
"Fosfomycin";"Escherichia coli";200;5;4;1;1;3;2;1;1;2;1;1;0;2;0;2;1;4;7;25;46;90;99;171;140;129;86;61;32;14;6;3;2;3;2;0;1;0;0;0;0;0;0;0;0;0;3;948;"(20)";"20 - 24"
"Fosfomycin";"Escherichia coli ATCC 25922";200;0;0;0;0;0;0;0;0;0;0;0;0;0;0;0;0;0;0;0;2;5;13;33;17;17;13;8;1;0;0;0;0;0;0;0;0;0;0;0;0;0;0;0;0;0;4;109;"(26)";"24 - 25"
"Fusidic acid";"Staphylococcus aureus";10;262;3;93;269;401;300;220;149;115;73;67;58;70;91;107;110;148;221;793;1720;3943;7235;9987;11107;10722;6172;3192;1371;596;289;127;69;41;21;8;4;1;4;3;3;0;0;0;0;1;20;60166;"23";"23 - 23"
"Fusidic acid";"Staphylococcus aureus ATCC 29213";10;0;0;0;0;0;0;0;0;0;0;0;0;0;0;0;1;1;2;14;52;515;987;1261;1205;798;282;97;5;1;0;0;0;0;0;0;0;0;0;0;0;0;0;0;0;0;28;5221;"25";"25 - 25"
"Fusidic acid";"Staphylococcus capitis";10;1;1;2;7;7;4;2;0;1;0;0;0;1;0;0;0;1;0;1;2;1;2;3;5;10;13;18;23;14;12;5;4;0;1;1;1;0;0;0;0;0;0;0;0;0;2;143;"-";"ID"
"Fusidic acid";"Staphylococcus epidermidis";10;80;12;55;169;307;239;182;107;79;36;19;14;11;6;9;1;3;6;14;16;50;92;174;252;387;425;396;327;201;140;64;28;15;12;5;4;2;1;4;0;0;0;1;0;0;12;3945;"24";"24 - 25"
"Fusidic acid";"Staphylococcus hominis";10;25;7;38;67;67;21;7;5;4;1;6;6;19;10;4;7;4;0;0;2;7;18;27;49;104;99;105;80;47;34;31;11;9;7;1;0;1;0;1;0;0;0;0;0;0;5;931;"24";"22 - 24"
"Fusidic acid";"Staphylococcus lugdunensis";10;4;0;3;8;20;17;24;21;27;10;3;7;3;3;1;3;2;3;9;10;15;36;61;111;266;307;461;511;506;400;298;153;103;60;43;19;15;10;5;1;1;0;0;0;0;15;3560;"25";"25 - 26"
"Gentamicin";"Acinetobacter baumannii";10;118;0;8;8;3;1;4;6;3;5;3;5;3;19;21;25;33;32;17;7;6;2;1;1;1;0;0;0;1;0;0;0;0;0;0;0;0;0;0;0;0;0;0;0;0;10;333;"18";"13 - 17"
"Gentamicin";"Aeromonas hydrophila";10;0;0;0;0;0;0;0;0;0;0;0;2;6;12;14;1;7;6;4;2;0;0;0;0;0;0;0;0;0;0;1;0;0;0;0;0;0;0;0;0;0;0;0;0;0;1;55;"-";"ID"
"Gentamicin";"Bacillus cereus";10;0;0;0;0;0;0;0;0;0;0;0;0;0;6;31;40;31;26;36;30;13;5;0;0;0;0;0;0;0;0;0;0;0;0;0;0;0;0;0;0;0;0;0;0;0;1;218;"-";"ID"
"Gentamicin";"Brucella melitensis";10;0;0;0;0;0;0;0;0;0;0;0;0;0;0;0;0;0;0;0;3;5;16;26;43;45;44;51;55;33;30;18;8;4;0;2;0;0;0;0;0;0;0;0;0;0;3;383;"(23)";"ID"
"Gentamicin";"Campylobacter coli";10;13;0;1;0;1;0;6;0;3;0;1;0;3;3;7;11;20;34;53;97;94;80;92;73;90;36;43;26;26;25;27;5;13;0;10;2;3;1;0;2;0;0;0;0;0;7;901;"20";""
"Gentamicin";"Campylobacter jejuni";10;5;0;0;0;0;1;1;1;0;0;1;1;4;5;17;49;76;101;181;262;337;369;464;400;511;317;317;226;229;202;166;109;126;46;82;19;14;3;5;3;4;1;1;0;6;7;4662;"20";"ID"
"Gentamicin";"Campylobacter jejuni ATCC 33560";10;0;0;0;0;0;0;0;0;0;0;0;0;0;0;0;1;2;1;1;4;3;3;2;0;0;0;0;0;0;0;0;0;0;0;0;0;0;0;0;0;0;0;0;0;0;1;17;"-";"ID"
"Gentamicin";"Citrobacter freundii";10;14;1;0;1;1;0;0;0;2;1;2;23;70;66;59;58;86;74;50;24;5;3;1;1;0;0;1;0;0;0;0;0;0;0;0;0;0;0;0;0;0;0;0;0;0;8;543;"15";"13 - 16"
"Gentamicin";"Citrobacter koseri";10;1;0;0;0;0;0;1;0;0;1;0;5;7;23;42;54;42;62;83;67;21;9;1;2;0;1;0;0;0;0;0;0;0;0;0;0;0;0;0;0;0;0;0;0;0;7;422;"18";"17 - 19"
"Gentamicin";"Corynebacterium striatum";10;0;0;0;2;1;0;1;4;3;3;2;2;5;7;5;0;0;0;0;0;0;1;10;8;7;6;4;5;1;1;0;0;1;0;0;0;0;0;0;0;0;0;0;0;0;1;79;"-";"ID"
"Gentamicin";"Enterobacter cloacae";10;18;0;1;0;1;3;1;1;1;0;5;47;178;179;264;297;325;257;126;48;18;11;8;4;2;1;1;1;0;0;0;0;0;0;0;0;0;0;0;0;0;0;0;0;0;12;1798;"15";"15 - 16"
"Gentamicin";"Enterococcus faecalis";30;1225;7;22;22;41;56;126;356;840;932;718;516;299;170;115;39;33;31;18;17;10;8;5;1;1;2;0;1;0;0;0;0;0;0;0;0;0;0;0;0;0;0;0;0;0;13;5611;"8";"8 - 10"
"Gentamicin";"Enterococcus faecalis ATCC 29212";30;0;0;0;0;1;1;28;158;781;1238;1251;1052;617;51;29;14;8;6;1;0;0;0;0;0;0;0;0;0;0;0;0;0;0;0;0;0;0;0;0;0;0;0;0;0;0;29;5236;"13";"13 - 13"
"Gentamicin";"Enterococcus faecium";30;355;3;4;5;14;17;23;18;33;47;44;106;184;241;302;259;211;156;66;39;21;4;9;3;2;0;1;0;0;0;0;0;0;0;0;0;0;0;0;0;0;0;0;0;0;16;2167;"13";"13 - 15"
"Gentamicin";"Escherichia coli";10;2483;44;131;128;107;53;37;30;27;49;132;1158;2787;4639;5579;5783;6981;6464;4091;1584;431;142;50;20;19;8;6;3;4;0;0;0;0;0;0;0;0;0;0;0;0;0;0;0;0;17;42970;"16";"15 - 16"
"Gentamicin";"Escherichia coli ATCC 25922";10;0;0;0;0;0;0;0;0;0;0;1;15;60;514;694;577;668;844;813;583;187;4;2;0;0;0;0;0;0;0;0;0;0;0;0;0;0;0;0;0;0;0;0;0;0;27;4962;"18";"18 - 19"
"Gentamicin";"Klebsiella aerogenes";10;2;1;0;0;0;0;0;0;0;0;2;35;61;73;101;78;92;56;23;7;2;3;1;1;0;0;0;0;0;0;0;0;0;0;0;0;0;0;0;0;0;0;0;0;0;7;538;"14";"14 - 15"
"Gentamicin";"Klebsiella oxytoca";10;14;0;0;0;0;1;1;2;0;2;5;73;194;260;304;373;368;282;122;42;9;3;6;5;2;0;0;0;0;0;0;0;0;0;0;0;0;0;0;0;0;0;0;0;0;12;2068;"15";"15 - 16"
"Gentamicin";"Klebsiella pneumoniae";10;320;18;38;47;14;8;10;9;7;18;34;235;504;718;850;862;922;587;269;108;44;16;13;5;2;1;3;0;0;0;0;0;0;0;0;0;0;0;0;0;0;0;0;0;0;13;5662;"14";"14 - 15"
"Gentamicin";"Mannheimia haemolytica";10;0;0;0;0;5;17;44;46;27;12;5;1;2;1;0;0;0;0;0;0;0;0;0;0;0;0;0;0;0;0;0;0;0;0;0;0;0;0;0;0;0;0;0;0;0;2;160;"-";"ID"
"Gentamicin";"Morganella morganii";10;11;0;0;1;0;0;0;0;2;0;1;4;6;12;24;37;38;44;17;10;3;2;0;1;0;0;0;0;0;0;0;0;0;0;0;0;0;0;0;0;0;0;0;0;0;4;213;"(17)";"16 - 18"
"Gentamicin";"Plesiomonas shigelloides";10;0;0;0;0;0;0;0;1;5;18;17;11;5;3;0;1;0;0;0;0;0;0;0;0;0;0;0;0;0;0;0;0;0;0;0;0;0;0;0;0;0;0;0;0;0;1;61;"-";"ID"
"Gentamicin";"Proteus mirabilis";10;44;0;3;7;12;13;15;16;17;26;20;27;76;170;301;343;429;482;363;174;47;15;4;3;3;1;1;0;0;0;0;0;0;0;0;0;0;0;0;0;0;0;0;0;0;11;2612;"16";"16 - 17"
"Gentamicin";"Pseudomonas aeruginosa";10;155;1;8;12;16;23;33;48;77;221;395;660;869;1047;1119;809;525;283;163;103;57;41;38;26;23;14;14;6;5;1;2;0;2;0;2;0;2;0;1;0;1;0;0;0;0;10;6802;"13";"12 - 13"
"Gentamicin";"Pseudomonas aeruginosa ATCC 27853";10;0;0;0;0;0;0;0;0;0;0;3;18;159;605;1483;1402;739;191;12;2;0;1;0;0;0;0;0;0;0;0;0;0;0;0;0;0;0;0;0;0;0;0;0;0;0;25;4615;"18";"18 - 18"
"Gentamicin";"Salmonella enterica";10;213;28;59;50;88;98;63;53;25;23;18;87;290;934;2746;4862;7201;7751;6740;4440;2034;814;297;96;50;23;9;4;1;1;1;0;0;0;0;0;0;0;0;0;0;0;0;0;0;28;39099;"17";"17 - 18"
"Gentamicin";"Serratia marcescens";10;2;0;0;0;0;0;0;0;2;0;1;22;63;89;96;113;154;154;83;46;15;4;1;2;0;0;1;0;1;0;0;0;0;0;0;0;0;0;0;0;0;0;0;0;0;10;849;"16";"15 - 17"
"Gentamicin";"Staphylococcus aureus";10;198;14;49;106;93;60;46;26;39;42;31;20;109;321;1130;2410;3863;4619;3498;2113;864;332;121;57;22;16;9;3;4;1;4;0;0;0;0;0;0;0;0;0;0;0;0;0;0;19;20220;"18";"17 - 18"
"Gentamicin";"Staphylococcus aureus ATCC 29213";10;0;0;0;0;0;0;0;0;0;0;0;0;0;52;293;680;1003;1477;1124;554;16;1;0;0;0;0;0;0;0;0;0;0;0;0;0;0;0;0;0;0;0;0;0;0;0;28;5200;"20";"20 - 20"
"Gentamicin";"Staphylococcus capitis";10;74;10;12;12;9;6;4;0;0;0;1;0;1;0;2;0;8;1;7;15;24;38;50;52;84;83;43;43;18;12;16;8;5;0;2;0;0;0;0;0;0;0;0;0;0;4;640;"(22)";"ID"
"Gentamicin";"Staphylococcus cohnii";10;2;0;2;0;0;0;0;1;1;0;2;0;0;0;0;0;0;0;1;0;8;8;10;14;10;4;4;3;2;1;0;0;0;0;0;0;0;0;0;0;0;0;0;0;0;1;73;"-";"ID"
"Gentamicin";"Staphylococcus epidermidis";10;768;41;79;92;92;84;86;54;84;76;52;44;35;14;13;10;17;42;64;162;265;307;354;319;267;162;116;60;27;17;17;3;3;6;9;0;2;0;1;0;0;0;0;0;0;11;3844;"20";"19 - 21"
"Gentamicin";"Staphylococcus hominis";10;9;1;3;3;4;5;8;11;9;12;16;10;13;9;7;5;5;6;10;32;47;73;88;95;95;88;65;36;19;23;16;9;8;2;4;0;3;0;2;2;0;0;0;0;0;4;853;"(21)";"20 - 22"
"Gentamicin";"Staphylococcus lugdunensis";10;0;0;0;0;0;0;0;0;0;0;0;0;0;0;0;0;0;0;0;3;11;8;17;16;22;14;17;4;4;0;2;0;0;1;0;0;0;0;0;0;0;0;0;0;0;2;119;"-";"ID"
"Gentamicin";"Staphylococcus warneri";10;0;0;1;2;3;8;8;3;3;0;0;0;0;0;0;0;2;2;12;14;13;18;6;7;4;0;2;0;0;0;0;0;0;0;0;0;0;0;0;0;0;0;0;0;0;1;108;"-";"ID"
"Gentamicin";"Yersinia enterocolitica";10;0;0;0;0;0;0;0;0;0;0;0;0;1;10;38;23;32;52;16;5;0;1;0;0;0;0;0;0;0;0;0;0;0;0;0;0;0;0;0;0;0;0;0;0;0;2;178;"-";"ID"
"Imipenem";"Achromobacter xylosoxidans";10;7;0;0;0;0;1;1;0;2;0;0;0;1;2;4;10;5;2;4;3;8;22;39;25;8;7;1;0;0;0;0;0;0;0;0;0;0;0;0;0;0;0;0;0;0;1;152;"-";"ID"
"Imipenem";"Acinetobacter baumannii";10;140;16;18;15;9;6;6;6;6;6;8;0;2;3;4;1;2;7;14;12;18;11;27;37;38;31;21;11;6;2;3;3;1;0;0;0;0;0;0;0;0;0;0;0;0;12;490;"23";"22 - 24"
"Imipenem";"Bacillus cereus";10;0;0;0;0;0;2;1;1;0;0;0;0;1;1;4;3;3;4;5;9;9;9;6;5;11;13;14;17;18;33;27;13;7;2;0;0;0;0;0;0;0;0;0;0;0;1;218;"-";"ID"
"Imipenem";"Burkholderia pseudomallei";10;0;0;0;0;0;0;0;0;0;2;2;0;4;0;4;2;3;6;2;0;2;0;0;2;3;2;5;6;19;39;33;32;35;17;19;5;5;0;1;0;0;0;0;0;0;4;250;"(29)";"28 - 34"
"Imipenem";"Campylobacter coli";10;0;0;0;0;0;0;0;0;0;0;0;0;0;0;0;1;0;0;0;1;0;1;0;1;0;0;2;5;12;28;71;115;159;158;143;131;89;63;36;39;22;7;9;2;3;6;1098;"-";""
"Imipenem";"Campylobacter jejuni";10;0;0;0;0;0;0;0;0;0;0;0;0;0;0;0;0;0;0;0;0;0;0;0;0;0;0;1;0;3;3;19;15;31;49;57;95;139;157;158;101;70;47;21;8;8;5;982;"-";""
"Imipenem";"Citrobacter freundii";10;0;0;0;0;0;0;0;0;0;0;0;0;0;0;0;0;2;1;2;11;13;11;10;2;4;1;0;0;0;0;1;0;0;0;0;0;0;0;0;0;0;0;0;0;0;1;58;"-";"ID"
"Imipenem";"Enterobacter cloacae";10;0;0;0;3;1;1;2;2;2;2;4;2;1;2;3;9;35;79;161;247;231;152;101;46;42;16;7;7;3;2;2;1;0;1;0;0;1;0;0;0;0;0;0;0;0;12;1168;"19";"19 - 20"
"Imipenem";"Enterococcus faecalis";10;3;0;0;0;0;0;0;0;0;2;0;1;4;8;16;47;87;189;291;416;404;298;152;93;36;25;18;11;4;3;3;2;0;1;1;0;0;0;0;0;0;0;0;0;0;15;2115;"19";"19 - 20"
"Imipenem";"Enterococcus faecalis ATCC 29212";10;1;0;0;0;0;0;0;0;0;0;0;0;0;0;0;0;0;2;84;392;982;1591;1258;417;54;1;1;0;0;0;0;0;0;0;0;0;0;0;0;0;0;0;0;0;0;27;4783;"24";"24 - 25"
"Imipenem";"Escherichia coli";10;6;1;2;8;6;14;11;7;13;14;9;11;12;11;13;21;37;46;88;228;656;1569;2582;2680;2013;782;302;101;40;21;11;9;4;4;3;1;1;0;0;1;0;1;1;0;0;16;11340;"24";"24 - 24"
"Imipenem";"Escherichia coli ATCC 25922";10;0;0;0;0;0;0;0;0;0;0;0;0;0;0;0;0;0;0;0;0;0;0;12;64;107;41;5;0;0;0;0;0;0;0;0;0;0;0;0;0;0;0;0;0;0;9;229;"28";"27 - 28"
"Imipenem";"Haemophilus influenzae";10;29;0;0;0;0;0;1;0;3;2;2;6;5;8;8;13;9;14;8;17;16;39;23;21;14;10;4;3;0;0;2;1;0;1;0;0;0;0;0;0;0;0;0;0;0;2;259;"-";"ID"
"Imipenem";"Haemophilus influenzae ATCC 49766";10;0;0;0;0;0;0;0;0;0;0;0;0;0;0;0;0;0;0;10;31;30;23;8;2;2;0;0;0;0;0;0;0;0;0;0;0;0;0;0;0;0;0;0;0;0;3;106;"(23)";"23 - 24"
"Imipenem";"Haemophilus influenzae NCTC 8468";10;0;0;0;0;0;0;0;0;0;0;0;0;0;0;0;0;0;0;3;9;10;20;25;18;14;3;0;0;0;0;0;0;0;0;0;0;0;0;0;0;0;0;0;0;0;3;102;"(25)";"24 - 26"
"Imipenem";"Klebsiella oxytoca";10;0;0;0;0;0;0;0;0;0;0;0;1;1;1;3;1;5;11;13;51;109;203;266;223;135;51;20;4;5;3;1;0;1;0;0;0;0;0;0;0;0;0;0;0;0;12;1108;"23";"23 - 24"
"Imipenem";"Klebsiella pneumoniae";10;28;3;9;16;9;9;8;12;10;16;15;14;17;11;21;17;15;23;89;199;423;574;477;279;130;41;11;8;5;2;3;0;1;1;0;0;0;0;0;1;0;0;0;0;0;13;2497;"22";"22 - 23"
"Imipenem";"Plesiomonas shigelloides";10;0;0;0;0;0;0;0;0;0;0;0;0;0;0;0;0;0;0;0;0;2;3;12;15;12;10;6;0;1;0;0;0;0;0;0;0;0;0;0;0;0;0;0;0;0;1;61;"-";"ID"
"Imipenem";"Proteus mirabilis";10;1;0;0;0;1;0;0;0;0;4;1;2;1;12;17;28;59;111;167;172;174;113;63;37;9;5;3;0;0;0;0;0;0;0;0;0;0;0;0;0;0;0;0;0;0;12;980;"19";"19 - 20"
"Imipenem";"Pseudomonas aeruginosa";10;240;35;92;183;250;200;150;87;84;90;75;84;90;112;231;228;371;777;1227;1652;1362;1041;648;417;287;148;130;87;65;47;27;26;14;10;5;8;6;2;1;0;0;0;0;0;0;15;10589;"18";"18 - 18"
"Imipenem";"Pseudomonas aeruginosa ATCC 27853";10;0;0;0;0;0;0;0;1;1;1;0;1;4;10;81;447;1446;1887;715;89;15;5;4;3;1;0;0;0;0;0;0;0;0;0;0;0;0;0;0;0;0;0;0;0;0;30;4711;"21";"20 - 21"
"Imipenem";"Salmonella enterica";10;0;0;0;0;0;0;0;0;0;0;0;0;0;0;0;2;0;4;4;11;9;34;50;60;75;56;46;19;25;6;6;3;2;0;0;0;0;0;0;0;0;0;0;0;0;1;412;"-";"ID"
"Imipenem";"Serratia marcescens";10;1;0;0;0;0;0;0;0;0;0;0;1;0;0;1;0;9;32;68;130;139;97;49;27;6;2;1;1;1;1;0;0;0;0;0;0;0;0;0;0;0;0;0;0;0;8;566;"21";"20 - 21"
"Imipenem";"Shigella flexneri";10;0;0;0;0;0;0;0;0;0;0;0;0;0;0;0;1;0;1;0;0;3;3;6;9;18;11;9;7;7;2;0;0;1;0;0;0;0;0;0;0;0;0;0;0;0;1;78;"-";"ID"
"Imipenem";"Shigella sonnei";10;0;0;0;0;0;0;0;0;0;0;0;0;0;0;0;0;0;2;2;1;3;9;13;15;12;11;6;3;5;1;1;0;0;0;0;0;0;0;0;0;0;0;0;0;0;1;84;"-";"ID"
"Imipenem";"Streptococcus pneumoniae ATCC 49619";10;0;0;0;0;0;0;0;0;0;0;0;0;0;0;0;0;0;0;0;0;0;0;0;0;0;0;0;0;0;0;5;10;25;16;11;9;3;0;0;0;0;0;0;0;0;3;79;"(35)";"35 - 35"
"Imipenem";"Yersinia enterocolitica";10;0;0;0;0;0;0;0;0;0;0;0;0;0;0;0;0;0;0;0;0;0;4;6;9;15;21;32;21;10;2;1;0;0;0;0;0;0;0;0;0;0;0;0;0;0;1;121;"-";"ID"
"Imipenem-relebactam";"Acinetobacter baumannii";35;82;12;19;11;8;7;7;7;6;3;2;7;7;0;0;4;1;2;6;4;11;17;22;21;43;37;24;17;13;8;7;2;2;2;2;0;0;0;0;0;0;0;0;0;0;9;423;"23";"23 - 25"
"Imipenem-relebactam";"Escherichia coli";35;0;0;0;0;0;1;4;6;9;7;5;3;5;9;6;10;7;11;3;3;6;14;32;64;89;74;41;7;3;1;0;0;0;0;0;0;0;0;0;0;0;0;0;0;0;7;420;"26";"25 - 26"
"Imipenem-relebactam";"Escherichia coli ATCC 25922";35;0;0;0;0;0;0;0;0;0;0;0;0;0;0;0;0;0;0;0;0;0;16;53;70;63;25;7;0;0;0;0;0;0;0;0;0;0;0;0;0;0;0;0;0;0;3;234;"(26)";"26 - 28"
"Imipenem-relebactam";"Pseudomonas aeruginosa";35;26;0;1;0;0;1;1;5;1;1;8;15;11;15;19;19;24;28;40;31;36;27;45;69;80;62;63;29;19;10;13;6;3;2;0;0;0;0;0;0;0;0;0;0;0;9;710;"22";"17 - 24"
"Imipenem-relebactam";"Pseudomonas aeruginosa ATCC 27853";35;0;0;0;0;0;0;0;0;0;0;0;0;0;0;0;0;0;0;0;0;0;6;15;23;10;2;0;0;0;0;0;0;0;0;0;0;0;0;0;0;0;0;0;0;0;2;56;"((26))";"ID"
"Kanamycin";"Staphylococcus cohnii";30;6;0;1;1;0;1;2;1;0;0;0;0;0;0;0;0;0;2;0;1;4;9;11;13;12;5;3;1;0;0;0;0;0;0;0;0;0;0;0;0;0;0;0;0;0;1;73;"-";"ID"
"Kanamycin";"Staphylococcus epidermidis";30;35;0;1;1;0;0;0;0;0;0;0;0;2;0;1;0;0;0;2;3;10;19;12;3;0;1;0;0;0;0;0;0;0;0;0;0;0;0;0;0;0;0;0;0;0;1;90;"-";"ID"
"Kanamycin";"Staphylococcus hominis";30;11;0;0;2;1;2;0;1;0;2;2;0;1;1;0;0;0;1;2;1;3;10;6;8;11;6;2;2;1;2;0;0;0;0;0;0;0;0;0;0;0;0;0;0;0;1;78;"-";"ID"
"Kanamycin";"Staphylococcus warneri";30;26;0;2;0;0;0;0;0;0;0;0;0;0;0;0;0;3;8;13;22;16;6;7;2;1;1;1;0;0;0;0;0;0;0;0;0;0;0;0;0;0;0;0;0;0;1;108;"-";"ID"
"Lefamulin";"Enterococcus faecium";5;88;3;5;18;13;3;2;0;0;0;0;0;3;3;4;2;0;3;9;30;56;66;45;41;6;1;2;2;1;0;0;0;0;0;0;0;0;0;0;0;0;0;0;0;0;1;406;"-";"ID"
"Lefamulin";"Haemophilus influenzae ATCC 49766";5;0;0;0;0;2;1;11;10;12;0;2;0;0;0;0;0;0;0;0;0;0;0;0;0;0;0;0;0;0;0;0;0;0;0;0;0;0;0;0;0;0;0;0;0;0;1;38;"-";"ID"
"Lefamulin";"Moraxella catarrhalis";5;0;0;0;0;0;0;0;0;2;2;2;0;3;10;20;69;138;84;43;8;2;1;4;3;7;4;2;0;0;0;0;0;0;0;0;0;0;0;0;0;0;0;0;0;0;1;404;"-";"ID"
"Lefamulin";"Staphylococcus aureus";5;56;0;1;2;3;3;9;10;3;1;0;0;0;0;2;5;0;6;14;50;92;82;37;19;3;1;1;0;0;0;0;0;0;0;0;0;0;0;0;0;0;0;0;0;0;1;400;"-";"ID"
"Lefamulin";"Staphylococcus aureus ATCC 29213";5;0;0;0;0;0;0;0;0;0;0;0;0;0;0;0;0;0;0;0;12;19;8;1;0;0;0;0;0;0;0;0;0;0;0;0;0;0;0;0;0;0;0;0;0;0;1;40;"-";"ID"
"Lefamulin";"Staphylococcus capitis";5;0;0;0;0;0;0;0;0;0;0;0;0;0;0;0;0;0;0;0;0;0;0;2;6;5;13;19;9;5;6;5;1;1;0;0;0;0;0;0;0;0;0;0;0;0;1;72;"-";"ID"
"Lefamulin";"Staphylococcus epidermidis";5;8;0;0;0;0;4;0;0;0;0;0;0;0;0;0;0;0;0;0;0;0;0;0;0;4;9;12;13;9;7;3;2;1;0;0;0;0;0;0;0;0;0;0;0;0;1;72;"-";"ID"
"Lefamulin";"Staphylococcus haemolyticus";5;4;0;0;0;0;0;0;1;1;0;0;4;2;0;0;0;0;0;0;3;9;10;12;10;7;5;0;0;0;0;0;0;0;0;0;0;0;0;0;0;0;0;0;0;0;1;68;"-";"ID"
"Lefamulin";"Staphylococcus hominis";5;0;0;0;0;0;0;0;0;0;0;0;0;0;0;0;0;0;2;0;2;0;2;1;3;8;6;10;14;10;6;4;0;0;0;0;0;0;0;0;0;0;0;0;0;0;1;68;"-";"ID"
"Lefamulin";"Staphylococcus warneri";5;0;0;0;0;0;0;0;0;0;0;0;0;0;0;0;0;0;0;0;0;1;11;4;11;22;8;6;4;1;0;0;0;0;0;0;0;0;0;0;0;0;0;0;0;0;1;68;"-";"ID"
"Lefamulin";"Streptococcus agalactiae";5;8;0;0;0;0;0;0;0;0;0;0;0;2;1;3;6;17;24;22;10;1;2;0;0;0;0;0;0;0;0;0;0;0;0;0;0;0;0;0;0;0;0;0;0;0;1;96;"-";"ID"
"Lefamulin";"Streptococcus oralis";5;0;0;0;0;0;0;6;21;28;13;4;7;5;0;3;1;0;0;0;0;1;2;1;0;2;1;1;0;0;0;0;0;0;0;0;0;0;0;0;0;0;0;0;0;0;1;96;"-";"ID"
"Lefamulin";"Streptococcus pneumoniae";5;0;0;0;0;0;2;7;21;21;39;60;75;71;44;26;17;8;10;5;0;0;0;0;0;0;0;0;0;0;0;0;0;0;0;0;0;0;0;0;0;0;0;0;0;0;1;406;"-";"ID"
"Lefamulin";"Streptococcus pneumoniae ATCC 49619";5;0;0;0;0;0;0;0;0;0;0;9;14;16;1;0;0;0;0;0;0;0;0;0;0;0;0;0;0;0;0;0;0;0;0;0;0;0;0;0;0;0;0;0;0;0;1;40;"-";"ID"
"Lefamulin";"Streptococcus pyogenes";5;0;0;0;0;0;0;0;0;0;1;3;0;0;0;0;0;0;6;10;19;23;25;12;1;0;0;0;0;0;0;0;0;0;0;0;0;0;0;0;0;0;0;0;0;0;1;100;"-";"ID"
"Levofloxacin";"Aeromonas hydrophila";5;0;0;0;0;0;0;0;0;0;0;0;0;0;0;0;0;0;2;0;0;1;2;1;5;4;8;9;9;7;6;0;0;0;1;0;0;0;0;0;0;0;0;0;0;0;1;55;"-";"ID"
"Levofloxacin";"Bacillus anthracis";5;0;0;0;0;0;0;0;0;0;0;0;0;0;0;0;0;0;1;4;5;3;10;12;19;21;36;41;42;16;9;1;5;0;0;0;0;0;0;0;0;0;0;0;0;0;3;225;"(27)";"25 - 29"
"Levofloxacin";"Bacillus cereus";5;0;0;0;0;0;0;1;1;0;0;0;0;0;0;0;0;0;0;10;38;38;43;38;31;12;5;1;0;0;0;0;0;0;0;0;0;0;0;0;0;0;0;0;0;0;1;218;"-";"ID"
"Levofloxacin";"Brucella melitensis";5;0;0;0;0;0;0;0;0;0;0;0;0;0;0;0;0;1;0;0;0;0;0;0;0;1;5;3;16;22;69;76;76;73;41;23;4;0;2;0;0;0;0;0;0;0;3;412;"(28)";"31 - 33"
"Levofloxacin";"Citrobacter freundii";5;0;0;0;0;0;0;0;0;2;1;0;0;0;0;3;0;0;0;3;4;7;5;12;18;13;7;0;0;0;0;0;0;0;0;0;0;0;0;0;0;0;0;0;0;0;3;75;"-";""
"Levofloxacin";"Citrobacter koseri";5;0;0;0;0;0;0;0;0;0;0;0;0;0;0;0;0;0;0;0;0;0;0;2;7;12;22;19;12;1;0;0;0;0;0;0;0;0;0;0;0;0;0;0;0;0;3;75;"-";""
"Levofloxacin";"Enterobacter cloacae";5;0;0;0;0;0;0;0;1;5;0;0;0;0;1;0;1;0;1;3;1;2;12;24;28;13;13;3;2;0;0;0;0;0;0;0;0;0;0;0;0;0;0;0;0;0;4;110;"(22)";"ID"
"Levofloxacin";"Enterococcus faecalis";5;59;0;0;0;0;0;0;0;0;0;0;2;10;23;42;40;38;28;8;3;3;0;2;0;0;1;0;0;0;0;0;0;0;0;0;0;0;0;0;0;0;0;0;0;0;3;259;"(15)";"11 - 18"
"Levofloxacin";"Enterococcus faecalis ATCC 29212";5;0;0;0;0;0;0;0;0;0;0;0;0;0;0;5;26;43;9;1;0;0;0;0;0;0;0;0;0;0;0;0;0;0;0;0;0;0;0;0;0;0;0;0;0;0;3;84;"(20)";"20 - 20"
"Levofloxacin";"Escherichia coli";5;47;2;5;1;4;5;1;0;1;1;1;1;0;3;5;8;14;11;11;5;26;46;71;123;104;105;89;49;53;32;20;3;1;2;0;0;0;0;0;0;0;0;0;0;0;3;850;"(21)";"21 - 22"
"Levofloxacin";"Escherichia coli ATCC 25922";5;0;0;0;0;0;0;0;0;0;0;0;0;0;0;0;0;0;0;0;0;0;0;2;8;24;37;26;20;5;3;0;0;0;0;0;0;0;0;0;0;0;0;0;0;0;7;125;"28";"28 - 30"
"Levofloxacin";"Haemophilus influenzae";5;5;0;3;0;0;0;0;0;0;0;0;0;0;0;0;1;1;1;3;2;1;0;3;0;3;6;16;44;55;61;80;71;58;49;25;6;6;1;3;0;1;0;1;0;0;4;506;"(29)";"29 - 30"
"Levofloxacin";"Haemophilus influenzae ATCC 49766";5;0;0;0;0;0;0;0;0;0;0;0;0;0;0;0;0;0;0;0;0;0;0;0;0;0;0;2;4;24;26;24;17;5;0;0;0;0;0;0;0;0;0;0;0;0;3;102;"(32)";"32 - 33"
"Levofloxacin";"Haemophilus influenzae NCTC 8468";5;0;0;0;0;0;0;0;0;0;0;0;0;0;0;0;0;0;0;0;0;0;0;0;0;0;1;7;14;27;24;7;7;2;0;0;0;0;0;0;0;0;0;0;0;0;3;89;"(31)";"32 - 32"
"Levofloxacin";"Klebsiella aerogenes";5;0;0;0;0;0;0;3;0;0;0;0;0;0;0;1;0;2;0;0;5;18;18;17;7;2;2;0;0;0;0;0;0;0;0;0;0;0;0;0;0;0;0;0;0;0;3;75;"-";""
"Levofloxacin";"Klebsiella oxytoca";5;0;0;0;0;0;0;0;1;0;0;0;2;0;0;0;0;0;1;1;2;2;8;18;24;25;18;4;5;3;0;0;0;0;0;0;0;0;0;0;0;0;0;0;0;0;4;114;"(22)";"ID"
"Levofloxacin";"Klebsiella pneumoniae";5;1;0;0;0;0;1;0;0;0;0;0;1;0;2;3;2;7;3;1;4;22;24;37;26;15;11;4;4;3;0;0;0;0;0;0;0;0;0;0;0;0;0;0;0;0;2;171;"-";"ID"
"Levofloxacin";"Moraxella catarrhalis";5;0;0;0;0;0;0;0;0;0;0;0;0;0;0;0;1;2;2;0;3;0;0;4;15;40;53;61;48;26;30;11;6;3;1;1;0;0;0;0;1;0;0;0;0;0;2;308;"-";"ID"
"Levofloxacin";"Morganella morganii";5;2;1;1;2;0;0;0;0;0;2;1;0;0;0;1;0;2;0;0;1;1;2;0;10;10;7;3;3;5;3;1;0;0;0;0;0;0;0;0;0;0;0;0;0;0;3;58;"-";""
"Levofloxacin";"Plesiomonas shigelloides";5;0;0;0;0;0;0;0;0;0;0;0;2;0;0;0;1;0;0;3;3;2;5;2;1;3;1;8;7;4;8;4;4;2;1;0;0;0;0;0;0;0;0;0;0;0;1;61;"-";"ID"
"Levofloxacin";"Proteus mirabilis";5;0;0;0;0;0;0;0;0;0;0;1;0;0;0;0;0;0;0;1;0;0;0;2;5;5;11;16;10;13;11;4;2;0;0;0;0;0;0;0;0;0;0;0;0;0;1;81;"-";"ID"
"Levofloxacin";"Proteus vulgaris";5;0;0;0;0;0;0;0;0;0;0;0;0;0;0;0;0;0;0;2;1;1;5;6;5;6;6;10;6;2;1;1;0;1;0;0;0;0;0;0;0;0;0;0;0;0;3;53;"-";""
"Levofloxacin";"Providencia rettgeri";5;0;0;0;0;0;0;0;0;0;0;0;0;1;2;0;3;1;2;2;5;7;4;4;5;7;2;0;0;0;0;0;0;0;0;0;0;0;0;0;0;0;0;0;0;0;3;45;"-";""
"Levofloxacin";"Pseudomonas aeruginosa";5;6;1;0;0;2;2;1;0;4;4;1;8;5;4;5;5;9;9;17;34;45;35;23;11;5;7;2;5;0;2;1;1;1;0;1;0;0;0;0;0;1;0;0;0;0;3;257;"(20)";"18 - 21"
"Levofloxacin";"Pseudomonas aeruginosa ATCC 27853";5;0;0;0;0;0;0;0;0;0;0;0;0;0;0;4;17;44;41;4;0;0;0;0;0;0;0;0;0;0;0;0;0;0;0;0;0;0;0;0;0;0;0;0;0;0;4;110;"(20)";"20 - 21"
"Levofloxacin";"Serratia marcescens";5;0;0;0;0;0;0;0;0;0;0;0;0;0;0;0;1;2;0;1;4;8;8;7;15;3;1;0;0;0;0;0;0;0;0;0;0;0;0;0;0;0;0;0;0;0;2;50;"-";""
"Levofloxacin";"Staphylococcus aureus";5;17;0;1;0;2;4;14;15;24;18;11;2;1;4;0;1;0;7;3;20;30;43;53;58;42;22;11;1;3;0;0;0;0;0;0;0;0;0;0;0;0;0;0;0;0;3;407;"(23)";"23 - 25"
"Levofloxacin";"Staphylococcus aureus ATCC 29213";5;0;0;0;0;0;0;0;0;0;0;0;0;0;0;0;0;0;6;18;57;48;14;2;0;0;0;0;0;0;0;0;0;0;0;0;0;0;0;0;0;0;0;0;0;0;7;145;"23";"23 - 24"
"Levofloxacin";"Staphylococcus epidermidis";5;6;0;0;2;5;3;2;1;2;2;2;1;0;1;0;0;0;0;0;0;0;1;1;2;4;9;7;5;7;2;2;1;0;1;0;0;0;0;0;0;0;0;0;0;0;1;69;"-";"ID"
"Levofloxacin";"Stenotrophomonas maltophilia";5;16;2;3;6;7;5;3;3;5;12;6;15;12;9;21;16;11;15;11;32;11;8;13;1;29;0;11;0;5;0;3;0;1;0;1;0;0;0;1;0;0;0;0;0;0;3;294;"-";""
"Levofloxacin";"Streptococcus agalactiae";5;0;0;0;0;0;0;0;0;0;0;0;0;1;7;16;27;41;13;0;1;0;0;0;0;0;0;0;0;0;0;0;0;0;0;0;0;0;0;0;0;0;0;0;0;0;1;106;"-";"ID"
"Levofloxacin";"Streptococcus mitis";5;0;0;0;0;0;0;0;0;0;0;0;1;3;11;12;10;8;2;2;0;2;1;0;0;1;0;0;0;0;0;0;0;0;0;0;0;0;0;0;0;0;0;0;0;0;1;53;"-";"ID"
"Levofloxacin";"Streptococcus pneumoniae";5;26;0;1;0;0;0;1;1;0;0;2;7;6;5;38;66;93;88;51;18;24;1;1;0;0;0;0;0;0;0;0;0;0;0;0;0;0;0;0;0;0;0;0;0;0;3;429;"(17)";"17 - 18"
"Levofloxacin";"Streptococcus pneumoniae ATCC 49619";5;0;0;0;0;0;0;0;0;0;0;0;0;0;0;0;0;17;18;2;0;0;0;0;0;0;0;0;0;0;0;0;0;0;0;0;0;0;0;0;0;0;0;0;0;0;2;37;"((21))";"ID"
"Levofloxacin";"Streptococcus pyogenes";5;0;0;0;0;0;0;0;0;0;0;0;4;2;1;5;4;17;24;20;10;10;7;4;3;0;0;0;0;0;0;0;0;0;0;0;0;0;0;0;0;0;0;0;0;0;2;111;"-";"ID"
"Levofloxacin";"Vibrio alginolyticus";5;0;0;0;0;0;0;0;0;0;0;0;0;0;0;0;0;1;3;10;22;29;36;18;11;10;5;3;3;2;3;0;2;0;0;0;0;0;0;0;0;0;0;0;0;0;2;158;"-";"ID"
"Levofloxacin";"Vibrio fluvialis";5;5;0;0;0;1;2;3;1;2;2;2;3;4;2;3;0;1;2;2;4;7;5;4;11;14;13;4;4;3;2;0;0;0;0;0;0;0;0;0;0;0;0;0;0;0;2;106;"-";"ID"
"Levofloxacin";"Vibrio parahaemolyticus";5;0;0;0;0;0;0;0;0;0;0;0;0;0;0;0;0;0;5;18;27;32;26;22;11;5;5;1;0;1;1;0;0;0;0;0;0;0;0;0;0;0;0;0;0;0;2;154;"-";"ID"
"Levofloxacin";"Vibrio vulnificus";5;0;0;0;0;0;0;0;0;0;0;0;0;0;0;0;0;0;0;0;0;0;1;8;14;22;24;32;18;10;10;8;0;2;1;0;0;0;0;0;0;0;0;0;0;0;2;150;"-";"ID"
"Linezolid";"Aerococcus urinae";10;0;0;0;0;0;0;0;0;0;0;0;0;0;0;0;0;0;0;0;1;0;3;5;12;15;11;7;12;9;4;0;1;0;0;0;0;0;1;0;0;0;0;0;0;0;1;81;"-";"ID"
"Linezolid";"Bacillus anthracis";10;0;0;0;0;0;0;0;0;0;0;0;0;0;0;0;3;5;6;20;29;17;23;29;19;17;4;0;0;0;0;0;0;0;0;0;0;0;0;0;0;0;0;0;0;0;2;172;"-";"ID"
"Linezolid";"Bacillus cereus";10;0;0;0;0;0;0;0;0;0;0;0;0;0;0;0;0;1;5;36;67;72;25;9;3;0;0;0;0;0;0;0;0;0;0;0;0;0;0;0;0;0;0;0;0;0;1;218;"-";"ID"
"Linezolid";"Corynebacterium amycolatum";10;0;0;0;0;0;0;0;0;0;0;0;0;0;0;0;0;0;0;0;0;0;0;0;0;1;2;7;8;7;12;11;10;2;3;0;0;0;0;0;0;0;0;0;0;0;1;63;"-";"ID"
"Linezolid";"Corynebacterium diphtheriae";10;0;0;0;0;0;0;0;0;0;0;0;0;0;0;0;0;0;0;0;3;4;10;11;13;21;16;24;37;27;15;9;7;1;2;0;0;0;0;0;0;0;0;0;0;0;2;200;"-";"ID"
"Linezolid";"Corynebacterium striatum";10;0;0;0;0;0;0;0;0;0;0;0;0;0;0;0;0;0;0;0;0;0;1;0;9;12;19;18;9;7;3;1;0;0;0;0;0;0;0;0;0;0;0;0;0;0;1;79;"-";"ID"
"Linezolid";"Corynebacterium ulcerans";10;0;0;0;0;0;0;0;0;0;0;0;0;0;0;0;0;0;1;2;0;6;10;19;33;31;49;28;14;5;1;0;1;0;0;0;0;0;0;0;0;0;0;0;0;0;2;200;"-";"ID"
"Linezolid";"Enterococcus faecalis";10;3;0;0;0;0;0;1;1;6;3;7;5;3;39;128;284;407;468;307;182;75;32;21;10;5;2;3;1;0;1;0;2;0;0;0;0;0;0;0;0;0;0;0;0;0;13;1996;"17";"17 - 18"
"Linezolid";"Enterococcus faecalis ATCC 29212";10;0;0;0;0;0;0;0;0;0;0;0;0;8;138;402;878;1365;1260;640;165;6;0;0;0;0;0;0;0;0;0;0;0;0;0;0;0;0;0;0;0;0;0;0;0;0;27;4862;"19";"19 - 20"
"Linezolid";"Enterococcus faecium";10;6;0;0;3;1;3;3;2;3;9;2;1;6;7;29;63;142;250;295;370;282;184;92;44;27;7;3;1;0;2;1;0;0;0;0;0;0;0;0;0;0;0;0;0;0;14;1838;"18";"18 - 19"
"Linezolid";"Staphylococcus aureus";10;41;0;1;1;1;0;0;5;9;5;10;17;24;44;131;804;1931;3167;3514;2792;1778;986;531;200;117;41;41;23;8;2;1;1;0;1;0;0;1;0;0;0;0;0;0;0;0;17;16228;"18";"18 - 19"
"Linezolid";"Staphylococcus aureus ATCC 29213";10;0;0;0;0;0;0;0;0;0;0;0;0;1;3;1;242;728;1229;1220;824;477;174;5;0;0;0;0;0;0;0;0;0;0;0;0;0;0;0;0;0;0;0;0;0;0;27;4904;"20";"20 - 21"
"Linezolid";"Staphylococcus capitis";10;0;0;0;0;0;0;0;0;0;0;0;0;0;0;0;1;2;4;11;22;60;101;141;106;88;39;28;10;8;2;3;2;0;0;1;0;0;0;0;0;0;0;0;0;0;4;629;"(21)";"ID"
"Linezolid";"Staphylococcus epidermidis";10;7;0;0;0;0;0;0;0;0;0;0;1;0;1;1;13;14;42;106;251;409;571;630;499;482;284;168;110;59;30;16;16;10;5;7;1;2;0;2;0;0;0;0;0;0;11;3737;"20";"20 - 21"
"Linezolid";"Staphylococcus hominis";10;2;0;0;0;0;0;0;0;0;0;0;2;1;0;0;0;4;7;23;67;133;157;157;126;100;51;26;14;4;5;3;0;3;2;0;0;0;0;0;0;0;0;0;0;0;4;887;"(21)";"20 - 23"
"Linezolid";"Staphylococcus lugdunensis";10;0;0;0;0;0;0;0;0;0;0;0;0;0;0;0;1;1;4;0;4;24;48;59;70;79;62;47;30;14;7;4;1;2;0;0;0;0;0;0;0;0;0;0;0;0;2;457;"-";"ID"
"Linezolid";"Streptococcus agalactiae";10;1;0;0;0;0;0;0;0;0;0;0;0;0;0;2;5;15;25;44;23;19;6;1;0;0;0;0;0;0;0;0;0;0;0;0;0;0;0;0;0;0;0;0;0;0;1;141;"-";"ID"
"Linezolid";"Streptococcus pneumoniae";10;0;0;0;0;0;0;0;0;0;0;0;0;0;0;0;0;3;8;24;22;18;11;9;0;3;2;0;0;0;0;0;0;0;0;0;0;0;0;0;0;0;0;0;0;0;1;100;"-";"ID"
"Linezolid";"Streptococcus pneumoniae ATCC 49619";10;0;0;0;0;0;0;0;0;0;0;0;0;0;0;0;0;0;1;1;17;26;17;5;1;0;0;0;0;0;0;0;0;0;0;0;0;0;0;0;0;0;0;0;0;0;2;68;"((23))";"ID"
"Linezolid";"Streptococcus pyogenes";10;0;0;0;0;0;0;0;0;0;0;0;0;0;0;0;0;1;3;8;10;9;13;5;5;4;2;1;0;0;0;0;0;0;0;0;0;0;0;0;0;0;0;0;0;0;1;61;"-";"ID"
"Mecillinam";"Citrobacter freundii";10;12;0;0;1;1;2;0;1;3;2;4;8;8;13;28;32;36;69;100;121;152;119;57;31;11;4;1;2;1;1;0;0;0;0;0;0;0;0;0;0;0;0;0;0;0;7;820;"20";"19 - 21"
"Mecillinam";"Citrobacter koseri";10;16;0;1;0;0;0;0;0;1;0;1;1;4;2;8;14;18;27;53;76;115;145;145;121;82;32;18;3;3;1;0;0;0;0;0;0;0;0;0;0;0;0;0;0;0;7;887;"21";"21 - 22"
"Mecillinam";"Enterobacter cloacae";10;21;0;0;0;0;1;1;2;1;9;14;13;16;19;42;63;98;173;213;230;256;167;113;64;32;11;4;2;0;1;1;0;1;0;1;0;0;0;0;0;0;0;0;0;0;7;1569;"18";"17 - 19"
"Mecillinam";"Escherichia coli";10;2765;18;52;87;200;269;418;477;774;840;1133;1493;2050;2759;3725;3935;4499;5680;8100;12174;15449;15964;11942;6700;3509;1286;570;243;135;47;44;12;18;5;9;0;7;1;2;0;1;0;0;0;0;14;107392;"20";"20 - 21"
"Mecillinam";"Escherichia coli ATCC 25922";10;0;0;0;0;0;0;0;0;0;0;0;0;1;0;2;3;9;23;150;486;1122;1600;1182;507;121;5;0;2;0;0;0;2;0;0;0;0;0;0;0;0;0;0;0;0;0;28;5215;"24";"24 - 24"
"Mecillinam";"Klebsiella aerogenes";10;58;0;1;1;0;4;4;2;3;6;6;19;21;25;78;89;97;133;120;103;50;26;4;7;4;1;1;0;0;0;2;0;1;0;0;0;0;0;0;0;0;0;0;0;0;8;866;"16";"16 - 17"
"Mecillinam";"Klebsiella oxytoca";10;281;2;4;0;7;10;9;15;11;27;23;43;54;78;109;163;253;383;456;574;526;391;237;116;71;19;9;1;2;1;1;0;0;0;0;0;0;0;0;0;0;0;0;0;0;13;3876;"18";"18 - 19"
"Mecillinam";"Klebsiella pneumoniae";10;704;0;8;12;26;21;28;28;38;50;77;101;180;255;371;493;763;1154;1441;1670;1299;859;478;212;87;37;13;5;5;1;2;1;0;0;2;0;0;0;0;0;0;0;0;0;0;13;10421;"18";"18 - 19"
"Mecillinam";"Proteus mirabilis";10;568;5;3;6;18;13;23;14;40;45;74;91;133;206;374;588;814;989;872;668;404;166;87;53;25;5;2;4;1;1;0;0;0;0;0;0;1;0;0;0;0;0;0;0;0;13;6293;"17";"16 - 17"
"Mecillinam";"Proteus vulgaris";10;39;0;0;0;0;0;1;0;0;1;2;1;7;4;10;13;13;15;16;16;9;3;1;1;1;0;1;0;0;0;0;0;0;0;0;0;0;0;0;0;0;0;0;0;0;3;154;"(16)";"15 - 20"
"Meropenem";"Acinetobacter baumannii";10;376;12;18;18;15;13;3;15;2;9;2;2;2;2;13;28;41;31;28;53;56;72;66;50;34;10;9;5;2;2;0;1;0;0;0;0;0;0;0;0;0;0;0;0;0;20;990;"24";"20 - 22"
"Meropenem";"Aeromonas hydrophila";10;0;0;0;0;0;0;0;0;0;0;0;0;0;0;0;0;1;2;0;3;4;10;7;7;7;4;5;2;1;2;0;0;0;0;0;0;0;0;0;0;0;0;0;0;0;1;55;"-";"ID"
"Meropenem";"Bacillus cereus";10;4;0;0;0;0;0;2;0;0;0;0;1;1;0;2;3;8;5;3;3;10;13;15;25;29;33;28;17;11;4;1;0;0;0;0;0;0;0;0;0;0;0;0;0;0;1;218;"-";"ID"
"Meropenem";"Bacteroides fragilis";10;8;0;1;0;0;0;0;0;1;0;3;1;1;4;2;2;3;8;4;1;3;6;5;8;7;8;14;23;17;28;22;7;7;4;0;0;0;0;0;0;0;0;0;0;0;5;198;"28";"27 - 30"
"Meropenem";"Bacteroides fragilis ATCC 25285";10;0;0;0;0;0;0;0;0;0;0;0;0;0;0;0;0;0;0;0;0;0;0;0;0;0;0;97;256;340;288;204;113;34;11;0;0;0;0;0;0;0;0;0;0;0;9;1343;"31";"31 - 32"
"Meropenem";"Burkholderia pseudomallei";10;0;0;0;0;0;0;0;0;0;0;0;0;0;1;0;1;1;1;5;1;3;8;8;25;39;37;38;15;2;0;0;0;0;0;0;0;0;0;0;0;0;0;0;0;0;3;185;"(25)";"26 - 29"
"Meropenem";"Campylobacter coli";10;0;0;0;0;0;0;0;0;0;0;0;0;0;0;0;1;0;0;2;0;3;1;3;8;12;15;25;19;24;27;37;43;61;66;59;78;90;105;98;88;66;58;36;21;53;6;1099;"-";""
"Meropenem";"Campylobacter jejuni";10;0;0;0;0;0;0;0;0;0;0;0;0;0;0;0;0;0;0;0;1;1;0;6;7;7;11;10;20;16;24;31;43;67;78;91;70;79;82;110;81;104;89;92;57;69;7;1246;"-";""
"Meropenem";"Citrobacter freundii";10;0;0;0;0;0;0;0;0;0;0;0;0;0;0;1;0;0;0;1;3;5;10;28;70;151;178;140;86;38;18;6;2;0;2;0;1;0;1;0;0;0;0;0;0;0;6;741;"25";"25 - 26"
"Meropenem";"Citrobacter koseri";10;0;0;0;0;0;0;0;0;0;0;0;0;0;0;0;0;0;0;0;0;1;1;6;12;29;98;168;153;103;68;33;12;8;5;0;2;2;0;0;1;0;0;0;0;0;4;702;"(26)";"26 - 27"
"Meropenem";"Clostridium perfringens";10;0;0;0;0;0;0;0;0;0;0;0;0;0;0;0;0;0;0;0;0;0;2;1;3;4;4;6;9;20;30;26;18;11;8;2;2;2;1;0;0;0;0;0;0;0;2;149;"-";"ID"
"Meropenem";"Clostridium perfringens ATCC 13124";10;0;0;0;0;0;0;0;0;0;0;0;0;0;0;0;0;0;0;0;0;0;0;0;0;1;0;0;1;150;310;329;198;98;31;9;0;0;0;0;0;0;0;0;0;0;9;1127;"32";"33 - 34"
"Meropenem";"Corynebacterium diphtheriae";10;0;0;0;0;0;0;1;0;0;0;0;0;0;0;0;0;1;3;1;4;5;5;21;20;30;31;30;21;5;9;2;3;4;0;1;1;1;0;0;0;1;0;0;0;0;2;200;"-";"ID"
"Meropenem";"Corynebacterium ulcerans";10;0;0;0;0;0;0;0;0;0;0;0;0;0;0;0;0;1;0;0;1;2;4;15;23;41;31;40;23;9;8;0;1;1;0;0;0;0;0;0;0;0;0;0;0;0;2;200;"-";"ID"
"Meropenem";"Cutibacterium acnes";10;0;0;0;0;0;0;0;0;0;0;0;0;0;0;0;0;0;0;0;0;0;0;0;0;0;0;0;1;7;6;9;11;9;14;20;20;13;8;9;5;0;0;0;0;0;2;132;"-";"ID"
"Meropenem";"Enterobacter cloacae";10;3;0;1;2;0;5;4;1;1;3;2;4;1;1;0;3;10;6;6;25;74;135;225;361;486;401;307;164;83;39;14;8;9;5;0;0;3;3;1;0;0;0;0;0;0;13;2396;"24";"24 - 25"
"Meropenem";"Escherichia coli";10;20;7;5;9;12;8;9;6;6;8;7;3;7;5;14;9;30;23;27;51;89;289;846;2184;5960;10116;13189;11889;7609;3795;1566;590;286;125;105;41;35;13;14;2;7;1;2;0;2;23;59021;"27";"27 - 27"
"Meropenem";"Escherichia coli ATCC 25922";10;0;0;0;0;0;0;0;0;0;0;0;0;0;0;0;0;1;1;3;0;4;8;76;166;498;938;1403;1290;701;221;15;4;0;0;0;0;0;0;0;0;0;0;0;0;0;34;5329;"29";"29 - 30"
"Meropenem";"Fusobacterium necrophorum";10;0;0;0;0;0;0;0;0;0;0;0;0;0;0;0;0;0;0;0;0;0;0;0;0;0;0;0;0;0;0;0;0;0;6;19;23;27;22;16;9;8;0;0;0;0;2;130;"-";"ID"
"Meropenem";"Haemophilus influenzae";10;1;0;0;0;0;0;0;0;0;0;0;0;0;2;6;3;20;45;57;139;176;292;412;446;583;443;358;264;178;125;60;35;18;13;10;4;1;3;2;0;1;2;0;2;1;5;3702;"20";"21 - 22"
"Meropenem";"Haemophilus influenzae ATCC 49766";10;0;0;0;0;0;0;0;0;0;0;0;0;0;0;1;0;0;0;5;17;55;407;670;863;1016;800;556;278;96;35;3;1;0;0;0;0;0;0;0;0;0;0;0;0;0;28;4803;"26";"26 - 26"
"Meropenem";"Haemophilus influenzae NCTC 8468";10;0;0;0;0;0;0;0;0;0;0;0;0;0;0;0;0;0;0;0;0;2;8;22;31;27;25;19;4;2;0;0;0;0;0;0;0;0;0;0;0;0;0;0;0;0;5;140;"26";"25 - 28"
"Meropenem";"Klebsiella aerogenes";10;0;0;0;1;0;1;3;2;2;2;2;5;1;2;4;1;0;3;2;3;4;19;72;118;143;142;88;30;16;5;4;3;2;0;1;0;0;2;0;0;1;0;0;0;0;5;684;"25";"25 - 26"
"Meropenem";"Klebsiella oxytoca";10;0;0;0;0;0;0;0;0;0;1;0;0;0;0;0;2;7;2;7;4;29;45;130;248;550;614;611;367;211;91;29;9;4;1;4;0;0;0;0;0;0;0;0;0;0;13;2966;"26";"25 - 26"
"Meropenem";"Klebsiella pneumoniae";10;63;3;9;14;17;15;10;7;18;17;10;7;5;17;18;10;24;16;34;70;161;320;751;1226;1649;1243;843;424;175;75;37;21;10;7;5;2;2;1;1;0;1;0;0;0;0;14;7338;"25";"24 - 25"
"Meropenem";"Listeria monocytogenes";10;0;0;0;0;0;0;0;0;0;0;0;0;1;1;1;1;0;1;0;0;1;9;28;25;44;77;83;119;89;84;39;18;13;3;0;0;1;1;0;2;0;0;0;0;0;5;641;"26";"26 - 29"
"Meropenem";"Moraxella catarrhalis";10;0;0;0;0;0;0;0;0;0;0;0;0;0;0;0;0;0;0;0;0;0;0;0;0;2;0;0;5;7;8;16;19;48;52;68;68;56;46;24;23;8;6;8;2;5;5;471;"31";"31 - 34"
"Meropenem";"Morganella morganii";10;0;0;0;0;0;0;0;0;0;0;0;0;0;0;0;0;0;1;0;1;1;11;34;51;108;76;40;20;4;2;0;0;0;0;0;0;0;0;0;0;0;0;0;0;0;4;349;"(26)";"25 - 27"
"Meropenem";"Plesiomonas shigelloides";10;0;0;0;0;0;0;0;0;0;0;0;0;0;0;0;0;0;0;0;0;0;0;0;0;7;5;15;12;9;9;3;1;0;0;0;0;0;0;0;0;0;0;0;0;0;1;61;"-";"ID"
"Meropenem";"Proteus mirabilis";10;1;0;0;0;0;0;0;0;0;0;0;0;0;0;2;3;1;1;10;13;43;112;355;608;841;741;480;219;91;50;9;4;1;0;0;0;1;0;0;0;0;0;0;0;0;13;3586;"25";"24 - 25"
"Meropenem";"Proteus vulgaris";10;0;0;0;0;0;0;0;0;0;0;0;0;0;0;0;0;0;0;0;0;2;6;6;10;25;33;14;9;2;1;1;0;1;0;0;0;0;0;0;0;0;0;0;0;0;2;110;"-";"ID"
"Meropenem";"Pseudomonas aeruginosa";10;418;30;43;63;65;64;59;66;67;76;72;100;129;75;95;95;100;100;216;236;311;416;566;590;866;933;1063;989;822;594;314;214;118;77;70;35;30;14;14;6;11;6;8;3;5;15;10244;"23";"23 - 24"
"Meropenem";"Pseudomonas aeruginosa ATCC 27853";10;0;0;0;0;0;0;0;0;0;0;0;0;0;1;0;1;1;6;14;18;44;144;374;757;1472;1315;613;159;5;0;0;0;0;0;0;0;0;0;0;0;0;0;0;0;0;31;4924;"27";"27 - 28"
"Meropenem";"Salmonella enterica";10;0;0;0;0;0;0;0;0;0;1;0;0;3;1;1;1;6;6;3;14;28;102;322;587;2224;2668;3266;2753;2109;1210;665;243;164;46;41;5;8;2;1;0;0;0;0;0;0;8;16480;"25";"26 - 27"
"Meropenem";"Serratia marcescens";10;0;0;1;0;0;0;0;0;0;1;0;0;0;0;0;0;0;0;4;2;10;51;95;168;240;161;93;56;21;10;5;2;3;0;0;1;0;0;0;0;0;0;0;0;0;10;924;"25";"24 - 25"
"Meropenem";"Streptococcus pneumoniae ATCC 49619";10;0;0;0;0;0;0;0;0;0;0;0;0;0;0;0;0;0;0;0;0;0;0;1;1;0;2;9;17;17;16;12;3;1;0;0;0;0;0;0;0;0;0;0;0;0;3;79;"(31)";"30 - 32"
"Meropenem";"Vibrio alginolyticus";10;0;0;0;0;0;0;0;0;0;0;0;0;0;0;0;0;0;0;0;0;0;0;0;0;1;15;18;34;35;23;16;5;1;2;2;2;3;1;0;0;0;0;0;0;0;2;158;"-";"ID"
"Meropenem";"Vibrio cholerae";10;0;0;0;0;0;0;0;0;0;0;0;0;1;0;0;1;0;0;0;8;19;43;38;28;12;10;6;5;1;1;1;0;0;0;0;0;0;0;0;0;0;0;0;0;0;2;174;"-";"ID"
"Meropenem";"Vibrio fluvialis";10;0;0;0;0;0;0;0;0;0;0;0;0;0;0;0;0;0;0;2;9;31;34;15;8;4;2;1;0;0;0;0;0;0;0;0;0;0;0;0;0;0;0;0;0;0;2;106;"-";"ID"
"Meropenem";"Vibrio parahaemolyticus";10;0;0;0;0;0;0;0;0;0;0;0;0;0;0;0;0;0;0;0;0;0;0;0;2;8;21;29;25;32;23;9;2;2;1;0;0;0;0;0;0;0;0;0;0;0;2;154;"-";"ID"
"Meropenem";"Vibrio vulnificus";10;0;0;0;0;0;0;0;0;0;0;0;0;0;0;0;0;0;0;0;0;0;0;0;5;6;17;15;26;30;18;16;10;5;2;0;0;0;0;0;0;0;0;0;0;0;2;150;"-";"ID"
"Meropenem-vaborbactam";"Escherichia coli ATCC 25922";30;0;0;0;0;0;0;0;0;0;0;0;0;0;0;0;0;0;0;0;0;0;0;0;0;2;38;67;54;33;10;3;0;0;0;0;0;0;0;0;0;0;0;0;0;0;2;207;"-";"ID"
"Meropenem-vaborbactam";"Pseudomonas aeruginosa";30;0;0;0;0;1;0;0;1;1;1;0;1;2;0;1;0;0;1;3;2;5;3;7;8;9;11;14;9;9;6;3;3;0;0;0;0;0;0;0;0;0;0;0;0;0;2;101;"-";"ID"
"Metronidazole";"Bacteroides fragilis";5;3;0;0;0;0;0;0;0;0;1;0;2;0;0;0;2;3;0;0;1;1;3;4;12;26;31;44;22;15;6;6;7;4;3;1;0;1;0;0;0;0;0;0;0;0;5;198;"25";"23 - 27"
"Metronidazole";"Bacteroides fragilis ATCC 25285";5;0;0;0;0;0;0;0;0;0;0;0;0;0;0;0;0;0;0;1;0;0;0;0;4;47;140;331;382;238;115;24;1;1;1;0;0;0;0;0;0;0;0;0;0;0;9;1285;"30";"30 - 30"
"Metronidazole";"Clostridium perfringens";5;0;0;0;0;0;0;0;0;0;0;0;3;3;9;18;28;30;20;15;7;8;5;3;0;0;0;0;0;0;0;0;0;0;0;0;0;0;0;0;0;0;0;0;0;0;2;149;"-";"ID"
"Metronidazole";"Clostridium perfringens ATCC 13124";5;0;0;0;0;0;0;0;0;0;0;1;3;3;5;44;85;157;280;286;161;53;0;1;0;0;0;0;0;0;0;0;0;0;0;0;0;0;0;0;0;0;0;0;0;0;9;1079;"21";"20 - 21"
"Metronidazole";"Clostridium perfringens DSM 25589";5;0;0;0;0;0;0;0;0;0;0;0;0;0;0;0;0;0;0;1;11;13;23;34;47;27;15;8;7;6;1;1;0;0;0;0;0;0;0;0;0;0;0;0;0;0;6;194;"24";"23 - 26"
"Metronidazole";"Fusobacterium necrophorum";5;0;0;0;0;0;0;0;0;0;0;0;0;0;0;0;0;0;0;0;0;0;0;0;0;0;0;1;3;5;5;14;14;17;19;22;17;9;3;1;0;0;0;0;0;0;2;130;"-";"ID"
"Minocycline";"Haemophilus influenzae";30;0;0;0;0;0;0;0;0;0;0;0;0;0;0;0;0;0;0;0;2;10;21;44;64;81;87;70;18;6;7;4;0;0;0;0;0;1;0;0;0;0;0;0;0;0;3;415;"(25)";"24 - 26"
"Minocycline";"Haemophilus influenzae ATCC 49766";30;0;0;0;0;0;0;0;0;0;0;0;0;0;0;0;0;0;0;0;0;11;30;19;27;5;1;0;0;0;0;0;0;0;0;0;0;0;0;0;0;0;0;0;0;0;3;93;"(25)";"24 - 26"
"Minocycline";"Haemophilus influenzae NCTC 8468";30;0;0;0;0;0;0;0;0;0;0;0;0;0;0;0;0;0;0;0;0;0;2;18;13;13;20;6;2;0;0;0;0;0;0;0;0;0;0;0;0;0;0;0;0;0;4;74;"(26)";"26 - 28"
"Minocycline";"Moraxella catarrhalis";30;0;0;0;0;0;0;0;0;0;0;0;0;0;0;0;0;0;0;0;0;0;0;0;1;0;2;3;20;21;32;10;9;1;2;4;1;0;0;0;0;0;0;0;0;0;1;106;"-";"ID"
"Minocycline";"Staphylococcus aureus";30;0;0;0;0;0;0;0;0;0;0;1;0;2;4;4;2;7;2;3;15;26;61;85;64;43;31;7;6;0;0;0;0;0;0;0;0;0;0;0;0;0;0;0;0;0;3;363;"(22)";"22 - 24"
"Minocycline";"Staphylococcus aureus ATCC 29213";30;0;0;0;0;0;0;0;0;0;0;0;0;0;0;0;0;0;0;3;10;12;7;12;9;1;0;0;0;0;0;0;0;0;0;0;0;0;0;0;0;0;0;0;0;0;2;54;"-";"ID"
"Minocycline";"Staphylococcus epidermidis";30;0;0;0;0;0;0;0;0;0;0;0;1;0;0;0;0;0;1;2;2;3;8;5;9;12;9;5;3;3;4;0;2;0;0;0;0;0;0;0;0;0;0;0;0;0;1;69;"-";"ID"
"Minocycline";"Stenotrophomonas maltophilia";30;0;0;0;0;0;0;0;0;0;0;0;1;1;0;8;9;6;22;23;39;27;29;49;28;35;7;6;0;1;2;1;0;0;0;0;0;0;0;0;0;0;0;0;0;0;3;294;"(21)";"20 - 23"
"Minocycline";"Streptococcus pneumoniae";30;0;0;0;0;0;0;0;1;5;4;11;8;8;3;3;3;2;0;6;10;11;12;6;4;2;1;0;0;0;0;0;0;0;0;0;0;0;0;0;0;0;0;0;0;0;1;100;"-";"ID"
"Minocycline";"Streptococcus pneumoniae ATCC 49619";30;0;0;0;0;0;0;0;0;0;0;0;0;0;0;0;0;0;0;1;1;8;16;7;5;4;4;0;2;0;0;0;0;0;0;0;0;0;0;0;0;0;0;0;0;0;2;48;"((22))";"ID"
"Minocycline";"Streptococcus pyogenes";30;0;0;0;0;0;0;0;0;0;0;0;0;1;2;1;1;1;0;0;0;0;0;5;4;4;13;12;2;4;0;0;0;0;0;0;0;0;0;0;0;0;0;0;0;0;1;50;"-";"ID"
"Moxifloxacin";"Bacillus cereus";5;0;0;0;0;0;0;0;0;0;0;0;2;0;0;0;0;0;6;32;38;40;43;20;20;13;4;0;0;0;0;0;0;0;0;0;0;0;0;0;0;0;0;0;0;0;1;218;"-";"ID"
"Moxifloxacin";"Citrobacter freundii";5;0;0;0;0;0;0;1;3;1;1;0;0;0;0;3;7;6;6;8;11;11;7;6;3;0;0;1;0;0;0;0;0;0;0;0;0;0;0;0;0;0;0;0;0;0;3;75;"-";""
"Moxifloxacin";"Citrobacter koseri";5;0;0;0;0;0;0;0;0;0;0;0;0;0;0;0;0;0;0;2;0;4;15;25;19;7;3;0;0;0;0;0;0;0;0;0;0;0;0;0;0;0;0;0;0;0;3;75;"-";""
"Moxifloxacin";"Clostridioides difficile";5;3;0;0;0;0;0;0;0;0;0;0;0;1;9;17;24;8;8;1;2;0;0;0;0;0;0;0;0;0;0;0;0;0;0;0;0;0;0;0;0;0;0;0;0;0;1;73;"-";"ID"
"Moxifloxacin";"Enterobacter cloacae";5;0;0;0;0;0;2;1;2;1;0;0;0;0;0;0;2;1;0;3;20;11;9;6;1;1;0;0;0;0;0;0;0;0;0;0;0;0;0;0;0;0;0;0;0;0;3;60;"-";""
"Moxifloxacin";"Enterococcus faecalis";5;12;0;2;0;0;0;0;0;0;0;0;0;0;0;1;4;5;6;4;4;6;3;3;0;0;0;0;0;0;0;0;0;0;0;0;0;0;0;0;0;0;0;0;0;0;1;50;"-";"ID"
"Moxifloxacin";"Escherichia coli";5;70;4;9;2;1;2;1;1;1;1;0;2;5;9;24;10;13;21;42;95;168;182;182;112;113;59;51;34;8;7;1;0;0;0;0;0;0;0;0;0;0;0;0;0;0;4;1230;"(19)";"18 - 21"
"Moxifloxacin";"Escherichia coli ATCC 25922";5;0;0;0;0;0;0;0;0;0;0;0;0;0;0;0;0;0;0;0;0;0;3;18;43;60;50;9;6;2;0;0;0;0;0;0;0;0;0;0;0;0;0;0;0;0;8;191;"27";"27 - 28"
"Moxifloxacin";"Haemophilus influenzae";5;0;0;0;0;0;0;0;0;0;0;0;0;0;0;0;0;0;0;0;0;0;1;1;3;14;12;24;41;44;38;34;21;16;4;0;1;1;1;0;0;0;1;0;0;0;2;257;"-";"ID"
"Moxifloxacin";"Haemophilus influenzae ATCC 49766";5;0;0;0;0;0;0;0;0;0;0;0;0;0;0;0;0;0;0;0;0;0;0;0;0;1;10;24;22;23;9;4;0;0;0;0;0;0;0;0;0;0;0;0;0;0;3;93;"(30)";"30 - 31"
"Moxifloxacin";"Haemophilus influenzae NCTC 8468";5;0;0;0;0;0;0;0;0;0;0;0;0;0;0;0;0;0;0;0;0;0;0;1;0;14;16;20;21;14;3;0;0;0;0;0;0;0;0;0;0;0;0;0;0;0;3;89;"(29)";"28 - 31"
"Moxifloxacin";"Klebsiella aerogenes";5;0;0;0;0;0;3;0;0;0;0;0;0;1;1;1;0;3;18;21;14;9;2;1;1;0;0;0;0;0;0;0;0;0;0;0;0;0;0;0;0;0;0;0;0;0;3;75;"-";""
"Moxifloxacin";"Klebsiella oxytoca";5;0;0;0;0;0;0;0;0;0;0;0;0;0;0;0;3;6;5;18;25;29;20;10;6;2;1;0;0;0;0;0;0;0;0;0;0;0;0;0;0;0;0;0;0;0;4;125;"(19)";"ID"
"Moxifloxacin";"Klebsiella pneumoniae";5;2;0;1;0;0;0;0;0;0;1;1;3;4;6;1;2;12;19;37;47;28;14;8;1;2;0;2;0;0;0;0;0;0;0;0;0;0;0;0;0;0;0;0;0;0;2;191;"-";"ID"
"Moxifloxacin";"Moraxella catarrhalis";5;0;0;0;0;0;0;0;0;0;0;0;0;0;0;0;0;0;0;0;0;1;1;3;2;6;25;32;15;11;6;3;1;0;0;0;0;0;0;0;0;0;0;0;0;0;1;106;"-";"ID"
"Moxifloxacin";"Morganella morganii";5;5;0;1;0;1;1;1;0;0;2;1;0;0;0;3;0;0;1;7;9;7;9;6;1;2;1;1;1;0;0;0;0;0;0;0;0;0;0;0;0;0;0;0;0;0;3;60;"-";""
"Moxifloxacin";"Proteus mirabilis";5;0;0;0;1;0;0;0;0;0;0;0;0;0;0;0;3;4;8;16;12;20;17;21;14;12;5;2;1;0;1;0;0;0;0;0;0;0;0;0;0;0;0;0;0;0;2;137;"-";"ID"
"Moxifloxacin";"Proteus vulgaris";5;0;0;0;0;0;0;0;0;0;0;0;2;0;1;1;4;8;7;8;9;9;0;1;2;2;0;0;0;0;0;0;0;0;0;0;0;0;0;0;0;0;0;0;0;0;3;54;"-";""
"Moxifloxacin";"Providencia rettgeri";5;0;0;0;0;0;2;1;0;1;2;0;0;0;2;1;1;6;8;4;7;5;4;1;0;0;0;0;0;0;0;0;0;0;0;0;0;0;0;0;0;0;0;0;0;0;3;45;"-";""
"Moxifloxacin";"Serratia marcescens";5;0;0;0;0;0;0;0;0;0;0;1;1;1;1;5;6;9;16;13;12;7;1;2;0;0;0;0;0;0;0;0;0;0;0;0;0;0;0;0;0;0;0;0;0;0;3;75;"-";""
"Moxifloxacin";"Staphylococcus aureus";5;5;0;2;7;9;10;20;16;18;21;22;30;24;23;12;8;3;10;21;61;64;128;193;252;297;273;221;159;85;42;13;10;4;2;0;0;0;0;0;0;0;0;0;0;0;6;2065;"23";"23 - 25"
"Moxifloxacin";"Staphylococcus aureus ATCC 29213";5;0;0;0;0;0;0;0;0;0;0;0;0;0;0;0;0;0;0;0;7;19;31;42;38;27;8;1;1;1;0;0;0;0;0;0;0;0;0;0;0;0;0;0;0;0;3;175;"(25)";"25 - 26"
"Moxifloxacin";"Staphylococcus epidermidis";5;0;0;0;0;0;0;0;0;0;0;2;2;5;7;1;0;2;4;3;1;0;0;0;0;1;1;3;2;6;12;5;3;5;1;2;0;0;1;0;0;0;0;0;0;0;1;69;"-";"ID"
"Moxifloxacin";"Staphylococcus lugdunensis";5;0;0;0;0;0;0;0;0;0;0;0;0;0;0;0;0;0;0;0;0;1;4;8;10;14;10;14;12;9;3;2;1;1;0;0;0;0;0;0;0;0;0;0;0;0;1;89;"-";"ID"
"Moxifloxacin";"Stenotrophomonas maltophilia";5;10;0;0;0;1;4;5;8;3;11;4;4;14;2;28;9;15;14;10;25;15;14;14;2;31;0;13;0;16;0;10;0;5;0;7;0;0;0;0;0;0;0;0;0;0;3;294;"-";""
"Moxifloxacin";"Streptococcus agalactiae";5;0;0;0;0;0;0;0;0;0;0;0;0;0;0;0;0;3;10;33;29;24;5;1;1;0;0;0;0;0;0;0;0;0;0;0;0;0;0;0;0;0;0;0;0;0;1;106;"-";"ID"
"Moxifloxacin";"Streptococcus pneumoniae";5;0;0;0;0;0;0;0;1;2;3;3;2;0;0;1;0;1;4;9;21;28;42;39;32;28;5;5;0;0;0;1;0;0;0;0;0;0;0;0;0;0;0;0;0;0;2;227;"-";"ID"
"Moxifloxacin";"Streptococcus pneumoniae ATCC 49619";5;0;0;0;0;0;0;0;0;0;0;0;0;0;0;0;0;0;1;6;12;21;16;7;0;0;0;0;0;0;0;0;0;0;0;0;0;0;0;0;0;0;0;0;0;0;3;63;"(23)";"23 - 24"
"Moxifloxacin";"Streptococcus pyogenes";5;0;0;0;0;0;0;0;0;0;0;0;1;1;2;2;6;10;15;18;19;22;15;16;11;6;3;1;1;0;0;0;0;0;0;0;0;0;0;0;0;0;0;0;0;0;1;149;"-";"ID"
"Mupirocin";"Staphylococcus aureus";200;16;0;0;0;1;0;0;1;0;2;0;0;0;0;0;1;1;1;9;11;11;7;7;18;69;123;178;218;294;219;130;73;31;16;8;1;1;0;1;3;0;0;0;0;0;6;1451;"27";"27 - 29"
"Mupirocin";"Staphylococcus aureus ATCC 29213";200;0;0;0;0;0;0;0;0;0;0;0;0;0;0;0;0;0;0;0;0;0;0;0;1;2;12;21;31;27;21;5;1;1;0;0;0;0;0;0;0;0;0;0;0;0;3;122;"(30)";"30 - 31"
"Nalidixic acid";"Acinetobacter baumannii";30;17;0;0;0;0;0;0;0;0;0;4;5;2;6;10;8;8;5;1;1;0;1;0;0;0;0;0;0;0;0;0;0;0;0;0;0;0;0;0;0;0;0;0;0;0;2;68;"-";"ID"
"Nalidixic acid";"Citrobacter freundii";30;12;0;0;0;0;0;0;0;0;2;1;3;9;3;9;24;25;25;21;16;5;4;0;0;0;0;0;0;0;0;0;0;0;0;0;0;0;0;0;0;0;0;0;0;0;2;159;"-";"ID"
"Nalidixic acid";"Enterobacter cloacae";30;15;0;1;1;2;1;2;3;6;5;3;7;11;10;19;19;36;38;40;30;9;8;6;2;0;1;0;0;0;0;0;0;0;0;0;0;0;0;0;0;0;0;0;0;0;2;275;"-";"ID"
"Nalidixic acid";"Escherichia coli";30;1396;3;8;4;14;5;9;2;7;8;21;24;43;60;129;297;680;1333;1860;2151;1673;1012;383;142;75;16;13;6;7;0;1;0;0;1;0;0;0;0;0;0;0;0;0;0;0;5;11383;"19";"19 - 20"
"Nalidixic acid";"Escherichia coli ATCC 25922";30;0;0;0;0;0;0;0;0;0;0;0;0;0;0;0;2;14;60;92;116;89;42;13;1;0;0;0;0;0;0;0;0;0;0;0;0;0;0;0;0;0;0;0;0;0;4;429;"(22)";"21 - 23"
"Nalidixic acid";"Haemophilus influenzae";30;91;1;2;3;1;3;8;3;1;5;3;2;2;0;2;5;2;28;36;116;232;571;918;1132;1363;1061;906;708;455;304;164;93;62;30;21;8;7;8;3;2;0;0;1;0;0;13;8363;"22";"21 - 22"
"Nalidixic acid";"Haemophilus influenzae ATCC 49766";30;0;0;0;0;0;0;0;0;0;0;0;0;1;0;0;0;0;0;0;5;133;860;1239;1287;996;408;138;26;3;0;0;0;0;0;0;0;0;0;0;0;0;0;0;0;0;30;5096;"25";"26 - 26"
"Nalidixic acid";"Haemophilus influenzae NCTC 8468";30;0;0;0;0;0;0;0;0;0;0;0;0;0;0;0;0;0;1;1;4;8;57;98;141;122;81;38;7;0;0;0;0;0;0;0;0;0;0;0;0;0;0;0;0;0;6;558;"26";"25 - 27"
"Nalidixic acid";"Klebsiella oxytoca";30;13;0;0;0;0;0;0;1;0;0;0;2;3;5;6;12;29;53;87;72;44;11;6;1;3;1;0;0;0;0;0;0;0;0;0;0;0;0;0;0;0;0;0;0;0;2;349;"-";"ID"
"Nalidixic acid";"Klebsiella pneumoniae";30;75;1;3;4;4;0;6;8;19;7;13;18;30;50;144;153;188;200;118;64;27;11;10;2;0;1;1;1;0;0;0;0;0;0;0;0;0;0;0;0;0;0;0;0;0;3;1158;"(16)";"16 - 17"
"Nalidixic acid";"Mannheimia haemolytica";30;34;0;0;5;0;0;1;0;0;0;1;0;0;1;0;1;9;8;15;15;8;3;3;0;0;0;0;0;0;0;0;0;0;0;0;0;0;0;0;0;0;0;0;0;0;1;104;"-";"ID"
"Nalidixic acid";"Moraxella catarrhalis";30;11;0;0;0;0;0;0;0;1;0;1;0;2;1;0;0;0;13;37;91;152;193;196;129;91;38;26;15;9;1;1;0;2;0;2;0;0;0;0;0;0;0;0;0;0;11;1012;"21";"21 - 22"
"Nalidixic acid";"Pasteurella multocida";30;0;0;0;0;0;0;0;0;0;0;0;0;0;0;0;0;5;20;29;62;61;67;45;19;14;6;2;1;1;0;0;0;0;0;0;0;0;0;0;0;0;0;0;0;0;6;332;"19";"20 - 22"
"Nalidixic acid";"Proteus mirabilis";30;51;0;1;0;0;2;1;3;2;5;5;12;13;30;54;67;115;112;87;52;24;2;8;2;0;0;0;0;0;0;0;0;0;0;0;0;0;0;0;0;0;0;0;0;0;3;648;"(17)";"16 - 17"
"Nalidixic acid";"Salmonella enterica";30;6206;35;38;60;105;133;167;196;143;154;150;144;217;532;1231;2036;2976;4032;5708;6586;5234;2891;1394;514;186;75;35;13;7;11;1;2;1;0;2;0;0;0;0;0;0;0;0;0;1;29;41216;"19";"19 - 20"
"Nalidixic acid";"Shigella sonnei";30;18;0;1;0;0;2;0;0;0;0;1;0;0;0;1;2;2;4;5;4;7;8;9;9;4;1;0;0;0;0;0;0;0;0;0;0;0;0;0;0;0;0;0;0;0;1;78;"-";"ID"
"Neomycin";"Escherichia coli";10;30;1;0;0;0;1;3;14;65;68;69;94;155;55;11;2;0;0;1;0;0;0;0;0;0;0;0;0;0;0;0;0;0;0;0;0;0;0;0;0;0;0;0;0;0;4;569;"(13)";"11 - 14"
"Neomycin";"Escherichia coli ATCC 25922";10;0;0;0;0;0;0;0;0;4;13;4;6;11;7;0;0;0;0;0;0;0;0;0;0;0;0;0;0;0;0;0;0;0;0;0;0;0;0;0;0;0;0;0;0;0;4;45;"(13)";"13 - 15"
"Neomycin";"Klebsiella pneumoniae";10;16;2;5;4;5;5;5;5;16;13;12;8;6;3;0;0;0;0;0;0;1;0;0;0;0;0;0;0;0;0;0;0;0;0;0;0;0;0;0;0;0;0;0;0;0;2;106;"-";"ID"
"Neomycin";"Staphylococcus aureus";10;2;0;0;0;0;1;2;1;4;6;12;57;79;81;69;41;22;0;0;0;0;0;0;0;0;0;0;0;0;0;0;0;0;0;0;0;0;0;0;0;0;0;0;0;0;4;377;"(14)";"13 - 14"
"Neomycin";"Staphylococcus aureus ATCC 29213";10;0;0;0;0;0;0;0;0;0;1;2;8;1;6;5;0;0;0;0;0;0;0;0;0;0;0;0;0;0;0;0;0;0;0;0;0;0;0;0;0;0;0;0;0;0;2;23;"-";"ID"
"Netilmicin";"Enterobacter cloacae";10;0;0;0;0;0;0;0;0;0;1;1;2;13;12;5;10;4;2;0;0;0;0;0;0;0;0;0;0;0;0;0;0;0;0;0;0;0;0;0;0;0;0;0;0;0;1;50;"-";"ID"
"Netilmicin";"Escherichia coli";10;10;0;1;2;2;3;7;3;4;1;7;12;53;80;50;54;83;93;61;24;1;0;0;0;0;1;0;0;0;0;0;0;0;0;0;0;0;0;0;0;0;0;0;0;0;3;552;"(16)";"11 - 19"
"Netilmicin";"Escherichia coli ATCC 25922";10;0;0;0;0;0;0;0;0;0;0;0;0;1;11;27;8;11;23;6;2;0;0;0;0;0;0;0;0;0;0;0;0;0;0;0;0;0;0;0;0;0;0;0;0;0;4;89;"(17)";"16 - 20"
"Netilmicin";"Klebsiella oxytoca";10;0;0;0;0;0;0;0;0;0;0;0;5;15;6;5;8;8;9;0;1;0;0;0;0;0;0;0;0;0;0;0;0;0;0;0;0;0;0;0;0;0;0;0;0;0;1;57;"-";"ID"
"Netilmicin";"Klebsiella pneumoniae";10;0;0;0;0;0;1;1;0;0;0;1;5;25;21;13;22;20;5;0;1;0;0;0;0;0;0;0;0;0;0;0;0;0;0;0;0;0;0;0;0;0;0;0;0;0;1;115;"-";"ID"
"Netilmicin";"Proteus mirabilis";10;0;0;0;0;0;0;0;0;1;1;0;1;14;15;19;7;8;6;5;3;0;0;0;0;0;0;0;0;0;0;0;0;0;0;0;0;0;0;0;0;0;0;0;0;0;1;80;"-";"ID"
"Netilmicin";"Pseudomonas aeruginosa";10;30;0;2;0;3;9;8;13;29;45;57;49;35;29;13;5;6;0;3;1;2;4;1;4;0;2;0;0;0;0;0;1;0;0;0;0;0;0;0;0;0;0;0;0;0;4;351;"(9)";"8 - 11"
"Netilmicin";"Pseudomonas aeruginosa ATCC 27853";10;0;0;0;0;0;0;0;0;0;2;9;32;40;22;1;0;0;0;0;0;0;0;0;0;0;0;0;0;0;0;0;0;0;0;0;0;0;0;0;0;0;0;0;0;0;4;106;"(15)";"15 - 16"
"Netilmicin";"Staphylococcus aureus";10;0;0;0;0;0;0;0;0;2;2;1;4;8;9;30;83;131;107;60;33;19;15;4;1;0;0;1;0;0;0;0;0;0;0;0;0;0;0;0;0;0;0;0;0;0;3;510;"(16)";"17 - 20"
"Netilmicin";"Staphylococcus aureus ATCC 29213";10;0;0;0;0;0;0;0;0;0;0;0;0;0;0;6;13;23;30;0;0;0;0;0;0;0;0;0;0;0;0;0;0;0;0;0;0;0;0;0;0;0;0;0;0;0;3;72;"(20)";"20 - 21"
"Netilmicin";"Staphylococcus cohnii";10;0;0;0;0;0;0;0;0;0;0;1;2;0;1;0;0;0;2;1;3;5;14;15;8;9;4;4;3;1;0;0;0;0;0;0;0;0;0;0;0;0;0;0;0;0;1;73;"-";"ID"
"Netilmicin";"Staphylococcus epidermidis";10;4;1;3;0;0;2;5;2;5;5;10;5;6;5;3;0;3;3;3;6;10;19;19;13;14;7;3;2;1;0;0;0;0;0;0;0;0;0;0;0;0;0;0;0;0;2;159;"-";"ID"
"Netilmicin";"Staphylococcus haemolyticus";10;2;0;0;2;0;0;1;2;1;1;2;10;2;11;12;6;5;5;7;10;9;7;5;4;1;2;0;0;0;0;0;0;0;0;0;0;0;0;0;0;0;0;0;0;0;1;107;"-";"ID"
"Netilmicin";"Staphylococcus hominis";10;0;0;0;0;0;0;0;0;0;0;0;0;0;0;0;0;0;2;3;6;3;13;11;9;12;4;5;3;4;1;2;0;0;0;0;0;0;0;0;0;0;0;0;0;0;1;78;"-";"ID"
"Netilmicin";"Staphylococcus warneri";10;0;0;0;0;0;0;0;0;0;0;0;0;0;3;7;5;7;10;11;15;15;12;7;11;3;2;0;0;0;0;0;0;0;0;0;0;0;0;0;0;0;0;0;0;0;1;108;"-";"ID"
"Nitrofurantoin";"Aerococcus sanguinicola";100;5;0;0;0;0;0;0;0;1;1;1;1;3;5;13;11;17;27;50;46;44;41;32;31;17;20;10;7;3;2;0;0;0;0;0;0;0;0;0;0;0;0;2;0;0;5;390;"14";"14 - 17"
"Nitrofurantoin";"Citrobacter freundii";100;20;0;0;3;4;13;14;21;30;39;59;111;118;123;103;91;43;16;7;2;0;3;0;0;0;0;0;0;0;0;0;0;0;0;0;0;0;0;0;0;0;0;0;0;0;7;820;"12";"11 - 13"
"Nitrofurantoin";"Citrobacter koseri";100;44;0;6;5;14;21;20;13;41;62;105;120;130;120;78;44;30;13;8;4;1;0;2;1;1;1;0;1;1;0;0;1;0;0;0;0;0;0;0;0;0;0;0;0;0;7;887;"10";"10 - 11"
"Nitrofurantoin";"Enterococcus faecalis";100;35;0;0;2;3;3;12;4;15;33;55;132;354;810;2051;3422;4446;4056;2563;1405;668;335;168;76;79;17;23;6;7;2;4;0;1;0;3;0;1;0;0;0;0;0;0;0;0;15;20791;"16";"16 - 17"
"Nitrofurantoin";"Enterococcus faecalis ATCC 29212";100;0;0;0;0;0;0;0;0;0;0;1;1;69;225;726;1424;1541;792;188;6;1;0;0;0;0;0;0;0;0;0;0;0;0;0;0;0;0;0;0;0;0;0;0;0;0;28;4974;"19";"19 - 19"
"Nitrofurantoin";"Escherichia coli";100;780;20;90;175;261;319;562;1030;2603;4924;7246;10106;13796;17118;18439;13193;8072;4143;1944;947;620;384;266;182;111;45;24;10;15;5;12;3;1;1;1;1;0;0;1;0;1;0;0;0;0;15;107451;"13";"12 - 13"
"Nitrofurantoin";"Escherichia coli ATCC 25922";100;0;0;0;0;0;0;0;0;0;2;3;52;241;786;1610;1470;807;241;1;2;0;0;0;0;0;0;0;0;0;0;0;0;0;0;0;0;0;0;0;0;0;0;0;0;0;28;5215;"18";"18 - 18"
"Nitrofurantoin";"Klebsiella oxytoca";100;66;0;0;7;7;13;23;21;49;67;124;225;351;436;491;331;204;108;28;20;12;6;4;8;2;0;0;1;1;0;0;0;0;0;0;0;0;0;0;0;0;0;0;0;0;7;2605;"13";"13 - 14"
"Nitrofurantoin";"Klebsiella pneumoniae";100;573;18;47;84;155;195;273;360;492;553;550;486;342;253;167;93;51;30;31;15;13;9;4;1;0;0;0;1;1;0;0;0;0;0;1;0;0;0;0;0;0;0;0;0;0;5;4798;"7";"6 - 7"
"Nitrofurantoin";"Staphylococcus aureus ATCC 29213";100;0;0;0;0;0;0;0;0;0;0;0;4;10;22;20;12;7;1;0;0;0;0;0;0;0;0;0;0;0;0;0;0;0;0;0;0;0;0;0;0;0;0;0;0;0;2;76;"-";"ID"
"Nitrofurantoin";"Staphylococcus saprophyticus";100;0;0;0;0;0;0;2;0;1;5;16;43;111;232;561;810;875;730;404;158;54;34;12;3;1;2;0;1;0;0;0;0;0;0;0;0;0;0;0;0;0;0;0;0;0;13;4055;"17";"16 - 17"
"Nitrofurantoin";"Streptococcus agalactiae";100;0;0;0;0;0;1;9;14;28;46;65;72;152;309;534;579;541;418;248;106;39;23;11;5;3;1;1;0;0;0;0;0;0;0;0;0;0;0;0;0;0;0;0;0;0;12;3205;"15";"15 - 16"
"Nitrofurantoin";"Streptococcus dysgalactiae";100;0;0;0;0;0;0;0;0;0;0;0;1;5;13;18;27;21;16;8;2;3;1;0;0;0;0;0;0;0;0;0;0;0;0;0;0;0;0;0;0;0;0;0;0;0;1;115;"-";"ID"
"Nitrofurantoin";"Streptococcus pneumoniae ATCC 49619";100;0;0;0;0;0;0;0;0;0;0;0;0;0;0;0;0;0;0;3;12;18;33;24;1;4;0;0;0;0;0;0;0;0;0;0;0;0;0;0;0;0;0;0;0;0;4;95;"(24)";"24 - 25"
"Nitroxoline";"Escherichia coli";30;0;0;0;0;0;0;0;0;1;6;22;86;140;146;174;110;72;43;26;4;3;1;2;0;0;0;0;0;0;0;0;0;0;0;0;0;0;0;0;0;0;0;0;0;0;14;836;"13";"13 - 15"
"Nitroxoline";"Escherichia coli ATCC 25922";30;0;0;0;0;0;0;0;0;0;0;0;0;2;16;26;24;20;8;4;0;0;0;0;0;0;0;0;0;0;0;0;0;0;0;0;0;0;0;0;0;0;0;0;0;0;8;100;"18";"18 - 19"
"Norfloxacin";"Aerococcus sanguinicola";10;110;0;1;3;5;6;9;5;15;10;15;26;37;51;63;33;49;35;15;11;6;4;2;1;1;0;2;0;0;0;0;0;0;0;0;0;0;0;0;0;0;0;0;0;0;7;515;"11";"11 - 14"
"Norfloxacin";"Bacillus cereus";10;2;0;0;0;0;0;0;0;0;0;0;0;0;0;0;0;4;21;37;54;40;37;14;9;0;0;0;0;0;0;0;0;0;0;0;0;0;0;0;0;0;0;0;0;0;1;218;"-";"ID"
"Norfloxacin";"Citrobacter freundii";10;0;0;0;0;0;0;0;0;1;2;0;0;2;1;0;0;0;0;1;1;5;6;18;22;14;2;0;0;0;0;0;0;0;0;0;0;0;0;0;0;0;0;0;0;0;3;75;"-";""
"Norfloxacin";"Citrobacter koseri";10;0;0;0;0;0;0;0;0;0;0;0;0;0;0;0;0;0;0;0;0;0;0;2;6;26;24;11;5;1;0;0;0;0;0;0;0;0;0;0;0;0;0;0;0;0;3;75;"-";""
"Norfloxacin";"Enterobacter cloacae";10;0;0;0;0;0;0;2;1;0;0;2;0;1;0;0;2;3;1;2;0;6;20;29;19;11;6;1;2;1;1;0;0;0;0;0;0;0;0;0;0;0;0;0;0;0;4;110;"(23)";"ID"
"Norfloxacin";"Enterococcus faecalis";10;2460;0;3;7;13;26;31;81;167;549;1250;2133;2696;2520;2281;1517;905;501;250;113;55;29;30;20;8;2;1;1;0;0;0;0;0;0;0;0;0;0;0;0;0;0;0;0;0;14;17649;"12";"12 - 12"
"Norfloxacin";"Enterococcus faecalis ATCC 29212";10;0;0;0;0;0;0;0;0;0;0;47;249;854;1646;1408;489;66;1;0;0;0;0;0;0;0;0;0;0;0;0;0;0;0;0;0;0;0;0;0;0;0;0;0;0;0;26;4760;"17";"17 - 17"
"Norfloxacin";"Escherichia coli";10;8;0;0;0;0;0;0;1;0;0;0;1;0;0;0;0;3;4;2;1;8;12;47;39;44;23;16;11;4;6;9;3;1;0;0;0;0;0;0;0;0;0;0;0;0;2;243;"-";"ID"
"Norfloxacin";"Escherichia coli ATCC 25922";10;0;0;0;0;0;0;0;0;0;0;0;0;0;0;0;0;0;0;0;0;0;0;4;15;22;23;13;2;2;0;0;0;0;0;0;0;0;0;0;0;0;0;0;0;0;2;81;"-";"ID"
"Norfloxacin";"Klebsiella aerogenes";10;0;0;0;0;0;0;0;1;2;0;1;1;1;0;0;0;0;0;2;10;21;23;8;4;0;0;0;1;0;0;0;0;0;0;0;0;0;0;0;0;0;0;0;0;0;3;75;"-";""
"Norfloxacin";"Klebsiella oxytoca";10;0;0;0;0;0;0;0;0;1;0;0;2;0;0;1;0;0;5;2;3;13;19;29;37;26;27;9;5;3;2;2;0;0;0;0;0;0;0;0;0;0;0;0;0;0;5;186;"21";"ID"
"Norfloxacin";"Klebsiella pneumoniae";10;2;0;0;0;0;0;0;0;0;0;0;1;0;2;2;4;1;1;4;18;35;23;19;8;8;6;5;0;1;0;0;0;0;0;0;0;0;0;0;0;0;0;0;0;0;1;140;"-";"ID"
"Norfloxacin";"Morganella morganii";10;6;0;0;0;0;0;0;0;0;0;0;1;0;2;1;1;0;0;0;1;2;1;0;2;4;10;9;9;3;3;3;2;0;0;0;0;0;0;0;0;0;0;0;0;0;3;60;"-";""
"Norfloxacin";"Proteus mirabilis";10;0;0;0;0;0;0;1;0;0;0;0;0;0;1;1;0;1;0;0;1;0;1;4;4;6;19;20;32;27;26;24;14;3;3;0;0;0;0;0;0;0;0;0;0;0;2;188;"-";"ID"
"Norfloxacin";"Providencia rettgeri";10;0;0;0;0;0;0;0;0;0;0;0;0;0;0;0;0;2;1;3;0;4;6;10;5;7;2;4;1;0;0;0;0;0;0;0;0;0;0;0;0;0;0;0;0;0;3;45;"-";""
"Norfloxacin";"Serratia marcescens";10;0;0;0;0;0;0;0;0;0;0;0;2;0;1;1;2;0;1;1;2;5;15;19;17;8;1;0;0;0;0;0;0;0;0;0;0;0;0;0;0;0;0;0;0;0;3;75;"-";""
"Norfloxacin";"Staphylococcus aureus";10;386;1;3;14;35;19;16;22;13;15;18;32;100;169;434;587;696;871;755;652;638;567;452;337;222;127;53;24;6;5;4;1;0;0;0;0;0;0;0;0;0;0;0;0;0;5;7274;"12";"11 - 13"
"Norfloxacin";"Staphylococcus aureus ATCC 29213";10;0;0;0;0;0;0;0;0;0;0;1;2;59;235;981;1622;1460;650;198;8;2;0;0;0;0;1;0;0;0;0;0;0;0;0;0;0;0;0;0;0;0;0;0;0;0;28;5219;"18";"18 - 19"
"Norfloxacin";"Staphylococcus capitis";10;6;0;0;3;6;1;17;2;2;0;2;15;7;7;6;8;2;1;11;23;36;68;81;99;72;59;44;25;12;5;3;0;2;0;0;0;0;0;0;0;0;0;0;0;0;4;625;"(21)";"ID"
"Norfloxacin";"Staphylococcus hominis";10;87;0;0;0;0;0;0;0;1;0;3;8;10;4;2;2;13;7;17;26;46;79;58;94;82;67;41;21;12;5;5;2;2;0;0;0;0;0;0;0;0;0;0;0;0;3;694;"(21)";"ID"
"Norfloxacin";"Staphylococcus lugdunensis";10;0;0;0;0;0;0;0;0;0;1;0;1;2;2;1;2;3;5;19;28;50;71;93;78;60;30;31;8;6;5;3;1;2;0;0;0;0;0;0;0;0;0;0;0;0;7;502;"21";"21 - 22"
"Norfloxacin";"Staphylococcus saprophyticus";10;1;0;0;0;1;1;0;0;1;2;1;7;23;62;170;349;618;839;870;609;335;122;47;10;2;2;0;0;1;2;0;0;0;0;0;0;0;0;0;0;0;0;0;0;0;13;4075;"18";"18 - 18"
"Norfloxacin";"Streptococcus agalactiae";10;0;0;0;0;1;0;0;1;5;10;25;27;15;8;1;0;0;0;0;0;0;0;0;0;0;0;0;0;0;0;0;0;0;0;0;0;0;0;0;0;0;0;0;0;0;1;93;"-";"ID"
"Norfloxacin";"Streptococcus dysgalactiae";10;4;0;0;0;0;0;0;0;1;3;6;10;26;27;32;20;9;2;1;0;0;0;0;0;0;0;0;0;0;0;0;0;0;0;0;0;0;0;0;0;0;0;0;0;0;1;141;"-";"ID"
"Norfloxacin";"Streptococcus pneumoniae";10;102;1;10;17;44;71;226;337;621;902;1094;1183;1184;886;727;394;238;156;73;30;22;11;9;8;2;2;1;0;0;0;0;0;1;0;0;1;0;0;0;0;0;0;0;0;0;14;8353;"9";"8 - 10"
"Norfloxacin";"Streptococcus pneumoniae ATCC 49619";10;0;0;0;0;0;0;0;0;3;2;6;27;423;1258;1743;1073;493;142;44;1;0;0;0;0;1;0;0;0;0;0;0;0;0;0;0;0;0;0;0;0;0;0;0;0;0;30;5216;"17";"17 - 18"
"Norfloxacin";"Streptococcus pyogenes";10;12;0;1;1;2;0;2;1;1;6;11;18;37;48;73;68;71;52;27;13;3;2;2;0;0;0;0;0;0;0;0;0;0;0;0;0;0;0;0;0;0;0;0;0;0;2;451;"-";"ID"
"Norfloxacin";"Streptococcus pyogenes CCUG 25571";10;0;0;0;0;0;0;0;0;0;0;0;2;1;7;19;45;30;14;4;1;0;0;0;0;0;0;0;0;0;0;0;0;0;0;0;0;0;0;0;0;0;0;0;0;0;1;123;"-";"ID"
"Ofloxacin";"Citrobacter freundii";5;0;0;0;0;1;2;0;0;0;0;2;1;0;0;0;0;2;7;8;6;12;13;15;5;1;0;0;0;0;0;0;0;0;0;0;0;0;0;0;0;0;0;0;0;0;3;75;"-";""
"Ofloxacin";"Citrobacter koseri";5;0;0;0;0;0;0;0;0;0;0;0;0;0;0;0;0;0;0;0;0;2;4;8;27;19;13;2;0;0;0;0;0;0;0;0;0;0;0;0;0;0;0;0;0;0;3;75;"-";""
"Ofloxacin";"Enterobacter cloacae";5;0;0;0;0;0;4;2;0;0;0;0;0;0;0;0;0;2;1;0;4;17;12;9;7;1;1;0;0;0;0;0;0;0;0;0;0;0;0;0;0;0;0;0;0;0;3;60;"-";""
"Ofloxacin";"Escherichia coli";5;64;0;1;1;2;0;0;1;0;0;1;4;3;9;13;8;8;7;16;33;66;103;99;128;88;65;64;33;15;11;2;2;0;0;0;0;0;0;0;0;0;0;0;0;0;3;847;"(21)";"20 - 22"
"Ofloxacin";"Escherichia coli ATCC 25922";5;0;0;0;0;0;0;0;0;0;0;0;0;0;0;0;0;0;0;0;0;0;0;6;21;26;20;10;1;0;0;0;0;0;0;0;0;0;0;0;0;0;0;0;0;0;4;84;"(27)";"27 - 28"
"Ofloxacin";"Haemophilus influenzae";5;0;0;0;0;0;0;0;0;0;0;0;0;0;0;0;0;0;0;0;1;0;0;0;0;3;7;24;41;45;47;43;49;22;17;2;3;0;1;1;0;0;0;0;1;0;3;307;"(28)";"27 - 29"
"Ofloxacin";"Haemophilus influenzae ATCC 49766";5;0;0;0;0;0;0;0;0;0;0;0;0;0;0;0;0;0;0;0;0;0;0;0;0;0;6;17;26;20;15;5;3;0;0;0;0;0;0;0;0;0;0;0;0;0;3;92;"(30)";"30 - 30"
"Ofloxacin";"Haemophilus influenzae NCTC 8468";5;0;0;0;0;0;0;0;0;0;0;0;0;0;0;0;0;0;0;0;0;0;0;0;1;5;12;24;20;14;10;2;1;0;0;0;0;0;0;0;0;0;0;0;0;0;3;89;"(29)";"29 - 31"
"Ofloxacin";"Klebsiella aerogenes";5;0;0;0;0;3;0;0;0;0;0;0;0;2;1;0;0;0;2;10;22;21;11;2;1;0;0;0;0;0;0;0;0;0;0;0;0;0;0;0;0;0;0;0;0;0;3;75;"-";""
"Ofloxacin";"Klebsiella oxytoca";5;0;0;0;1;0;0;0;0;1;1;0;0;0;0;0;0;1;3;1;4;17;25;28;19;7;4;2;2;0;0;0;0;0;0;0;0;0;0;0;0;0;0;0;0;0;4;116;"(21)";"ID"
"Ofloxacin";"Klebsiella pneumoniae";5;1;0;1;0;0;0;0;1;0;0;1;2;3;4;2;4;1;4;9;25;29;37;21;8;9;4;5;0;0;0;0;0;0;0;0;0;0;0;0;0;0;0;0;0;0;2;171;"-";"ID"
"Ofloxacin";"Moraxella catarrhalis";5;0;0;0;0;0;0;0;0;0;0;0;0;0;0;0;1;0;1;0;0;0;0;2;1;12;14;23;32;10;6;2;1;1;0;0;0;0;0;0;0;0;0;0;0;0;1;106;"-";"ID"
"Ofloxacin";"Morganella morganii";5;6;0;0;0;0;1;2;0;0;0;0;0;1;1;1;0;0;0;3;0;1;8;7;12;4;3;4;3;3;0;0;0;0;0;0;0;0;0;0;0;0;0;0;0;0;3;60;"-";""
"Ofloxacin";"Proteus mirabilis";5;0;0;0;0;0;1;0;0;0;0;0;0;0;0;0;1;0;0;0;0;1;5;6;13;11;15;9;13;6;0;0;0;0;0;0;0;0;0;0;0;0;0;0;0;0;1;81;"-";"ID"
"Ofloxacin";"Proteus vulgaris";5;0;0;0;0;0;0;0;0;0;0;0;0;0;0;0;0;2;1;0;7;4;4;5;7;10;7;3;1;3;0;0;0;0;0;0;0;0;0;0;0;0;0;0;0;0;3;54;"-";""
"Ofloxacin";"Providencia rettgeri";5;0;0;0;0;0;0;0;0;0;3;0;1;2;0;2;0;2;5;6;4;6;8;3;3;0;0;0;0;0;0;0;0;0;0;0;0;0;0;0;0;0;0;0;0;0;3;45;"-";""
"Ofloxacin";"Serratia marcescens";5;0;0;0;0;0;0;0;0;0;0;0;2;1;0;1;2;3;5;13;11;14;18;4;1;0;0;0;0;0;0;0;0;0;0;0;0;0;0;0;0;0;0;0;0;0;3;75;"-";""
"Ofloxacin";"Staphylococcus aureus";5;1;0;0;0;0;1;0;0;0;0;0;0;0;0;3;4;9;23;39;71;80;79;44;11;7;3;0;0;0;0;0;0;0;0;0;0;0;0;0;0;0;0;0;0;0;1;375;"-";"ID"
"Ofloxacin";"Staphylococcus aureus ATCC 29213";5;0;0;0;0;0;0;0;0;0;0;0;0;0;0;0;0;8;27;18;8;6;0;0;0;0;0;0;0;0;0;0;0;0;0;0;0;0;0;0;0;0;0;0;0;0;3;67;"(21)";"21 - 22"
"Ofloxacin";"Staphylococcus epidermidis";5;19;0;0;0;0;5;2;0;0;1;0;0;0;0;0;0;0;0;2;1;0;0;3;10;8;7;6;2;1;0;1;0;1;0;0;0;0;0;0;0;0;0;0;0;0;1;69;"-";"ID"
"Ofloxacin";"Streptococcus pneumoniae";5;12;0;0;0;0;0;0;1;3;2;2;4;20;18;18;15;2;3;0;0;0;0;0;0;0;0;0;0;0;0;0;0;0;0;0;0;0;0;0;0;0;0;0;0;0;1;100;"-";"ID"
"Ofloxacin";"Streptococcus pneumoniae ATCC 49619";5;0;0;0;0;0;0;0;0;0;0;0;0;0;7;13;19;17;5;2;0;0;0;0;0;0;0;0;0;0;0;0;0;0;0;0;0;0;0;0;0;0;0;0;0;0;2;63;"((18))";"ID"
"Oxacillin";"Staphylococcus aureus ATCC 29213";1;0;0;0;0;0;1;0;0;0;0;0;0;0;19;118;268;278;186;44;7;1;0;0;0;0;0;0;0;0;0;0;0;0;0;0;0;0;0;0;0;0;0;0;0;0;7;922;"19";"19 - 19"
"Oxacillin";"Streptococcus dysgalactiae";1;0;0;0;0;0;0;0;0;0;0;0;1;2;8;17;24;31;33;15;5;1;0;1;0;0;0;0;0;0;0;0;0;0;0;0;0;0;0;0;0;0;0;0;0;0;1;138;"-";"ID"
"Oxacillin";"Streptococcus pneumoniae";1;934;33;62;99;133;133;132;102;66;48;46;40;37;26;73;56;71;124;212;391;514;666;675;610;670;401;281;188;101;49;42;6;8;4;2;0;0;0;0;0;0;0;0;0;0;12;7035;"20";"19 - 21"
"Oxacillin";"Streptococcus pneumoniae ATCC 49619";1;6;3;169;755;1706;1469;721;245;116;6;1;0;0;0;0;0;0;0;0;0;0;0;0;0;0;0;0;0;0;0;0;0;0;0;0;0;0;0;0;0;0;0;0;0;0;29;5197;"8";"8 - 8"
"Oxacillin";"Streptococcus pyogenes";1;0;0;0;0;0;0;0;0;0;0;0;1;0;0;0;1;9;17;23;21;11;8;5;0;0;0;1;0;0;0;0;0;0;0;0;0;0;0;0;0;0;0;0;0;0;1;97;"-";"ID"
"Oxacillin";"Streptococcus pyogenes CCUG 25571";1;0;0;0;0;0;0;0;0;0;0;0;0;0;0;2;0;12;24;31;36;11;6;1;0;0;0;0;0;0;0;0;0;0;0;0;0;0;0;0;0;0;0;0;0;0;1;123;"-";"ID"
"Pefloxacin";"Campylobacter coli";5;98;0;0;1;1;0;0;0;0;0;0;0;0;0;0;0;1;0;0;0;0;0;0;2;2;7;5;5;3;1;1;3;1;0;0;0;0;0;0;0;0;0;0;0;0;6;131;"-";""
"Pefloxacin";"Campylobacter jejuni";5;765;0;0;3;0;1;0;1;1;3;3;1;1;2;2;2;0;3;1;3;6;11;33;55;107;133;139;137;148;110;62;48;21;16;7;6;5;4;0;0;0;0;0;0;0;6;1840;"27";"ID"
"Pefloxacin";"Campylobacter jejuni ATCC 33560";5;0;0;0;0;0;0;0;0;0;0;0;0;0;0;0;0;0;0;0;0;0;0;0;0;0;0;5;2;2;3;0;0;0;0;0;0;0;0;0;0;0;0;0;0;0;1;12;"-";"ID"
"Pefloxacin";"Citrobacter freundii";5;6;0;0;0;0;0;0;0;0;0;0;0;1;0;1;1;5;10;7;3;8;16;13;3;1;0;0;0;0;0;0;0;0;0;0;0;0;0;0;0;0;0;0;0;0;3;75;"-";""
"Pefloxacin";"Citrobacter koseri";5;1;0;0;0;0;0;0;0;0;0;0;0;0;0;0;1;1;2;0;0;3;4;11;31;28;15;1;3;0;0;0;0;0;0;0;0;0;0;0;0;0;0;0;0;0;6;101;"-";""
"Pefloxacin";"Enterobacter cloacae";5;7;0;2;1;0;0;0;1;4;1;2;3;1;0;3;0;6;0;7;13;22;14;12;7;7;3;1;1;0;0;0;0;0;0;0;0;0;0;0;0;0;0;0;0;0;7;118;"-";""
"Pefloxacin";"Escherichia coli";5;68;0;0;2;3;2;2;4;2;6;12;12;15;16;10;4;0;2;6;29;58;84;100;85;85;37;29;9;4;4;0;0;0;0;0;0;0;0;0;0;0;0;0;0;0;4;690;"(22)";"ID"
"Pefloxacin";"Escherichia coli ATCC 25922";5;0;0;0;0;0;0;0;0;0;0;0;1;0;1;0;0;0;0;0;11;92;261;597;984;1347;1102;571;51;5;1;0;0;1;0;0;0;0;0;0;0;0;0;0;0;0;38;5025;"27";"27 - 27"
"Pefloxacin";"Klebsiella aerogenes";5;4;0;0;0;0;0;1;2;0;0;0;0;0;0;2;1;3;4;15;24;30;8;4;1;1;0;0;0;0;0;0;0;0;0;0;0;0;0;0;0;0;0;0;0;0;6;100;"-";""
"Pefloxacin";"Klebsiella oxytoca";5;0;0;1;1;2;0;1;0;1;0;0;0;0;0;1;2;1;2;2;7;14;40;29;19;4;2;0;0;0;0;0;0;0;0;0;0;0;0;0;0;0;0;0;0;0;7;129;"-";""
"Pefloxacin";"Klebsiella pneumoniae";5;5;0;0;0;0;1;0;1;2;1;7;0;0;1;0;3;2;10;20;29;26;27;17;4;1;2;0;0;0;0;0;0;0;0;0;0;0;0;0;0;0;0;0;0;0;4;159;"(20)";"ID"
"Pefloxacin";"Morganella morganii";5;15;0;0;2;0;0;0;0;0;0;0;0;0;0;0;0;0;1;2;2;2;7;9;10;10;12;7;1;0;0;0;0;0;0;0;0;0;0;0;0;0;0;0;0;0;6;80;"-";""
"Pefloxacin";"Proteus mirabilis";5;13;0;0;2;0;0;0;0;0;0;0;1;1;3;0;0;1;0;0;0;4;9;11;17;13;15;8;1;0;0;0;0;0;0;0;0;0;0;0;0;0;0;0;0;0;4;99;"-";""
"Pefloxacin";"Proteus vulgaris";5;0;0;0;0;0;0;0;0;0;0;0;1;0;1;0;3;4;1;2;1;0;4;5;19;19;6;3;1;0;0;0;0;0;0;0;0;0;0;0;0;0;0;0;0;0;6;70;"-";""
"Pefloxacin";"Providencia rettgeri";5;0;0;0;0;0;0;0;0;0;0;3;1;2;0;0;0;1;2;0;9;6;3;5;8;5;0;0;0;0;0;0;0;0;0;0;0;0;0;0;0;0;0;0;0;0;3;45;"-";""
"Pefloxacin";"Salmonella enterica";5;12;0;0;1;0;5;1;1;9;19;20;32;28;24;17;8;5;2;10;37;105;152;119;58;15;1;0;2;1;0;0;0;0;0;0;0;0;0;0;0;0;0;0;0;0;9;684;"24";"23 - 24"
"Pefloxacin";"Salmonella spp";5;14;0;0;1;3;2;0;2;1;15;14;12;9;13;4;0;0;0;6;26;44;106;58;27;7;1;0;0;0;0;0;0;0;0;0;0;0;0;0;0;0;0;0;0;0;5;365;"23";"23 - 24"
"Pefloxacin";"Serratia marcescens";5;1;0;0;0;0;0;0;1;0;0;1;4;1;0;6;5;4;12;23;17;15;9;1;0;0;0;0;0;0;0;0;0;0;0;0;0;0;0;0;0;0;0;0;0;0;4;100;"-";""
"Pefloxacin";"Vibrio alginolyticus";5;0;0;0;0;0;0;0;0;0;0;0;0;0;0;0;1;4;6;21;28;40;20;12;9;5;3;3;2;2;1;1;0;0;0;0;0;0;0;0;0;0;0;0;0;0;2;158;"-";"ID"
"Pefloxacin";"Vibrio cholerae";5;1;0;0;0;1;4;3;3;9;3;1;2;2;1;5;3;1;7;5;6;6;6;4;6;16;18;18;18;12;2;4;4;1;2;0;0;0;0;0;0;0;0;0;0;0;2;174;"-";"ID"
"Pefloxacin";"Vibrio fluvialis";5;16;1;4;2;1;0;1;3;2;1;1;0;0;0;0;0;4;5;2;2;8;6;12;10;14;6;3;2;0;0;0;0;0;0;0;0;0;0;0;0;0;0;0;0;0;2;106;"-";"ID"
"Pefloxacin";"Vibrio parahaemolyticus";5;0;0;0;0;0;0;0;0;0;0;0;0;0;0;0;0;1;14;20;41;30;20;13;7;5;1;2;0;0;0;0;0;0;0;0;0;0;0;0;0;0;0;0;0;0;2;154;"-";"ID"
"Pefloxacin";"Vibrio vulnificus";5;0;0;0;0;0;0;0;0;0;0;0;0;0;0;0;0;0;0;0;0;2;15;22;35;20;18;17;10;7;2;2;0;0;0;0;0;0;0;0;0;0;0;0;0;0;2;150;"-";"ID"
"Piperacillin";"Escherichia coli";30;36;0;2;3;4;8;9;14;10;9;3;1;1;2;4;8;20;45;40;54;41;22;8;3;3;0;0;0;0;0;0;0;0;0;0;0;0;0;0;0;0;0;0;0;0;1;350;"-";"ID"
"Piperacillin";"Escherichia coli ATCC 25922";30;0;0;0;0;0;0;0;0;0;0;0;0;0;0;0;0;5;24;21;4;0;0;0;0;0;0;0;0;0;0;0;0;0;0;0;0;0;0;0;0;0;0;0;0;0;2;54;"-";"ID"
"Piperacillin";"Escherichia coli ATCC 35218";30;0;0;1;2;1;6;7;15;12;5;0;0;0;0;0;0;0;0;0;0;0;0;0;0;0;0;0;0;0;0;0;0;0;0;0;0;0;0;0;0;0;0;0;0;0;2;49;"-";"ID"
"Piperacillin";"Klebsiella oxytoca";30;2;0;0;0;0;0;0;0;0;1;4;3;9;11;8;4;3;4;1;3;1;0;0;0;0;0;0;0;0;0;0;0;0;0;0;0;0;0;0;0;0;0;0;0;0;1;54;"-";"ID"
"Piperacillin";"Klebsiella pneumoniae";30;8;0;0;0;1;0;0;0;1;1;5;9;18;22;31;22;8;8;6;3;2;0;0;0;0;0;0;0;0;0;0;0;0;0;0;0;0;0;0;0;0;0;0;0;0;1;145;"-";"ID"
"Piperacillin";"Proteus mirabilis";30;2;0;0;0;0;0;0;1;1;0;0;0;0;0;0;0;0;1;2;3;10;9;18;13;9;8;1;2;1;0;0;0;0;0;0;0;0;0;0;0;0;0;0;0;0;1;81;"-";"ID"
"Piperacillin";"Pseudomonas aeruginosa ATCC 27853";30;0;0;0;0;0;0;0;0;0;0;0;0;0;0;0;0;0;0;3;7;33;16;0;0;0;0;0;0;0;0;0;0;0;0;0;0;0;0;0;0;0;0;0;0;0;2;59;"-";"ID"
"Piperacillin-tazobactam";"Acinetobacter baumannii";36;29;0;1;0;1;0;0;0;0;0;1;3;7;5;11;3;4;5;4;2;0;0;0;0;0;0;0;0;0;0;0;0;0;0;0;0;0;0;0;0;0;0;0;0;0;3;76;"(16)";"ID"
"Piperacillin-tazobactam";"Aeromonas hydrophila";36;1;0;0;0;0;0;1;0;0;0;0;1;2;0;6;1;8;7;8;8;5;3;3;1;0;0;0;0;0;0;0;0;0;0;0;0;0;0;0;0;0;0;0;0;0;1;55;"-";"ID"
"Piperacillin-tazobactam";"Bacteroides fragilis";36;5;0;0;0;0;0;1;2;0;0;0;2;0;1;3;1;2;4;3;4;8;10;10;17;36;21;30;17;18;1;0;1;0;0;0;0;0;0;0;0;0;0;0;0;0;5;197;"24";"22 - 26"
"Piperacillin-tazobactam";"Bacteroides fragilis ATCC 25285";36;0;0;0;0;0;0;0;0;0;0;0;0;0;0;0;0;0;0;0;0;0;0;0;52;176;351;388;264;96;14;1;0;0;0;0;0;0;0;0;0;0;0;0;0;0;9;1342;"29";"29 - 29"
"Piperacillin-tazobactam";"Citrobacter freundii";36;15;1;2;1;7;10;23;13;25;20;27;14;23;26;66;92;223;292;268;193;63;24;7;6;3;2;2;3;0;0;0;0;0;0;0;0;0;0;0;0;0;0;0;0;0;11;1451;"18";"18 - 19"
"Piperacillin-tazobactam";"Citrobacter koseri";36;0;0;0;0;0;0;0;0;0;2;4;11;37;28;75;95;195;299;293;191;97;41;16;6;4;1;1;0;1;0;0;0;0;0;0;0;0;0;0;0;0;0;0;0;0;10;1397;"18";"17 - 19"
"Piperacillin-tazobactam";"Clostridium perfringens";36;0;0;0;0;0;0;0;0;0;0;1;2;7;0;0;0;0;0;0;1;2;2;8;8;14;24;28;19;16;8;6;1;2;0;0;0;0;0;0;0;0;0;0;0;0;2;149;"-";"ID"
"Piperacillin-tazobactam";"Clostridium perfringens ATCC 13124";36;0;0;0;0;0;0;0;0;0;0;0;0;0;0;0;0;0;0;0;0;0;1;0;10;233;257;300;177;101;42;9;0;0;0;0;0;0;0;0;0;0;0;0;0;0;9;1130;"28";"28 - 30"
"Piperacillin-tazobactam";"Cutibacterium acnes";36;0;0;0;0;0;0;0;0;0;0;0;0;0;0;0;0;0;0;0;0;0;0;0;0;0;1;3;7;3;6;13;7;6;9;15;3;0;1;0;0;0;0;0;0;0;1;74;"-";"ID"
"Piperacillin-tazobactam";"Enterobacter cloacae";36;76;2;4;25;37;45;45;32;37;39;31;41;45;72;140;240;474;681;552;354;168;82;24;17;14;5;8;0;1;0;1;0;0;1;0;0;0;0;0;0;0;0;0;0;0;12;3293;"18";"17 - 18"
"Piperacillin-tazobactam";"Enterococcus faecalis";36;0;0;0;0;0;0;0;0;0;2;4;7;1;2;6;9;32;53;48;41;26;18;12;3;0;1;1;0;0;0;0;0;0;0;0;0;0;0;0;0;0;0;0;0;0;3;266;"(17)";"16 - 19"
"Piperacillin-tazobactam";"Enterococcus faecalis ATCC 29212";36;0;0;0;0;0;0;0;0;0;0;0;0;0;0;0;0;0;2;8;10;1;0;0;0;0;0;0;0;0;0;0;0;0;0;0;0;0;0;0;0;0;0;0;0;0;1;21;"-";"ID"
"Piperacillin-tazobactam";"Escherichia coli";36;273;10;34;72;99;98;158;172;285;347;539;786;1007;1163;2830;4526;8870;16076;20695;21197;15387;8210;3813;1566;737;306;161;80;64;21;14;12;16;4;2;0;0;0;0;0;1;1;0;0;1;17;109633;"19";"18 - 19"
"Piperacillin-tazobactam";"Escherichia coli ATCC 25922";36;0;0;0;0;0;0;0;0;1;0;0;0;0;3;2;91;450;1304;1789;1328;389;74;0;1;0;0;0;0;0;0;0;0;0;0;0;0;0;0;0;0;0;0;0;0;0;42;5432;"21";"21 - 22"
"Piperacillin-tazobactam";"Escherichia coli ATCC 35218";36;0;0;0;0;0;0;0;0;0;0;0;0;0;0;0;1;1;5;9;18;13;2;0;0;0;0;0;0;0;0;0;0;0;0;0;0;0;0;0;0;0;0;0;0;0;2;49;"-";"ID"
"Piperacillin-tazobactam";"Fusobacterium necrophorum";36;0;0;0;0;0;0;0;0;0;0;0;0;0;0;0;0;0;0;0;0;0;0;0;0;0;0;0;0;0;0;0;0;3;7;21;30;22;23;20;4;0;0;0;0;0;2;130;"-";"ID"
"Piperacillin-tazobactam";"Haemophilus influenzae";36;1;0;0;0;0;0;0;0;0;0;0;0;0;0;0;0;3;0;2;8;16;21;40;38;76;71;99;120;78;90;46;38;16;14;7;2;2;7;0;4;0;0;0;0;0;4;799;"(24)";"23 - 26"
"Piperacillin-tazobactam";"Haemophilus influenzae ATCC 49766";36;0;0;0;0;0;0;0;0;0;0;0;0;0;0;0;0;0;0;0;0;0;0;1;2;6;6;25;23;25;38;33;22;18;9;9;3;1;0;0;0;0;0;0;0;0;7;221;"33";""
"Piperacillin-tazobactam";"Klebsiella aerogenes";36;15;1;4;7;12;20;12;31;30;26;27;22;37;43;153;222;300;219;113;43;25;13;6;6;6;0;1;0;2;1;1;0;0;0;0;0;0;0;0;0;0;0;0;0;0;10;1398;"17";"16 - 17"
"Piperacillin-tazobactam";"Klebsiella oxytoca";36;141;9;10;12;14;18;22;14;16;14;10;18;51;59;170;273;584;949;987;679;337;120;55;21;11;4;1;0;0;0;0;0;0;0;0;0;0;0;0;0;0;0;0;0;0;12;4599;"18";"18 - 19"
"Piperacillin-tazobactam";"Klebsiella pneumoniae";36;278;5;9;23;35;29;25;49;48;84;184;254;330;458;1268;1862;2317;2016;1280;684;313;169;117;52;46;17;17;5;3;1;1;0;1;0;0;1;0;0;0;0;0;0;0;0;0;13;11981;"17";"16 - 17"
"Piperacillin-tazobactam";"Klebsiella pneumoniae ATCC 700603";36;0;0;0;0;1;0;0;0;5;113;635;1456;1217;377;78;0;1;1;0;0;1;4;0;0;0;0;0;0;0;0;0;0;0;0;0;0;0;0;0;0;0;0;0;0;0;30;3889;"15";"15 - 15"
"Piperacillin-tazobactam";"Morganella morganii";36;0;0;0;0;0;0;0;0;0;1;1;3;1;1;4;14;22;28;56;96;142;148;141;69;39;26;8;1;3;1;1;1;0;0;0;0;0;0;0;0;0;0;0;0;0;10;807;"20";"20 - 22"
"Piperacillin-tazobactam";"Plesiomonas shigelloides";36;0;0;0;0;0;0;0;0;0;0;0;0;0;0;0;0;0;0;0;0;0;0;0;1;4;16;17;15;5;1;2;0;0;0;0;0;0;0;0;0;0;0;0;0;0;1;61;"-";"ID"
"Piperacillin-tazobactam";"Proteus mirabilis";36;0;0;0;0;1;1;1;0;1;2;4;4;5;5;18;17;39;61;122;268;521;853;1161;1235;1174;610;318;119;46;14;10;7;0;1;0;1;0;0;0;0;0;0;0;0;0;11;6619;"23";"23 - 24"
"Piperacillin-tazobactam";"Proteus vulgaris";36;0;0;0;0;0;0;0;0;0;0;0;0;1;0;2;1;2;5;5;15;17;35;54;52;63;48;34;12;6;4;3;0;0;0;0;1;0;0;0;0;0;0;0;0;0;6;360;"23";"22 - 24"
"Piperacillin-tazobactam";"Pseudomonas aeruginosa";36;504;19;22;27;45;54;60;50;85;93;116;142;179;220;305;391;627;993;1468;1637;1341;839;422;235;135;78;81;50;39;37;29;15;12;6;18;3;1;1;4;0;1;0;1;0;0;13;10385;"18";"18 - 19"
"Piperacillin-tazobactam";"Pseudomonas aeruginosa ATCC 27853";36;0;0;0;0;0;0;0;0;0;0;0;1;0;2;3;1;13;104;362;1179;1763;1128;361;63;3;0;0;0;0;0;0;0;0;0;0;0;0;0;0;0;0;0;0;0;0;37;4983;"23";"23 - 24"
"Piperacillin-tazobactam";"Salmonella enterica";36;1;0;0;0;0;0;0;0;0;0;1;0;1;0;8;16;21;34;35;30;10;8;5;0;1;0;0;1;0;0;0;0;0;0;0;0;0;0;0;0;0;0;0;0;0;1;172;"-";"ID"
"Piperacillin-tazobactam";"Serratia marcescens";36;7;2;0;0;1;0;1;3;3;3;2;5;4;6;19;49;105;169;242;264;161;78;32;13;3;0;0;0;0;1;0;0;0;0;0;0;0;0;0;0;0;0;0;0;0;10;1173;"19";"19 - 20"
"Piperacillin-tazobactam";"Vibrio alginolyticus";36;0;0;0;0;0;0;0;0;0;0;0;0;0;0;0;0;0;0;0;0;0;8;16;30;41;31;10;5;9;2;3;1;1;1;0;0;0;0;0;0;0;0;0;0;0;2;158;"-";"ID"
"Piperacillin-tazobactam";"Vibrio cholerae";36;0;0;0;0;0;0;0;1;0;0;0;0;2;0;0;1;0;2;2;3;6;10;24;35;36;13;14;4;9;3;3;1;3;0;2;0;0;0;0;0;0;0;0;0;0;2;174;"-";"ID"
"Piperacillin-tazobactam";"Vibrio fluvialis";36;6;1;1;1;0;1;3;2;7;2;3;5;9;12;20;10;14;3;3;2;1;0;0;0;0;0;0;0;0;0;0;0;0;0;0;0;0;0;0;0;0;0;0;0;0;2;106;"-";"ID"
"Piperacillin-tazobactam";"Vibrio parahaemolyticus";36;0;0;0;0;0;0;0;0;0;0;0;0;0;0;0;0;0;1;0;1;1;9;25;31;42;19;14;6;3;1;1;0;0;0;0;0;0;0;0;0;0;0;0;0;0;2;154;"-";"ID"
"Piperacillin-tazobactam";"Vibrio vulnificus";36;0;0;0;0;0;0;0;0;0;0;0;0;0;0;0;0;0;0;0;1;0;4;4;9;10;20;22;19;19;18;14;7;3;0;0;0;0;0;0;0;0;0;0;0;0;2;150;"-";"ID"
"Piperacillin-tazobactam";"Yersinia enterocolitica";36;0;0;0;0;0;0;0;0;0;0;0;2;1;1;0;1;0;2;3;5;3;3;12;17;20;14;23;23;20;20;6;2;0;0;0;0;0;0;0;0;0;0;0;0;0;2;178;"-";"ID"
"Quinupristin-dalfopristin";"Enterococcus faecalis ATCC 29212";15;0;0;0;0;0;0;15;17;1;0;0;0;0;0;0;0;0;0;0;0;0;0;0;0;0;0;0;0;0;0;0;0;0;0;0;0;0;0;0;0;0;0;0;0;0;1;33;"((11))";"ID"
"Quinupristin-dalfopristin";"Enterococcus faecium";15;0;0;0;0;2;1;1;0;1;8;11;7;4;9;1;7;1;2;11;24;23;22;8;2;5;0;0;0;0;0;0;0;0;0;0;0;0;0;0;0;0;0;0;0;0;2;150;"-";"ID"
"Quinupristin-dalfopristin";"Staphylococcus aureus";15;0;0;0;0;0;0;0;0;0;0;0;0;0;5;8;12;19;66;110;143;85;48;11;5;0;1;2;0;0;0;0;0;0;0;0;0;0;0;0;0;0;0;0;0;0;3;515;"(20)";"19 - 21"
"Quinupristin-dalfopristin";"Staphylococcus aureus ATCC 29213";15;0;0;0;0;0;0;0;0;0;0;0;0;0;0;0;1;2;10;48;37;5;0;0;0;0;0;0;0;0;0;0;0;0;0;0;0;0;0;0;0;0;0;0;0;0;5;103;"22";"22 - 23"
"Quinupristin-dalfopristin";"Staphylococcus epidermidis";15;0;0;0;0;0;0;0;0;0;0;0;0;0;0;0;0;0;1;0;0;1;1;2;6;21;16;9;10;1;1;0;0;0;0;0;0;0;0;0;0;0;0;0;0;0;1;69;"-";"ID"
"Rifampicin";"Bacillus anthracis";5;0;0;0;1;0;0;1;0;1;5;21;38;25;31;46;35;10;3;3;2;1;0;1;0;0;0;0;0;0;0;0;0;0;0;0;0;0;0;0;0;0;0;0;0;0;3;224;"(15)";"9 - 17"
"Rifampicin";"Brucella melitensis";5;0;0;0;0;0;0;0;0;0;2;0;0;0;2;1;3;9;17;47;64;71;67;57;45;56;22;8;3;3;0;0;0;0;0;0;1;0;0;0;0;0;0;0;0;0;5;478;"20";"20 - 22"
"Rifampicin";"Corynebacterium amycolatum";5;5;0;0;0;0;0;0;0;0;1;0;0;2;1;1;3;1;2;0;0;1;0;0;0;0;0;0;0;1;2;1;5;2;5;6;13;4;7;0;0;0;0;0;0;0;1;63;"-";"ID"
"Rifampicin";"Corynebacterium diphtheriae";5;9;0;0;0;0;0;0;0;0;0;0;0;0;0;0;0;0;0;0;1;0;5;7;12;17;7;13;17;22;16;28;20;13;4;7;1;1;0;0;0;0;0;0;0;0;2;200;"-";"ID"
"Rifampicin";"Corynebacterium striatum";5;23;0;0;0;0;0;0;0;0;0;0;0;0;0;0;0;0;0;0;0;0;0;1;0;0;0;1;1;1;7;11;15;10;6;1;2;0;0;0;0;0;0;0;0;0;1;79;"-";"ID"
"Rifampicin";"Corynebacterium ulcerans";5;0;0;0;0;0;0;0;0;0;0;0;0;0;0;0;0;0;0;1;1;1;1;4;11;25;18;30;24;39;19;16;7;1;1;1;0;0;0;0;0;0;0;0;0;0;2;200;"-";"ID"
"Rifampicin";"Haemophilus influenzae";5;0;0;0;0;0;0;0;0;0;0;0;0;0;0;1;9;14;49;73;68;49;26;7;2;4;3;0;1;1;0;0;0;0;0;0;0;0;0;0;0;0;0;0;0;0;3;307;"(19)";"18 - 21"
"Rifampicin";"Haemophilus influenzae ATCC 49766";5;0;0;0;0;0;0;0;0;0;0;0;0;0;0;2;19;56;43;17;2;1;0;0;0;0;0;0;0;0;0;0;0;0;0;0;0;0;0;0;0;0;0;0;0;0;5;140;"20";"20 - 21"
"Rifampicin";"Haemophilus influenzae NCTC 8468";5;0;0;0;0;0;0;0;0;0;0;0;0;0;0;1;10;30;32;12;2;0;0;0;0;0;0;0;0;0;0;0;0;0;0;0;0;0;0;0;0;0;0;0;0;0;3;87;"(20)";"20 - 21"
"Rifampicin";"Staphylococcus aureus";5;97;0;0;0;2;1;3;3;3;4;6;12;13;18;11;3;8;15;18;56;288;707;1451;2339;3816;3796;3368;2088;1170;660;356;162;89;37;23;5;5;1;2;1;0;0;0;0;0;18;20637;"24";"24 - 25"
"Rifampicin";"Staphylococcus aureus ATCC 29213";5;0;0;0;0;0;0;0;0;0;0;0;0;0;0;0;0;0;0;0;0;1;2;1;8;194;610;1364;1555;979;404;106;8;1;0;0;0;0;0;0;0;0;0;0;0;0;29;5233;"30";"30 - 30"
"Rifampicin";"Staphylococcus capitis";5;2;0;0;0;0;0;0;0;0;0;3;2;0;0;1;2;0;1;0;0;0;0;0;1;10;6;20;36;33;67;64;73;74;71;56;21;19;5;1;1;2;2;0;0;0;3;573;"(30)";"ID"
"Rifampicin";"Staphylococcus epidermidis";5;394;0;1;3;4;1;0;1;3;4;5;0;3;5;7;3;3;5;2;2;7;6;15;13;24;40;65;82;160;239;331;419;490;452;409;219;167;85;59;22;23;8;9;0;0;12;3790;"30";"30 - 31"
"Rifampicin";"Staphylococcus hominis";5;0;0;0;0;2;0;0;0;0;0;0;1;0;0;0;0;0;1;0;0;0;2;5;5;16;25;31;71;106;126;130;113;91;60;39;26;13;10;6;1;0;2;0;3;1;4;886;"(27)";"28 - 29"
"Rifampicin";"Staphylococcus lugdunensis";5;0;0;0;0;0;0;0;0;0;0;0;0;0;0;0;0;0;0;0;0;3;3;1;1;3;5;16;29;58;77;95;82;72;53;60;28;31;6;9;2;3;0;0;0;0;4;637;"-";""
"Rifampicin";"Streptococcus agalactiae";5;0;0;0;0;0;0;0;0;0;0;0;0;0;0;0;0;5;9;20;28;18;9;2;1;0;0;0;0;0;0;0;0;0;0;0;0;0;0;0;0;0;0;0;0;0;1;92;"-";"ID"
"Rifampicin";"Streptococcus dysgalactiae";5;0;0;0;0;0;0;0;0;0;0;0;0;0;0;0;0;1;6;11;20;33;34;20;9;4;1;0;0;0;0;0;0;0;0;0;0;0;0;0;0;0;0;0;0;0;1;139;"-";"ID"
"Rifampicin";"Streptococcus pneumoniae";5;2;0;0;0;0;1;0;1;0;0;1;2;0;2;1;5;34;114;218;456;640;970;1199;1194;1210;832;663;376;206;103;71;23;14;5;4;0;0;0;0;0;0;0;0;0;0;14;8347;"21";"21 - 22"
"Rifampicin";"Streptococcus pneumoniae ATCC 49619";5;0;0;0;0;0;0;0;1;0;0;0;0;1;0;0;0;0;4;2;18;397;910;1319;1162;850;336;175;18;8;2;0;0;0;0;0;0;0;0;0;0;0;0;0;0;0;29;5203;"25";"25 - 25"
"Rifampicin";"Streptococcus pyogenes";5;0;0;0;0;0;0;0;0;0;0;0;0;0;0;1;0;3;7;23;57;58;58;51;41;34;20;9;5;2;4;0;0;0;0;0;0;0;0;0;0;0;0;0;0;0;2;373;"-";"ID"
"Streptomycin";"Brucella melitensis";10;0;0;0;1;1;0;0;0;0;0;0;1;1;2;9;14;32;48;65;66;45;41;45;22;15;3;1;0;0;0;0;0;0;0;0;0;0;0;0;0;0;0;0;0;0;3;412;"(15)";"17 - 22"
"Streptomycin";"Enterococcus faecalis";300;18;0;0;0;0;0;0;1;3;13;34;27;20;16;9;7;1;1;1;0;1;1;0;0;0;0;0;0;0;0;0;0;0;0;0;0;0;0;0;0;0;0;0;0;0;2;153;"-";"ID"
"Streptomycin";"Enterococcus faecalis ATCC 29212";300;0;0;0;0;0;0;0;0;1;14;38;50;25;2;1;0;0;0;0;0;0;0;0;0;0;0;0;0;0;0;0;0;0;0;0;0;0;0;0;0;0;0;0;0;0;3;131;"(14)";"14 - 16"
"Teicoplanin";"Enterococcus faecalis";30;0;0;0;0;0;0;0;0;0;0;2;26;90;84;43;8;6;0;1;0;0;0;0;0;0;0;0;0;0;0;0;0;0;0;0;0;0;0;0;0;0;0;0;0;0;3;260;"(15)";"14 - 16"
"Teicoplanin";"Enterococcus faecalis ATCC 29212";30;0;0;0;0;0;0;0;0;0;1;4;41;92;45;5;0;0;0;0;0;0;0;0;0;0;0;0;0;0;0;0;0;0;0;0;0;0;0;0;0;0;0;0;0;0;5;188;"16";"16 - 17"
"Teicoplanin";"Enterococcus faecalis ATCC 51299";30;0;0;0;0;0;0;0;0;0;0;1;31;40;17;0;0;0;0;0;0;0;0;0;0;0;0;0;0;0;0;0;0;0;0;0;0;0;0;0;0;0;0;0;0;0;2;89;"-";"ID"
"Teicoplanin";"Enterococcus faecium";30;1;0;0;1;1;2;0;0;1;1;8;19;45;56;50;13;2;4;2;1;0;0;0;0;0;0;0;0;0;0;0;0;0;0;0;0;0;0;0;0;0;0;0;0;0;3;207;"(14)";"14 - 16"
"Teicoplanin";"Streptococcus agalactiae";30;0;0;0;0;0;0;0;0;0;2;16;34;27;8;3;1;0;0;0;0;0;0;0;0;0;0;0;0;0;0;0;0;0;0;0;0;0;0;0;0;0;0;0;0;0;1;91;"-";"ID"
"Teicoplanin";"Streptococcus pneumoniae";30;0;0;0;0;0;0;0;0;0;0;0;1;9;31;27;19;9;4;0;0;0;0;0;0;0;0;0;0;0;0;0;0;0;0;0;0;0;0;0;0;0;0;0;0;0;1;100;"-";"ID"
"Teicoplanin";"Streptococcus pneumoniae ATCC 49619";30;0;0;0;0;0;0;0;0;0;0;0;0;0;15;32;30;15;2;0;0;0;0;0;0;0;0;0;0;0;0;0;0;0;0;0;0;0;0;0;0;0;0;0;0;0;4;94;"(18)";"18 - 19"
"Temocillin";"Escherichia coli";30;43;0;2;0;6;3;5;9;17;29;27;40;66;114;154;206;210;205;120;93;37;22;3;0;0;0;0;0;0;0;0;0;0;0;0;0;0;0;0;0;0;0;0;0;0;5;1411;"15";"14 - 16"
"Temocillin";"Escherichia coli ATCC 25922";30;0;0;0;0;0;0;0;0;0;0;0;20;43;25;31;36;13;0;0;0;0;0;0;0;0;0;0;0;0;0;0;0;0;0;0;0;0;0;0;0;0;0;0;0;0;5;168;"16";"15 - 16"
"Temocillin";"Escherichia coli ATCC 35218";30;0;0;0;0;0;0;0;0;0;0;0;0;0;0;0;0;12;33;32;18;1;0;0;0;0;0;0;0;0;0;0;0;0;0;0;0;0;0;0;0;0;0;0;0;0;1;96;"-";"ID"
"Temocillin";"Proteus mirabilis";30;0;0;0;0;0;0;0;0;0;0;0;0;0;0;0;0;0;5;13;23;14;7;2;0;0;0;0;0;0;0;0;0;0;0;0;0;0;0;0;0;0;0;0;0;0;1;64;"-";"ID"
"Tetracycline";"Bacillus anthracis";30;0;0;0;0;0;0;0;0;0;0;0;0;0;0;0;0;1;0;0;0;0;0;3;7;27;27;27;37;40;24;14;11;4;1;1;1;0;0;0;0;0;0;0;0;0;3;225;"(26)";"24 - 29"
"Tetracycline";"Bacillus cereus";30;4;0;0;3;4;1;3;3;3;3;1;3;3;9;14;20;16;14;13;34;32;22;5;2;1;5;0;0;0;0;0;0;0;0;0;0;0;0;0;0;0;0;0;0;0;1;218;"-";"ID"
"Tetracycline";"Burkholderia pseudomallei";30;1;0;0;0;0;0;0;3;2;2;3;0;3;2;2;5;5;12;20;49;51;55;28;3;3;0;1;0;0;0;0;0;0;0;0;0;0;0;0;0;0;0;0;0;0;4;250;"(20)";"22 - 23"
"Tetracycline";"Campylobacter coli";30;111;2;7;12;16;11;19;6;3;2;3;1;2;1;4;3;2;1;1;1;2;0;0;0;1;0;4;4;3;11;8;11;13;23;21;20;18;16;13;15;6;5;1;0;0;11;403;"30";""
"Tetracycline";"Campylobacter jejuni";30;594;17;31;41;60;58;60;46;53;37;38;17;19;15;17;9;13;13;11;10;8;6;7;8;18;20;27;49;60;77;116;164;235;253;363;281;324;247;216;154;116;73;53;19;18;23;4071;"30";"29 - 31"
"Tetracycline";"Campylobacter jejuni ATCC 33560";30;0;0;0;0;0;0;0;0;0;0;0;0;0;0;0;0;0;0;0;0;0;0;0;0;2;8;12;23;23;17;15;7;5;0;0;0;0;0;0;0;0;0;0;0;0;6;112;"29";"30 - 32"
"Tetracycline";"Corynebacterium amycolatum";30;0;0;0;0;0;0;0;1;0;0;0;0;2;0;0;0;0;0;0;0;0;0;1;1;1;2;1;7;4;12;5;12;7;5;2;0;0;0;0;0;0;0;0;0;0;1;63;"-";"ID"
"Tetracycline";"Corynebacterium diphtheriae";30;0;0;1;1;1;6;5;5;16;12;15;5;6;1;1;0;0;3;0;4;1;4;7;4;8;14;14;25;16;11;5;4;3;0;1;0;1;0;0;0;0;0;0;0;0;2;200;"-";"ID"
"Tetracycline";"Corynebacterium striatum";30;0;0;0;0;9;8;3;4;8;1;0;0;0;1;1;0;0;0;0;1;1;1;2;4;7;8;5;7;3;4;0;0;1;0;0;0;0;0;0;0;0;0;0;0;0;1;79;"-";"ID"
"Tetracycline";"Corynebacterium ulcerans";30;0;0;0;0;0;0;0;0;0;2;0;0;0;0;1;2;0;0;1;4;1;3;8;15;41;39;32;21;16;8;4;1;0;1;0;0;0;0;0;0;0;0;0;0;0;2;200;"-";"ID"
"Tetracycline";"Enterococcus cecorum";30;1;0;3;7;20;13;1;0;0;0;0;0;0;1;1;0;1;0;0;0;0;1;0;0;0;0;1;0;1;1;0;0;0;0;0;0;0;0;0;0;0;0;0;0;0;1;52;"-";"ID"
"Tetracycline";"Enterococcus faecalis ATCC 29212";30;0;0;0;0;8;38;49;31;6;3;0;1;0;0;0;0;0;0;0;0;0;0;0;0;0;0;0;0;0;0;0;0;0;0;0;0;0;0;0;0;0;0;0;0;0;2;136;"-";"ID"
"Tetracycline";"Escherichia coli ATCC 25922";30;0;0;0;0;1;0;0;0;0;0;1;0;0;9;34;179;740;1569;1261;459;15;3;1;0;0;0;0;0;0;0;0;0;0;0;0;0;0;0;0;0;0;0;0;0;0;23;4272;"21";"21 - 21"
"Tetracycline";"Haemophilus influenzae";30;0;0;0;0;1;1;1;4;5;9;6;8;3;7;6;5;2;1;2;31;64;201;552;1020;1747;1818;1488;981;570;310;168;83;49;34;21;8;5;1;4;1;1;0;1;0;1;15;9220;"24";"24 - 25"
"Tetracycline";"Haemophilus influenzae ATCC 49766";30;0;0;0;0;0;0;0;0;0;0;0;0;0;0;0;0;0;0;0;0;0;14;379;956;1496;1146;565;191;42;6;0;0;0;0;0;0;0;0;0;0;0;0;0;0;0;28;4795;"27";"27 - 28"
"Tetracycline";"Haemophilus influenzae NCTC 8468";30;0;0;0;0;0;0;0;0;0;0;0;0;0;0;0;0;0;0;0;0;1;3;23;45;124;144;119;64;22;7;3;1;0;0;0;0;0;0;0;0;0;0;0;0;0;6;556;"28";"28 - 28"
"Tetracycline";"Kingella kingae";30;0;0;0;0;0;0;0;0;0;0;0;0;0;1;1;4;4;1;1;1;0;0;1;7;14;12;8;17;14;17;16;14;8;9;2;4;1;2;0;0;0;0;0;0;0;1;159;"-";"ID"
"Tetracycline";"Moraxella catarrhalis";30;0;0;0;0;0;0;0;0;1;0;0;0;0;0;0;0;0;0;0;0;1;3;23;59;119;177;237;199;150;115;49;26;14;8;8;4;1;2;1;0;0;0;0;0;0;12;1197;"26";"26 - 27"
"Tetracycline";"Pasteurella multocida";30;0;0;0;0;0;0;2;0;1;0;0;0;1;0;1;0;0;0;12;20;37;57;77;69;78;58;34;14;13;5;1;2;0;1;0;0;0;0;0;0;0;0;0;0;0;8;483;"22";"21 - 23"
"Tetracycline";"Salmonella enterica";30;49;0;0;0;1;0;0;0;0;1;1;1;5;14;24;36;60;35;37;25;9;5;1;0;0;0;0;0;0;0;0;0;0;0;0;0;0;0;0;0;0;0;0;0;0;5;304;"15";"16 - 20"
"Tetracycline";"Salmonella spp";30;18;0;0;0;1;0;0;0;0;1;1;0;3;9;9;7;15;10;9;3;1;0;0;0;0;0;0;0;0;0;0;0;0;0;0;0;0;0;0;0;0;0;0;0;0;1;87;"-";"ID"
"Tetracycline";"Staphylococcus aureus";30;93;8;51;48;62;29;46;22;23;11;10;2;3;3;2;0;1;12;40;120;312;564;641;483;350;207;130;95;55;33;14;12;2;2;0;1;1;0;0;0;0;0;0;0;0;6;3488;"20";"21 - 22"
"Tetracycline";"Staphylococcus aureus ATCC 29213";30;0;0;0;0;0;0;0;0;0;0;0;0;0;0;0;0;0;2;7;17;26;24;16;5;4;0;0;0;0;0;0;0;0;0;0;0;0;0;0;0;0;0;0;0;0;3;101;"(24)";"22 - 24"
"Tetracycline";"Streptococcus dysgalactiae";30;57;4;37;105;238;296;297;215;119;109;96;202;237;216;101;69;81;333;548;824;1048;922;655;409;202;88;36;17;3;2;1;0;1;0;0;0;0;0;0;0;1;0;0;0;0;10;7569;"20";"20 - 20"
"Tetracycline";"Streptococcus pneumoniae";30;16;2;20;41;117;193;243;187;184;146;103;68;49;38;26;27;22;16;38;204;261;379;545;679;1011;934;934;727;471;331;172;95;45;23;16;2;1;0;1;0;1;0;1;0;0;14;8369;"23";"22 - 24"
"Tetracycline";"Streptococcus pneumoniae ATCC 49619";30;0;0;0;0;0;0;0;0;0;0;0;0;0;0;0;0;0;0;0;4;6;23;535;914;1184;1061;763;493;199;31;4;1;1;0;0;0;0;0;0;0;0;0;0;0;0;29;5219;"26";"27 - 27"
"Tetracycline";"Streptococcus pyogenes";30;54;15;28;49;116;112;119;106;89;53;25;17;16;12;10;7;16;129;236;450;666;929;1176;1036;916;590;401;251;128;61;38;19;3;3;0;0;1;0;0;0;0;0;0;0;0;13;7877;"21";"21 - 21"
"Tetracycline";"Streptococcus pyogenes CCUG 25571";30;0;0;0;0;0;0;0;0;0;0;0;0;0;0;0;0;0;0;2;4;27;34;75;63;42;24;13;4;2;0;0;0;0;0;0;0;0;0;0;0;0;0;0;0;0;2;290;"-";"ID"
"Tetracycline";"Vibrio alginolyticus";30;0;0;0;0;0;0;0;0;0;0;0;0;0;0;0;0;2;10;40;45;21;19;11;2;5;2;0;1;0;0;0;0;0;0;0;0;0;0;0;0;0;0;0;0;0;2;158;"-";"ID"
"Tetracycline";"Vibrio cholerae";30;0;0;0;0;2;1;2;3;2;0;0;2;1;1;0;2;0;3;8;24;41;44;13;11;5;2;3;3;0;1;0;0;0;0;0;0;0;0;0;0;0;0;0;0;0;2;174;"-";"ID"
"Tetracycline";"Vibrio fluvialis";30;2;0;0;0;0;0;0;0;0;0;0;1;3;1;4;9;26;31;15;11;3;0;0;0;0;0;0;0;0;0;0;0;0;0;0;0;0;0;0;0;0;0;0;0;0;2;106;"-";"ID"
"Tetracycline";"Vibrio parahaemolyticus";30;0;0;0;0;0;0;0;0;0;0;0;0;0;0;0;3;17;37;42;28;19;5;2;1;0;0;0;0;0;0;0;0;0;0;0;0;0;0;0;0;0;0;0;0;0;2;154;"-";"ID"
"Tetracycline";"Vibrio vulnificus";30;0;0;0;0;0;0;0;0;0;0;0;0;0;0;0;0;0;1;2;4;25;35;21;27;22;7;4;2;0;0;0;0;0;0;0;0;0;0;0;0;0;0;0;0;0;2;150;"-";"ID"
"Tetracycline";"Yersinia enterocolitica";30;5;0;0;0;0;0;0;0;0;0;0;0;0;1;2;2;3;13;10;19;28;35;28;20;11;0;1;0;0;0;0;0;0;0;0;0;0;0;0;0;0;0;0;0;0;2;178;"-";"ID"
"Ticarcillin";"Escherichia coli";75;101;0;0;0;0;0;0;0;0;0;0;0;1;0;0;1;2;3;10;23;38;46;47;36;21;14;6;2;0;0;0;0;0;0;0;0;0;0;0;0;0;0;0;0;0;1;351;"-";"ID"
"Ticarcillin";"Escherichia coli ATCC 25922";75;0;0;0;0;0;0;0;0;0;0;0;0;0;0;0;0;0;0;10;15;19;9;1;0;0;0;0;0;0;0;0;0;0;0;0;0;0;0;0;0;0;0;0;0;0;2;54;"-";"ID"
"Ticarcillin";"Proteus mirabilis";75;4;0;0;0;0;0;0;0;0;0;0;0;0;1;0;1;0;1;0;0;0;1;6;9;11;14;19;10;3;2;0;0;0;0;0;0;0;0;0;0;0;0;0;0;0;1;82;"-";"ID"
"Ticarcillin";"Pseudomonas aeruginosa ATCC 27853";75;0;0;0;0;0;0;0;0;0;0;0;0;0;0;0;0;0;9;26;15;8;1;0;0;0;0;0;0;0;0;0;0;0;0;0;0;0;0;0;0;0;0;0;0;0;2;59;"-";"ID"
"Ticarcillin-clavulanic acid";"Escherichia coli";85;1;0;0;0;1;1;1;0;2;6;7;8;8;14;16;17;13;18;27;43;60;55;42;28;15;5;5;2;0;0;0;0;0;0;0;0;0;0;0;0;0;0;0;0;0;1;395;"-";"ID"
"Ticarcillin-clavulanic acid";"Escherichia coli ATCC 25922";85;0;0;0;0;0;0;0;0;0;0;0;0;0;5;7;0;0;5;13;18;27;13;3;0;0;0;0;0;0;0;0;0;0;0;0;0;0;0;0;0;0;0;0;0;0;4;91;"(23)";"20 - 24"
"Ticarcillin-clavulanic acid";"Klebsiella oxytoca";85;1;0;0;0;0;0;0;0;1;1;0;0;0;0;0;2;5;4;5;17;7;3;3;1;1;0;1;1;0;0;0;0;0;0;0;0;0;0;0;0;0;0;0;0;0;1;53;"-";"ID"
"Ticarcillin-clavulanic acid";"Klebsiella pneumoniae";85;1;0;0;0;0;0;1;0;1;0;0;1;1;3;4;2;14;24;23;18;6;5;3;2;1;0;0;0;0;0;0;0;0;0;0;0;0;0;0;0;0;0;0;0;0;1;110;"-";"ID"
"Ticarcillin-clavulanic acid";"Proteus mirabilis";85;0;0;0;0;0;0;0;0;0;0;0;0;0;0;0;0;0;0;2;1;2;2;3;12;12;19;11;8;3;0;0;0;0;0;0;0;0;0;0;0;0;0;0;0;0;1;75;"-";"ID"
"Ticarcillin-clavulanic acid";"Pseudomonas aeruginosa";85;9;0;0;2;2;2;1;0;5;3;0;6;8;16;28;32;26;22;15;8;4;1;0;3;1;0;2;1;0;1;0;3;0;0;1;1;0;0;0;0;0;0;0;0;0;2;203;"-";"ID"
"Ticarcillin-clavulanic acid";"Pseudomonas aeruginosa ATCC 27853";85;0;0;0;0;0;0;0;0;0;0;0;0;0;0;3;13;30;36;19;9;0;0;0;0;0;0;0;0;0;0;0;0;0;0;0;0;0;0;0;0;0;0;0;0;0;4;110;"(20)";"20 - 21"
"Tigecycline";"Enterococcus faecalis";15;0;0;0;0;0;0;0;0;0;0;0;1;3;14;27;62;106;128;90;79;35;15;6;3;1;1;0;0;0;0;0;0;0;0;0;0;0;0;0;0;0;0;0;0;0;7;571;"17";"17 - 19"
"Tigecycline";"Enterococcus faecalis ATCC 29212";15;0;0;0;0;0;0;0;0;0;0;0;0;0;1;14;20;28;39;29;2;0;0;0;0;0;0;0;0;0;0;0;0;0;0;0;0;0;0;0;0;0;0;0;0;0;5;133;"20";"20 - 21"
"Tigecycline";"Enterococcus faecium";15;0;0;0;0;0;0;0;0;0;1;0;2;1;5;4;12;23;47;46;37;35;25;4;6;2;0;0;0;0;0;0;0;0;0;0;0;0;0;0;0;0;0;0;0;0;4;250;"(18)";"15 - 22"
"Tigecycline";"Escherichia coli";15;0;0;0;0;0;0;0;0;0;0;5;4;7;24;75;89;138;105;106;65;15;2;0;0;0;0;0;0;0;0;0;0;0;0;0;0;0;0;0;0;0;0;0;0;0;6;635;"17";"16 - 19"
"Tigecycline";"Escherichia coli ATCC 25922";15;0;0;0;0;0;0;0;0;0;0;0;0;0;0;4;9;13;11;19;8;5;0;0;0;0;0;0;0;0;0;0;0;0;0;0;0;0;0;0;0;0;0;0;0;0;2;69;"((20))";"ID"
"Tigecycline";"Haemophilus influenzae";15;0;0;0;0;0;0;0;0;0;0;0;0;0;0;0;0;1;1;1;10;4;12;7;6;5;2;1;0;0;0;0;0;0;0;0;0;0;0;0;0;0;0;0;0;0;1;50;"-";"ID"
"Tigecycline";"Klebsiella oxytoca";15;0;0;0;0;0;0;0;1;0;2;0;6;3;8;19;21;7;3;1;0;0;0;0;0;0;0;0;0;0;0;0;0;0;0;0;0;0;0;0;0;0;0;0;0;0;1;71;"-";"ID"
"Tigecycline";"Klebsiella pneumoniae";15;0;0;0;0;0;0;0;2;2;5;5;18;23;30;32;7;6;5;1;1;0;0;2;0;0;0;0;0;0;0;0;0;0;0;0;0;0;0;0;0;0;0;0;0;0;1;139;"-";"ID"
"Tigecycline";"Plesiomonas shigelloides";15;0;0;0;0;0;0;0;0;0;1;0;0;0;0;0;0;7;17;17;9;9;1;0;0;0;0;0;0;0;0;0;0;0;0;0;0;0;0;0;0;0;0;0;0;0;1;61;"-";"ID"
"Tigecycline";"Proteus mirabilis";15;5;0;0;2;0;1;6;1;3;9;5;12;12;20;21;5;3;2;0;0;0;0;0;0;0;0;0;0;0;0;0;0;0;0;0;0;0;0;0;0;0;0;0;0;0;1;107;"-";"ID"
"Tigecycline";"Salmonella enterica";15;1;0;0;0;0;3;3;6;15;25;39;87;434;744;1581;2354;3061;3301;3321;2220;875;211;62;10;11;2;8;7;4;1;0;0;0;0;0;0;0;0;0;0;0;0;0;0;0;16;18386;"17";"17 - 19"
"Tigecycline";"Staphylococcus aureus";15;0;0;0;0;0;0;0;2;0;0;1;3;13;55;128;198;198;166;85;55;20;11;2;0;1;1;0;0;0;0;0;0;0;0;0;0;0;0;0;0;0;0;0;0;0;5;939;"16";"15 - 18"
"Tigecycline";"Staphylococcus aureus ATCC 29213";15;0;0;0;0;0;0;0;0;0;0;0;0;0;5;13;8;23;20;5;2;1;0;0;0;0;0;0;0;0;0;0;0;0;0;0;0;0;0;0;0;0;0;0;0;0;2;77;"-";"ID"
"Tigecycline";"Staphylococcus epidermidis";15;0;0;0;0;0;0;0;0;0;0;0;0;0;1;0;2;4;7;12;9;8;13;6;4;3;0;0;0;0;0;0;0;0;0;0;0;0;0;0;0;0;0;0;0;0;1;69;"-";"ID"
"Tigecycline";"Streptococcus agalactiae";15;0;0;0;0;0;0;0;0;0;0;0;0;0;4;12;15;23;12;13;8;4;2;0;0;0;0;0;0;0;0;0;0;0;0;0;0;0;0;0;0;0;0;0;0;0;1;93;"-";"ID"
"Tigecycline";"Streptococcus mitis";15;0;0;0;0;0;0;0;0;0;0;0;0;0;0;1;0;1;7;16;13;4;4;1;2;1;0;0;0;0;0;0;0;0;0;0;0;0;0;0;0;0;0;0;0;0;1;50;"-";"ID"
"Tigecycline";"Streptococcus pneumoniae";15;0;0;0;0;0;0;0;0;0;0;0;0;0;0;4;2;8;36;36;41;38;30;22;5;5;0;0;1;0;0;0;0;0;0;0;0;0;0;0;0;0;0;0;0;0;2;228;"-";"ID"
"Tigecycline";"Streptococcus pneumoniae ATCC 49619";15;0;0;0;0;0;0;0;0;0;0;0;0;0;0;0;0;0;2;14;18;15;14;14;3;1;0;0;0;0;0;0;0;0;0;0;0;0;0;0;0;0;0;0;0;0;3;81;"(22)";"21 - 23"
"Tigecycline";"Streptococcus pyogenes";15;0;0;0;0;0;0;0;0;0;0;0;0;0;0;0;0;2;3;5;12;9;9;4;7;9;0;1;0;0;0;0;0;0;0;0;0;0;0;0;0;0;0;0;0;0;1;61;"-";"ID"
"Tobramycin";"Acinetobacter baumannii";10;79;4;3;7;11;4;3;4;5;5;7;1;4;9;29;45;39;37;15;17;3;2;4;2;0;0;0;0;1;0;0;0;0;0;0;0;0;0;0;0;0;0;0;0;0;10;340;"17";"14 - 18"
"Tobramycin";"Aeromonas hydrophila";10;0;0;0;0;0;0;0;0;0;0;9;7;11;9;7;9;2;1;0;0;0;0;0;0;0;0;0;0;0;0;0;0;0;0;0;0;0;0;0;0;0;0;0;0;0;1;55;"-";"ID"
"Tobramycin";"Bacillus cereus";10;0;0;0;0;0;0;0;0;1;1;1;3;17;42;49;50;23;12;11;3;3;1;0;1;0;0;0;0;0;0;0;0;0;0;0;0;0;0;0;0;0;0;0;0;0;1;218;"-";"ID"
"Tobramycin";"Citrobacter freundii";10;9;2;0;4;5;3;5;3;5;5;16;61;141;137;181;197;171;141;71;16;13;1;1;0;0;0;0;0;0;0;0;0;0;0;0;0;0;0;0;0;0;0;0;0;0;11;1188;"14";"13 - 15"
"Tobramycin";"Citrobacter koseri";10;0;0;0;0;0;1;0;0;0;1;5;9;18;77;133;118;173;247;175;90;36;9;1;4;1;0;1;0;0;0;0;0;0;0;0;0;0;0;0;0;0;0;0;0;0;10;1099;"17";"17 - 18"
"Tobramycin";"Enterobacter cloacae";10;16;1;5;2;5;5;7;5;5;7;22;107;281;350;481;571;451;230;120;28;21;12;8;1;0;1;0;0;0;0;0;0;0;0;0;0;0;0;0;0;0;0;0;0;0;12;2742;"15";"15 - 16"
"Tobramycin";"Escherichia coli";10;903;55;197;379;474;434;436;498;589;606;837;2419;6274;10235;12718;14021;14093;10165;4490;1537;453;160;74;40;16;6;5;2;3;1;2;0;0;0;0;0;0;0;0;0;0;0;0;0;0;18;82122;"15";"15 - 15"
"Tobramycin";"Escherichia coli ATCC 25922";10;0;0;0;0;0;0;0;0;1;0;2;9;257;612;737;736;931;839;595;223;32;1;0;0;0;0;0;0;0;0;0;0;0;0;0;0;0;0;0;0;0;0;0;0;0;27;4975;"18";"17 - 18"
"Tobramycin";"Klebsiella aerogenes";10;0;1;1;0;0;1;0;0;3;0;13;53;138;161;207;191;194;86;39;12;5;4;4;0;0;0;0;0;0;0;0;0;0;0;0;0;0;0;0;0;0;0;0;0;0;10;1113;"14";"14 - 15"
"Tobramycin";"Klebsiella oxytoca";10;10;2;1;0;1;2;3;0;6;7;20;129;322;466;589;669;700;418;209;67;22;8;5;2;0;0;0;0;0;1;0;0;0;0;0;0;0;0;0;0;0;0;0;0;0;12;3659;"15";"15 - 16"
"Tobramycin";"Klebsiella pneumoniae";10;146;16;47;58;72;74;58;72;46;47;84;373;935;1195;1510;1679;1401;845;364;142;57;31;17;14;7;4;2;2;2;1;1;0;0;0;0;0;0;0;0;0;0;0;0;0;0;13;9302;"15";"14 - 15"
"Tobramycin";"Morganella morganii";10;0;0;0;0;2;2;3;2;1;2;4;2;12;20;60;75;89;88;68;36;14;4;3;1;0;0;0;1;0;0;0;0;0;0;0;0;0;0;0;0;0;0;0;0;0;7;489;"17";"16 - 18"
"Tobramycin";"Plesiomonas shigelloides";10;0;0;0;0;0;0;0;0;7;15;21;11;5;1;0;0;0;0;1;0;0;0;0;0;0;0;0;0;0;0;0;0;0;0;0;0;0;0;0;0;0;0;0;0;0;1;61;"-";"ID"
"Tobramycin";"Proteus mirabilis";10;30;1;2;7;12;6;8;14;23;25;34;56;120;259;574;765;858;1002;713;364;98;20;6;3;3;1;1;1;0;0;0;0;0;0;0;0;0;0;0;0;0;0;0;0;0;11;5006;"17";"17 - 17"
"Tobramycin";"Proteus vulgaris";10;0;0;0;0;0;0;0;0;0;0;0;1;2;5;7;8;20;15;24;14;5;1;0;1;0;0;0;0;0;1;0;0;0;0;0;0;0;0;0;0;0;0;0;0;0;2;104;"-";"ID"
"Tobramycin";"Pseudomonas aeruginosa";10;178;3;2;7;12;6;18;10;13;16;39;55;123;264;616;1008;1479;1751;1657;1291;882;449;196;108;72;36;34;15;17;5;10;1;6;0;3;0;1;1;0;0;1;0;0;0;0;14;10385;"16";"16 - 17"
"Tobramycin";"Pseudomonas aeruginosa ATCC 27853";10;0;0;0;0;0;0;0;0;0;0;0;0;0;3;31;230;547;950;1160;1205;481;11;0;0;0;0;0;0;0;0;0;0;0;0;0;0;0;0;0;0;0;0;0;0;0;25;4618;"21";"21 - 21"
"Tobramycin";"Serratia marcescens";10;3;0;0;0;1;5;6;5;16;42;76;145;169;156;176;90;50;15;13;4;0;3;2;0;0;0;0;0;0;0;0;0;0;0;0;0;0;0;0;0;0;0;0;0;0;10;977;"12";"12 - 13"
"Tobramycin";"Staphylococcus aureus";10;284;11;28;83;104;98;81;76;45;44;39;29;69;236;812;1861;3343;4206;3924;2666;1261;491;155;62;32;18;5;6;3;1;2;0;0;1;0;0;0;0;0;0;0;0;0;0;0;17;20076;"18";"18 - 19"
"Tobramycin";"Staphylococcus aureus ATCC 29213";10;0;0;0;0;0;0;0;0;0;0;0;0;1;22;178;514;854;1241;1282;870;238;10;0;0;0;0;0;0;0;0;0;0;0;0;0;0;0;0;0;0;0;0;0;0;0;28;5210;"20";"20 - 21"
"Tobramycin";"Staphylococcus capitis";10;13;2;6;9;17;24;31;14;8;9;1;0;1;2;1;1;6;4;8;8;31;29;42;66;79;56;57;41;28;20;16;7;2;0;1;0;0;0;0;0;0;0;0;0;0;4;640;"(22)";"ID"
"Tobramycin";"Staphylococcus cohnii";10;0;0;0;0;1;3;0;0;0;2;2;1;1;0;0;0;0;1;0;2;2;9;14;10;12;5;3;4;0;1;0;0;0;0;0;0;0;0;0;0;0;0;0;0;0;1;73;"-";"ID"
"Tobramycin";"Staphylococcus epidermidis";10;359;21;55;95;117;96;68;49;58;42;53;52;34;38;40;17;16;22;63;118;197;223;224;235;183;114;84;46;22;9;8;5;2;4;5;1;1;0;1;0;0;0;0;0;0;9;2777;"20";"19 - 21"
"Tobramycin";"Staphylococcus hominis";10;1;0;2;2;0;0;0;0;0;0;0;0;0;0;1;1;1;2;1;1;2;7;6;3;4;9;5;0;1;2;1;1;0;0;0;0;0;0;0;1;0;0;0;0;0;1;54;"-";"ID"
"Tobramycin";"Staphylococcus lugdunensis";10;0;0;0;0;0;0;0;0;0;1;0;0;0;0;0;0;1;0;0;4;11;9;18;12;20;12;10;11;6;1;1;1;1;1;0;0;0;0;0;0;0;0;0;0;0;2;120;"-";"ID"
"Tobramycin";"Staphylococcus warneri";10;0;0;0;0;0;1;3;6;8;6;4;1;3;0;0;0;1;2;9;12;16;11;10;8;5;0;2;0;0;0;0;0;0;0;0;0;0;0;0;0;0;0;0;0;0;1;108;"-";"ID"
"Trimethoprim";"Citrobacter freundii";5;119;0;0;0;0;0;0;1;3;0;0;3;5;9;16;21;28;61;102;158;232;243;175;88;44;23;4;2;2;0;0;0;0;0;0;0;0;0;0;0;0;0;0;0;0;13;1339;"21";"20 - 21"
"Trimethoprim";"Citrobacter koseri";5;13;0;1;0;0;0;0;0;1;1;2;3;8;4;12;16;25;50;84;140;177;260;186;120;55;13;7;1;1;1;0;0;0;0;0;0;0;0;0;0;0;0;0;0;0;10;1181;"22";"21 - 22"
"Trimethoprim";"Enterobacter cloacae";5;123;1;0;0;1;2;6;12;12;14;29;36;44;56;86;104;164;273;365;373;300;198;67;43;16;7;6;1;0;0;0;1;1;0;0;0;0;0;0;0;0;0;0;0;0;13;2341;"19";"18 - 19"
"Trimethoprim";"Enterococcus faecalis";5;5011;2;1;1;5;4;12;10;23;20;32;40;33;43;76;128;179;316;553;923;1379;1874;2258;2189;2153;1530;928;509;255;122;90;27;26;12;17;4;7;0;4;0;2;0;0;0;0;15;20798;"21";"21 - 22"
"Trimethoprim";"Enterococcus faecalis ATCC 29212";5;0;0;0;0;0;0;0;0;0;0;0;0;0;0;0;1;5;7;56;154;316;712;1132;1131;914;358;157;8;1;0;0;0;0;0;0;0;0;0;0;0;0;0;0;0;0;27;4952;"25";"25 - 26"
"Trimethoprim";"Escherichia coli";5;18624;8;16;5;18;21;41;31;51;40;61;70;117;176;365;636;1529;3505;6809;11149;15130;15947;13469;9000;5766;2496;1298;537;258;137;90;29;27;7;11;0;3;0;3;0;2;0;1;0;0;16;107483;"20";"20 - 20"
"Trimethoprim";"Escherichia coli ATCC 25922";5;0;0;0;0;0;0;0;0;0;0;0;0;0;0;0;21;99;457;1081;1611;1270;548;127;2;2;0;0;0;0;0;0;0;0;0;0;0;0;0;0;0;0;0;0;0;0;28;5218;"22";"22 - 23"
"Trimethoprim";"Klebsiella aerogenes";5;22;0;0;2;0;3;1;4;8;10;13;16;11;18;21;49;66;125;176;185;161;95;38;26;9;1;8;1;1;1;0;0;0;0;0;0;0;0;0;0;0;0;0;0;0;10;1071;"18";"18 - 20"
"Trimethoprim";"Klebsiella oxytoca";5;104;0;1;3;2;3;2;6;4;8;12;10;20;23;42;47;100;181;349;530;774;797;481;243;101;20;7;2;2;0;0;0;0;1;0;0;0;0;0;0;0;0;0;0;0;13;3875;"21";"21 - 21"
"Trimethoprim";"Klebsiella pneumoniae";5;1404;8;21;30;45;31;48;42;64;76;76;82;128;171;286;426;779;1306;1574;1559;1096;625;304;123;63;25;13;8;3;1;3;0;0;0;0;0;0;0;0;0;0;0;0;0;0;13;10420;"18";"18 - 19"
"Trimethoprim";"Morganella morganii";5;36;0;0;0;0;3;4;3;9;8;14;26;26;19;25;12;13;7;3;2;2;0;2;0;0;0;0;0;1;0;0;0;0;0;0;0;0;0;0;0;0;0;0;0;0;3;215;"(7)";"7 - 12"
"Trimethoprim";"Proteus mirabilis";5;1583;0;3;9;17;22;35;44;94;99;150;195;326;348;492;604;611;471;315;176;71;38;31;27;22;9;7;2;0;0;2;0;0;0;0;0;0;0;0;0;0;0;0;0;0;11;5803;"14";"13 - 15"
"Trimethoprim";"Proteus vulgaris";5;12;0;0;0;0;0;1;0;1;1;0;2;6;2;4;7;5;2;4;3;2;0;0;0;0;0;0;0;0;0;0;0;0;0;0;0;0;0;0;0;0;0;0;0;0;1;52;"-";"ID"
"Trimethoprim";"Salmonella enterica";5;1912;20;9;7;3;2;1;2;6;5;9;10;21;21;31;47;109;147;314;693;1444;2627;3972;4876;5866;5360;4473;2872;1648;1133;381;178;113;50;31;11;5;0;0;2;2;0;0;1;0;30;38414;"22";"24 - 25"
"Trimethoprim";"Serratia marcescens";5;56;0;0;2;3;1;3;5;4;13;3;7;9;19;36;38;56;59;48;39;18;6;4;1;2;0;0;0;0;0;0;0;0;0;0;0;0;0;0;0;0;0;0;0;0;7;432;"15";"15 - 17"
"Trimethoprim";"Staphylococcus aureus";5;76;0;1;2;2;1;4;0;1;4;1;1;6;3;17;26;63;132;199;217;214;153;66;32;10;3;1;2;0;1;0;0;0;0;0;0;0;0;0;0;0;0;0;0;0;6;1238;"20";"18 - 20"
"Trimethoprim";"Staphylococcus aureus ATCC 29213";5;0;0;0;0;0;0;0;0;0;0;0;0;0;0;0;0;3;17;22;19;11;5;0;0;0;0;0;0;0;0;0;0;0;0;0;0;0;0;0;0;0;0;0;0;0;2;77;"-";"ID"
"Trimethoprim";"Staphylococcus epidermidis";5;31;0;0;0;0;0;0;0;0;0;0;0;0;0;0;0;0;0;0;0;1;0;2;4;7;4;5;4;6;3;0;1;1;0;0;0;0;0;0;0;0;0;0;0;0;1;69;"-";"ID"
"Trimethoprim";"Staphylococcus saprophyticus";5;64;1;0;0;1;0;1;0;0;2;0;0;2;5;5;8;16;24;58;138;241;444;624;731;743;476;257;125;46;20;13;2;2;2;2;0;0;0;1;0;0;0;1;0;0;13;4055;"24";"23 - 24"
"Trimethoprim";"Streptococcus agalactiae";5;68;0;0;2;1;6;7;19;34;36;62;70;79;77;47;37;20;10;2;2;1;2;0;0;0;0;0;0;0;0;0;0;0;0;0;0;0;0;0;0;0;0;0;0;0;2;582;"-";"ID"
"Trimethoprim-sulfamethoxazole";"Acinetobacter baumannii";25;184;0;2;1;3;2;1;1;3;5;5;9;8;5;12;16;18;10;17;25;13;12;3;2;2;1;0;0;0;0;0;0;0;0;0;0;0;0;0;0;0;0;0;0;0;11;360;"17";""
"Trimethoprim-sulfamethoxazole";"Aeromonas hydrophila";25;5;0;0;1;0;0;0;2;1;1;2;2;2;1;2;2;5;13;7;4;5;0;0;0;0;0;0;0;0;0;0;0;0;0;0;0;0;0;0;0;0;0;0;0;0;1;55;"-";"ID"
"Trimethoprim-sulfamethoxazole";"Burkholderia pseudomallei";25;16;0;0;0;0;0;0;0;1;0;0;1;4;0;4;0;3;3;4;16;10;12;22;7;28;5;24;28;30;23;6;2;0;0;1;0;0;0;0;0;0;0;0;0;0;4;250;"(27)";"19 - 29"
"Trimethoprim-sulfamethoxazole";"Citrobacter freundii";25;9;0;0;0;0;0;0;0;0;0;0;0;0;0;0;0;0;3;0;4;9;9;11;9;3;0;0;0;0;0;0;0;1;0;0;0;0;0;0;0;0;0;0;0;0;1;58;"-";"ID"
"Trimethoprim-sulfamethoxazole";"Corynebacterium diphtheriae";25;11;0;1;0;0;0;1;3;1;3;0;2;0;1;1;0;1;2;7;12;12;7;16;8;5;4;0;1;0;0;0;0;0;0;0;0;0;0;0;0;0;0;0;0;0;1;99;"-";"ID"
"Trimethoprim-sulfamethoxazole";"Corynebacterium ulcerans";25;0;0;0;0;0;0;0;0;0;0;0;0;0;0;0;0;0;0;3;2;12;26;41;53;37;17;4;2;3;0;0;0;0;0;0;0;0;0;0;0;0;0;0;0;0;2;200;"-";"ID"
"Trimethoprim-sulfamethoxazole";"Enterobacter cloacae";25;55;0;1;1;2;0;1;0;1;5;3;7;13;11;25;30;45;87;126;172;195;170;120;42;23;9;4;0;0;2;0;0;0;0;0;0;0;0;0;0;0;0;0;0;0;12;1150;"20";"19 - 20"
"Trimethoprim-sulfamethoxazole";"Enterococcus faecalis";25;82;0;0;0;0;0;0;0;0;0;0;0;0;1;0;3;2;3;5;4;8;9;15;15;23;16;9;9;6;1;1;0;0;0;0;0;0;0;0;0;0;0;0;0;0;2;212;"-";"ID"
"Trimethoprim-sulfamethoxazole";"Enterococcus faecalis ATCC 29212";25;0;0;0;0;0;0;0;0;0;0;0;0;0;0;0;0;0;0;0;1;3;3;23;30;17;20;3;2;0;0;0;0;0;0;0;0;0;0;0;0;0;0;0;0;0;3;102;"(26)";"25 - 27"
"Trimethoprim-sulfamethoxazole";"Escherichia coli";25;3353;2;5;4;22;8;18;14;38;28;40;38;47;72;109;141;147;210;302;586;1019;1385;1362;1022;590;231;112;28;18;10;9;4;5;2;1;2;0;0;0;0;0;0;0;0;0;15;10984;"22";"21 - 22"
"Trimethoprim-sulfamethoxazole";"Escherichia coli ATCC 25922";25;0;0;0;0;0;0;0;0;0;0;0;0;1;0;2;0;1;25;156;643;1391;1301;634;189;3;1;0;0;0;0;0;0;0;0;0;0;0;0;0;0;0;0;0;0;0;24;4347;"24";"24 - 24"
"Trimethoprim-sulfamethoxazole";"Haemophilus influenzae";25;2512;0;2;5;10;17;28;22;27;32;23;49;50;53;46;44;58;149;121;135;161;239;426;550;682;724;715;620;477;342;193;104;72;42;32;13;12;3;2;1;5;0;0;0;0;13;8798;"23";"22 - 23"
"Trimethoprim-sulfamethoxazole";"Haemophilus influenzae ATCC 49766";25;0;0;0;0;0;0;0;0;0;0;0;0;0;0;0;0;1;0;1;1;6;216;494;715;1022;942;717;440;181;59;4;2;0;0;0;0;0;0;0;0;0;0;0;0;0;28;4801;"26";"26 - 27"
"Trimethoprim-sulfamethoxazole";"Haemophilus influenzae NCTC 8468";25;0;0;0;0;0;0;1;0;1;0;0;0;2;0;0;3;5;9;17;26;46;88;65;49;70;62;69;37;20;2;0;0;0;0;0;0;0;0;0;0;0;0;0;0;0;7;572;"23";"22 - 25"
"Trimethoprim-sulfamethoxazole";"Klebsiella oxytoca";25;31;0;0;0;0;0;1;1;0;0;2;2;3;4;10;6;12;32;63;134;213;229;179;107;52;16;6;1;1;1;0;0;0;0;0;0;0;0;0;0;0;0;0;0;0;12;1106;"21";"21 - 22"
"Trimethoprim-sulfamethoxazole";"Klebsiella pneumoniae";25;621;1;3;1;4;8;9;4;17;14;15;18;33;31;61;75;157;226;295;333;247;160;89;37;15;6;7;3;3;0;0;1;0;0;0;0;0;0;0;0;0;0;0;0;0;13;2494;"18";"18 - 19"
"Trimethoprim-sulfamethoxazole";"Listeria monocytogenes";25;0;0;0;0;0;0;1;0;1;1;0;1;3;3;3;4;2;5;5;4;3;2;4;6;12;17;43;89;149;110;74;46;30;11;8;1;1;1;3;0;0;0;1;0;0;5;644;"28";"29 - 32"
"Trimethoprim-sulfamethoxazole";"Moraxella catarrhalis";25;5;0;0;0;0;0;1;1;5;2;5;2;7;5;20;26;20;40;43;48;41;47;38;20;17;9;2;4;8;2;2;2;0;0;0;0;0;0;1;0;0;0;0;0;0;4;423;"(15)";"15 - 17"
"Trimethoprim-sulfamethoxazole";"Pasteurella multocida";25;0;0;0;0;0;0;0;0;0;0;0;0;0;0;0;0;0;7;11;21;57;71;70;50;42;28;18;10;6;8;3;0;0;0;0;0;0;0;0;0;0;0;0;0;0;7;402;"19";"22 - 24"
"Trimethoprim-sulfamethoxazole";"Proteus mirabilis";25;218;0;1;0;0;3;3;2;6;3;4;9;5;9;11;18;28;59;82;126;149;139;72;33;19;11;7;3;3;1;0;1;0;0;0;0;0;0;0;0;0;0;0;0;0;12;1025;"20";"19 - 21"
"Trimethoprim-sulfamethoxazole";"Salmonella enterica";25;86;0;0;0;0;0;0;0;1;0;0;2;2;5;6;9;18;22;41;45;83;139;188;139;133;81;53;20;12;3;2;2;0;0;0;0;0;0;0;0;0;0;0;0;0;7;1092;"21";"22 - 23"
"Trimethoprim-sulfamethoxazole";"Salmonella spp";25;27;0;0;0;0;0;0;0;0;0;0;1;0;1;3;2;6;9;8;22;26;74;86;56;23;10;3;2;0;0;0;0;0;0;0;0;0;0;0;0;0;0;0;0;0;5;359;"23";"23 - 25"
"Trimethoprim-sulfamethoxazole";"Serratia marcescens";25;15;0;0;0;0;3;4;3;8;9;5;11;16;40;48;46;66;58;65;42;20;15;9;5;6;1;1;1;2;0;0;0;0;0;0;0;0;0;0;0;0;0;0;0;0;7;499;"15";"13 - 16"
"Trimethoprim-sulfamethoxazole";"Staphylococcus aureus";25;163;1;2;4;15;16;31;54;56;47;59;109;106;114;147;142;122;154;243;419;910;1766;3064;3644;3721;2524;1675;785;303;142;46;21;9;2;2;2;2;0;1;0;0;0;0;0;0;16;20623;"23";"23 - 24"
"Trimethoprim-sulfamethoxazole";"Staphylococcus aureus ATCC 29213";25;0;0;0;0;0;0;0;0;0;0;0;0;0;0;0;0;0;2;7;27;336;643;908;962;1058;740;463;56;7;0;0;0;0;1;0;0;0;0;0;0;0;0;0;0;0;28;5210;"25";"25 - 26"
"Trimethoprim-sulfamethoxazole";"Staphylococcus capitis";25;7;0;0;0;0;0;0;0;0;0;0;0;0;0;2;2;2;2;5;5;7;9;19;17;40;54;77;85;66;91;74;34;15;12;10;0;3;0;1;0;2;0;0;0;0;4;641;"(26)";"ID"
"Trimethoprim-sulfamethoxazole";"Staphylococcus epidermidis";25;2309;4;9;16;21;15;24;34;23;23;15;19;12;8;14;15;19;35;35;70;119;173;213;222;189;158;107;110;82;74;48;32;23;17;4;1;0;0;0;0;0;1;0;0;0;13;4293;"IE";""
"Trimethoprim-sulfamethoxazole";"Staphylococcus hominis";25;180;2;3;3;8;0;1;0;0;2;1;2;8;8;11;15;23;29;36;26;28;36;41;59;88;71;58;39;26;18;9;2;4;0;0;1;0;1;0;0;0;0;0;0;0;3;839;"(23)";"ID"
"Trimethoprim-sulfamethoxazole";"Staphylococcus lugdunensis";25;0;0;0;0;0;0;0;0;0;0;0;1;1;0;0;0;0;0;2;9;23;28;52;43;50;29;25;16;9;8;3;4;1;0;0;0;0;0;0;0;0;0;0;0;0;4;304;"(20)";"20 - 22"
"Trimethoprim-sulfamethoxazole";"Stenotrophomonas maltophilia";25;126;0;0;2;2;2;2;6;8;4;23;23;39;27;64;66;80;95;77;111;84;78;76;59;86;66;61;52;40;32;24;6;5;1;0;1;0;0;0;0;0;0;0;0;0;20;1428;"16";""
"Trimethoprim-sulfamethoxazole";"Streptococcus agalactiae";25;1;0;0;0;0;0;0;0;0;0;0;0;1;0;1;2;6;4;15;13;12;19;13;3;1;0;0;0;0;0;0;0;0;0;0;0;0;0;0;0;0;0;0;0;0;1;91;"-";"ID"
"Trimethoprim-sulfamethoxazole";"Streptococcus dysgalactiae";25;0;0;0;0;0;0;0;0;0;0;0;0;0;1;5;3;10;31;33;27;13;8;6;2;0;0;0;0;0;0;0;0;0;0;0;0;0;0;0;0;0;0;0;0;0;1;139;"-";"ID"
"Trimethoprim-sulfamethoxazole";"Streptococcus pneumoniae";25;1235;12;16;17;26;41;38;70;58;78;54;73;128;193;429;531;851;908;805;679;527;328;197;112;85;34;29;8;6;5;2;1;2;0;0;0;0;0;0;0;0;0;0;0;0;12;7578;"15";"14 - 16"
"Trimethoprim-sulfamethoxazole";"Streptococcus pneumoniae ATCC 49619";25;0;0;0;0;1;1;2;1;0;1;1;0;84;296;719;934;1176;1077;613;227;82;1;1;0;0;0;0;0;0;0;0;0;0;0;0;0;0;0;0;0;0;0;0;0;0;30;5217;"18";"18 - 19"
"Trimethoprim-sulfamethoxazole";"Streptococcus pyogenes CCUG 25571";25;1;0;0;0;0;0;0;0;0;0;0;1;1;2;1;9;14;10;22;19;22;13;4;2;0;0;0;0;0;0;0;0;0;0;0;0;0;0;0;0;0;0;0;0;0;1;121;"-";"ID"
"Trimethoprim-sulfamethoxazole";"Vibrio alginolyticus";25;0;0;0;0;0;0;0;0;0;0;0;0;0;0;0;0;1;5;9;25;24;23;31;20;7;2;3;3;2;2;1;0;0;0;0;0;0;0;0;0;0;0;0;0;0;2;158;"-";"ID"
"Trimethoprim-sulfamethoxazole";"Vibrio cholerae";25;41;0;0;0;0;0;1;0;0;0;0;0;0;0;0;0;2;5;12;16;12;17;28;21;9;3;5;2;0;0;0;0;0;0;0;0;0;0;0;0;0;0;0;0;0;2;174;"-";"ID"
"Trimethoprim-sulfamethoxazole";"Vibrio fluvialis";25;25;0;0;1;0;0;0;0;0;0;0;0;0;2;1;0;0;1;9;15;19;15;11;5;0;2;0;0;0;0;0;0;0;0;0;0;0;0;0;0;0;0;0;0;0;2;106;"-";"ID"
"Trimethoprim-sulfamethoxazole";"Vibrio parahaemolyticus";25;2;0;0;0;0;0;0;0;0;0;0;0;0;0;1;7;4;12;26;32;28;21;14;4;3;0;0;0;0;0;0;0;0;0;0;0;0;0;0;0;0;0;0;0;0;2;154;"-";"ID"
"Trimethoprim-sulfamethoxazole";"Vibrio vulnificus";25;0;0;0;0;0;0;0;0;0;0;0;0;0;0;0;0;0;0;1;9;14;16;34;19;20;19;12;4;1;0;0;1;0;0;0;0;0;0;0;0;0;0;0;0;0;2;150;"-";"ID"
"Trimethoprim-sulfamethoxazole";"Yersinia enterocolitica";25;2;0;0;0;1;0;1;3;1;2;3;1;4;6;5;0;2;2;4;7;8;13;13;26;31;21;19;3;0;0;0;0;0;0;0;0;0;0;0;0;0;0;0;0;0;2;178;"-";"ID"
"Vancomycin";"Aerococcus urinae";5;0;0;0;0;0;0;0;0;0;0;0;0;0;6;23;17;16;8;7;3;0;0;0;0;1;0;0;0;0;0;0;0;0;0;0;0;0;0;0;0;0;0;0;0;0;1;81;"-";"ID"
"Vancomycin";"Bacillus anthracis";5;0;0;0;0;1;2;23;34;55;62;31;11;5;0;1;0;0;0;0;0;0;0;0;0;0;0;0;0;0;0;0;0;0;0;0;0;0;0;0;0;0;0;0;0;0;3;225;"(10)";"7 - 13"
"Vancomycin";"Bacillus cereus";5;0;0;0;0;2;6;14;43;73;62;15;3;0;0;0;0;0;0;0;0;0;0;0;0;0;0;0;0;0;0;0;0;0;0;0;0;0;0;0;0;0;0;0;0;0;1;218;"-";"ID"
"Vancomycin";"Clostridium perfringens";5;0;0;0;0;0;0;0;1;7;11;36;64;23;6;1;0;0;0;0;0;0;0;0;0;0;0;0;0;0;0;0;0;0;0;0;0;0;0;0;0;0;0;0;0;0;2;149;"-";"ID"
"Vancomycin";"Clostridium perfringens ATCC 13124";5;0;0;0;0;0;0;0;0;36;286;447;200;43;1;0;0;0;0;0;0;0;0;0;0;0;0;0;0;0;0;0;0;0;0;0;0;0;0;0;0;0;0;0;0;0;7;1013;"14";"14 - 14"
"Vancomycin";"Corynebacterium amycolatum";5;0;0;0;0;0;0;0;0;0;0;0;0;1;0;5;8;8;17;17;6;1;0;0;0;0;0;0;0;0;0;0;0;0;0;0;0;0;0;0;0;0;0;0;0;0;1;63;"-";"ID"
"Vancomycin";"Corynebacterium striatum";5;0;0;0;0;0;0;0;0;0;0;0;0;6;5;22;26;15;4;0;1;0;0;0;0;0;0;0;0;0;0;0;0;0;0;0;0;0;0;0;0;0;0;0;0;0;1;79;"-";"ID"
"Vancomycin";"Cutibacterium acnes";5;0;0;0;0;0;0;0;0;0;0;0;0;0;0;0;0;0;0;3;28;52;41;8;0;0;0;0;0;0;0;0;0;0;0;0;0;0;0;0;0;0;0;0;0;0;2;132;"-";"ID"
"Vancomycin";"Enterococcus faecalis";5;40;0;0;6;4;5;473;2548;7021;7805;3703;961;240;92;39;17;10;3;4;2;2;1;0;0;0;0;0;0;0;0;0;0;0;0;0;0;0;0;0;0;0;0;0;0;0;16;22976;"11";"11 - 11"
"Vancomycin";"Enterococcus faecalis ATCC 29212";5;0;0;0;0;0;6;212;1465;2140;303;10;0;0;0;0;0;0;0;0;0;0;0;0;0;0;0;0;0;0;0;0;0;0;0;0;0;0;0;0;0;0;0;0;0;0;23;4136;"12";"12 - 12"
"Vancomycin";"Enterococcus faecalis ATCC 51299";5;17;0;0;12;38;42;9;0;0;0;0;0;0;0;0;0;0;0;0;0;0;0;0;0;0;0;0;0;0;0;0;0;0;0;0;0;0;0;0;0;0;0;0;0;0;3;118;"(8)";"8 - 9"
"Vancomycin";"Enterococcus faecium";5;185;1;1;1;7;11;6;16;54;104;271;681;1153;854;350;103;36;13;9;1;0;4;3;0;0;0;0;0;0;0;0;0;0;0;0;0;0;0;0;0;0;1;0;0;0;17;3865;"14";"14 - 14"
"Vancomycin";"Streptococcus agalactiae";5;0;0;0;0;0;0;0;6;39;166;311;192;74;18;2;0;0;0;0;1;0;0;0;0;0;0;0;0;0;0;0;0;0;0;0;0;0;0;0;0;0;0;0;0;0;2;809;"-";"ID"
"Vancomycin";"Streptococcus pneumoniae";5;0;0;0;0;0;0;0;0;0;0;0;3;34;29;24;7;3;0;0;0;0;0;0;0;0;0;0;0;0;0;0;0;0;0;0;0;0;0;0;0;0;0;0;0;0;1;100;"-";"ID"
"Vancomycin";"Streptococcus pneumoniae ATCC 49619";5;0;0;0;0;0;0;0;0;0;0;0;0;3;21;26;14;3;1;0;0;0;0;0;0;0;0;0;0;0;0;0;0;0;0;0;0;0;0;0;0;0;0;0;0;0;2;68;"((17))";"ID"
